
C:\Tas_3\release\BUZ.elf:     file format elf32-avr

Sections:
Idx Name          Size      VMA       LMA       File off  Algn
  0 .text         0000170a  00000000  00000000  00000094  2**1
                  CONTENTS, ALLOC, LOAD, READONLY, CODE
  1 .data         00000024  00800060  0000170a  0000179e  2**0
                  CONTENTS, ALLOC, LOAD, DATA
  2 .bss          0000009c  00800084  00800084  000017c2  2**0
                  ALLOC
  3 .comment      0000005c  00000000  00000000  000017c2  2**0
                  CONTENTS, READONLY
  4 .note.gnu.avr.deviceinfo 0000003c  00000000  00000000  00001820  2**2
                  CONTENTS, READONLY, OCTETS
  5 .debug_info   000004e6  00000000  00000000  0000185c  2**0
                  CONTENTS, READONLY, DEBUGGING, OCTETS
  6 .debug_abbrev 000004a3  00000000  00000000  00001d42  2**0
                  CONTENTS, READONLY, DEBUGGING, OCTETS
  7 .debug_line   0000001d  00000000  00000000  000021e5  2**0
                  CONTENTS, READONLY, DEBUGGING, OCTETS
  8 .debug_str    00000196  00000000  00000000  00002202  2**0
                  CONTENTS, READONLY, DEBUGGING, OCTETS

Disassembly of section .text:

00000000 <__vectors>:
       0:	0c 94 2a 00 	jmp	0x54	; 0x54 <__ctors_end>
       4:	0c 94 bc 04 	jmp	0x978	; 0x978 <__vector_1>
       8:	0c 94 e5 04 	jmp	0x9ca	; 0x9ca <__vector_2>
       c:	0c 94 0e 05 	jmp	0xa1c	; 0xa1c <__vector_3>
      10:	0c 94 47 00 	jmp	0x8e	; 0x8e <__bad_interrupt>
      14:	0c 94 47 00 	jmp	0x8e	; 0x8e <__bad_interrupt>
      18:	0c 94 47 00 	jmp	0x8e	; 0x8e <__bad_interrupt>
      1c:	0c 94 47 00 	jmp	0x8e	; 0x8e <__bad_interrupt>
      20:	0c 94 47 00 	jmp	0x8e	; 0x8e <__bad_interrupt>
      24:	0c 94 47 00 	jmp	0x8e	; 0x8e <__bad_interrupt>
      28:	0c 94 eb 05 	jmp	0xbd6	; 0xbd6 <__vector_10>
      2c:	0c 94 12 06 	jmp	0xc24	; 0xc24 <__vector_11>
      30:	0c 94 47 00 	jmp	0x8e	; 0x8e <__bad_interrupt>
      34:	0c 94 aa 07 	jmp	0xf54	; 0xf54 <__vector_13>
      38:	0c 94 02 08 	jmp	0x1004	; 0x1004 <__vector_14>
      3c:	0c 94 d9 07 	jmp	0xfb2	; 0xfb2 <__vector_15>
      40:	0c 94 47 00 	jmp	0x8e	; 0x8e <__bad_interrupt>
      44:	0c 94 47 00 	jmp	0x8e	; 0x8e <__bad_interrupt>
      48:	0c 94 47 00 	jmp	0x8e	; 0x8e <__bad_interrupt>
      4c:	0c 94 47 00 	jmp	0x8e	; 0x8e <__bad_interrupt>
      50:	0c 94 47 00 	jmp	0x8e	; 0x8e <__bad_interrupt>

00000054 <__ctors_end>:
      54:	11 24       	eor	r1, r1
      56:	1f be       	out	0x3f, r1	; 63
      58:	cf e5       	ldi	r28, 0x5F	; 95
      5a:	d8 e0       	ldi	r29, 0x08	; 8
      5c:	de bf       	out	0x3e, r29	; 62
      5e:	cd bf       	out	0x3d, r28	; 61

00000060 <__do_copy_data>:
      60:	10 e0       	ldi	r17, 0x00	; 0

00000062 <.Loc.1>:
      62:	a0 e6       	ldi	r26, 0x60	; 96

00000064 <.Loc.2>:
      64:	b0 e0       	ldi	r27, 0x00	; 0

00000066 <.Loc.3>:
      66:	ea e0       	ldi	r30, 0x0A	; 10

00000068 <.Loc.4>:
      68:	f7 e1       	ldi	r31, 0x17	; 23

0000006a <.Loc.5>:
      6a:	02 c0       	rjmp	.+4      	; 0x70 <.L__do_copy_data_start>

0000006c <.L__do_copy_data_loop>:
      6c:	05 90       	lpm	r0, Z+

0000006e <.Loc.7>:
      6e:	0d 92       	st	X+, r0

00000070 <.L__do_copy_data_start>:
      70:	a4 38       	cpi	r26, 0x84	; 132

00000072 <.Loc.9>:
      72:	b1 07       	cpc	r27, r17

00000074 <.Loc.10>:
      74:	d9 f7       	brne	.-10     	; 0x6c <.L__do_copy_data_loop>

00000076 <__do_clear_bss>:
      76:	21 e0       	ldi	r18, 0x01	; 1

00000078 <.Loc.1>:
      78:	a4 e8       	ldi	r26, 0x84	; 132

0000007a <.Loc.2>:
      7a:	b0 e0       	ldi	r27, 0x00	; 0

0000007c <.Loc.3>:
      7c:	01 c0       	rjmp	.+2      	; 0x80 <.Loc.5>

0000007e <.Loc.4>:
      7e:	1d 92       	st	X+, r1

00000080 <.Loc.5>:
      80:	a0 32       	cpi	r26, 0x20	; 32

00000082 <.Loc.6>:
      82:	b2 07       	cpc	r27, r18

00000084 <.Loc.7>:
      84:	e1 f7       	brne	.-8      	; 0x7e <.Loc.4>

00000086 <L0^A>:
      86:	0e 94 2b 08 	call	0x1056	; 0x1056 <main>
      8a:	0c 94 7c 0b 	jmp	0x16f8	; 0x16f8 <_exit>

0000008e <__bad_interrupt>:
      8e:	0c 94 00 00 	jmp	0	; 0x0 <__vectors>

00000092 <DCM_Init>:
      92:	41 e0       	ldi	r20, 0x01	; 1
      94:	65 e0       	ldi	r22, 0x05	; 5
      96:	83 e0       	ldi	r24, 0x03	; 3
      98:	0e 94 2a 03 	call	0x654	; 0x654 <DIO_InitPin>
      9c:	41 e0       	ldi	r20, 0x01	; 1
      9e:	66 e0       	ldi	r22, 0x06	; 6
      a0:	83 e0       	ldi	r24, 0x03	; 3
      a2:	0e 94 2a 03 	call	0x654	; 0x654 <DIO_InitPin>
      a6:	40 e0       	ldi	r20, 0x00	; 0
      a8:	65 e0       	ldi	r22, 0x05	; 5
      aa:	83 e0       	ldi	r24, 0x03	; 3
      ac:	0e 94 78 03 	call	0x6f0	; 0x6f0 <DIO_WritePin>
      b0:	40 e0       	ldi	r20, 0x00	; 0
      b2:	66 e0       	ldi	r22, 0x06	; 6
      b4:	83 e0       	ldi	r24, 0x03	; 3
      b6:	0c 94 78 03 	jmp	0x6f0	; 0x6f0 <DIO_WritePin>

000000ba <DCM_OpenGate>:
      ba:	41 e0       	ldi	r20, 0x01	; 1
      bc:	65 e0       	ldi	r22, 0x05	; 5
      be:	83 e0       	ldi	r24, 0x03	; 3
      c0:	0e 94 78 03 	call	0x6f0	; 0x6f0 <DIO_WritePin>
      c4:	40 e0       	ldi	r20, 0x00	; 0
      c6:	66 e0       	ldi	r22, 0x06	; 6
      c8:	83 e0       	ldi	r24, 0x03	; 3
      ca:	0e 94 78 03 	call	0x6f0	; 0x6f0 <DIO_WritePin>
      ce:	2f ef       	ldi	r18, 0xFF	; 255
      d0:	82 e5       	ldi	r24, 0x52	; 82
      d2:	97 e0       	ldi	r25, 0x07	; 7

000000d4 <.L1^B1>:
      d4:	21 50       	subi	r18, 0x01	; 1
      d6:	80 40       	sbci	r24, 0x00	; 0
      d8:	90 40       	sbci	r25, 0x00	; 0
      da:	e1 f7       	brne	.-8      	; 0xd4 <.L1^B1>
      dc:	00 c0       	rjmp	.+0      	; 0xde <L0^A>

000000de <L0^A>:
      de:	00 00       	nop
      e0:	40 e0       	ldi	r20, 0x00	; 0
      e2:	65 e0       	ldi	r22, 0x05	; 5
      e4:	83 e0       	ldi	r24, 0x03	; 3
      e6:	0e 94 78 03 	call	0x6f0	; 0x6f0 <DIO_WritePin>
      ea:	40 e0       	ldi	r20, 0x00	; 0
      ec:	66 e0       	ldi	r22, 0x06	; 6
      ee:	83 e0       	ldi	r24, 0x03	; 3
      f0:	0c 94 78 03 	jmp	0x6f0	; 0x6f0 <DIO_WritePin>

000000f4 <DCM_CloseGate>:
      f4:	40 e0       	ldi	r20, 0x00	; 0
      f6:	65 e0       	ldi	r22, 0x05	; 5
      f8:	83 e0       	ldi	r24, 0x03	; 3
      fa:	0e 94 78 03 	call	0x6f0	; 0x6f0 <DIO_WritePin>
      fe:	41 e0       	ldi	r20, 0x01	; 1
     100:	66 e0       	ldi	r22, 0x06	; 6
     102:	83 e0       	ldi	r24, 0x03	; 3
     104:	0e 94 78 03 	call	0x6f0	; 0x6f0 <DIO_WritePin>
     108:	2f ef       	ldi	r18, 0xFF	; 255
     10a:	82 e5       	ldi	r24, 0x52	; 82
     10c:	97 e0       	ldi	r25, 0x07	; 7

0000010e <.L1^B2>:
     10e:	21 50       	subi	r18, 0x01	; 1
     110:	80 40       	sbci	r24, 0x00	; 0
     112:	90 40       	sbci	r25, 0x00	; 0
     114:	e1 f7       	brne	.-8      	; 0x10e <.L1^B2>
     116:	00 c0       	rjmp	.+0      	; 0x118 <L0^A>

00000118 <L0^A>:
     118:	00 00       	nop
     11a:	40 e0       	ldi	r20, 0x00	; 0
     11c:	65 e0       	ldi	r22, 0x05	; 5
     11e:	83 e0       	ldi	r24, 0x03	; 3
     120:	0e 94 78 03 	call	0x6f0	; 0x6f0 <DIO_WritePin>
     124:	40 e0       	ldi	r20, 0x00	; 0
     126:	66 e0       	ldi	r22, 0x06	; 6
     128:	83 e0       	ldi	r24, 0x03	; 3
     12a:	0c 94 78 03 	jmp	0x6f0	; 0x6f0 <DIO_WritePin>

0000012e <DCM_Stop>:
     12e:	40 e0       	ldi	r20, 0x00	; 0
     130:	65 e0       	ldi	r22, 0x05	; 5
     132:	83 e0       	ldi	r24, 0x03	; 3
     134:	0e 94 78 03 	call	0x6f0	; 0x6f0 <DIO_WritePin>
     138:	40 e0       	ldi	r20, 0x00	; 0
     13a:	66 e0       	ldi	r22, 0x06	; 6
     13c:	83 e0       	ldi	r24, 0x03	; 3
     13e:	0c 94 78 03 	jmp	0x6f0	; 0x6f0 <DIO_WritePin>

00000142 <KeyPad_Init>:
     142:	ef 92       	push	r14
     144:	ff 92       	push	r15
     146:	0f 93       	push	r16
     148:	1f 93       	push	r17
     14a:	cf 93       	push	r28
     14c:	df 93       	push	r29
     14e:	c8 e7       	ldi	r28, 0x78	; 120
     150:	d0 e0       	ldi	r29, 0x00	; 0
     152:	9c e7       	ldi	r25, 0x7C	; 124
     154:	e9 2e       	mov	r14, r25
     156:	90 e0       	ldi	r25, 0x00	; 0
     158:	f9 2e       	mov	r15, r25

0000015a <.L2>:
     15a:	09 91       	ld	r16, Y+
     15c:	f7 01       	movw	r30, r14
     15e:	11 91       	ld	r17, Z+
     160:	7f 01       	movw	r14, r30
     162:	40 e0       	ldi	r20, 0x00	; 0
     164:	60 2f       	mov	r22, r16
     166:	81 2f       	mov	r24, r17
     168:	0e 94 2a 03 	call	0x654	; 0x654 <DIO_InitPin>
     16c:	41 e0       	ldi	r20, 0x01	; 1
     16e:	60 2f       	mov	r22, r16
     170:	81 2f       	mov	r24, r17
     172:	0e 94 78 03 	call	0x6f0	; 0x6f0 <DIO_WritePin>
     176:	f0 e0       	ldi	r31, 0x00	; 0
     178:	cc 37       	cpi	r28, 0x7C	; 124
     17a:	df 07       	cpc	r29, r31
     17c:	71 f7       	brne	.-36     	; 0x15a <.L2>
     17e:	c0 e7       	ldi	r28, 0x70	; 112
     180:	d0 e0       	ldi	r29, 0x00	; 0
     182:	84 e7       	ldi	r24, 0x74	; 116
     184:	e8 2e       	mov	r14, r24
     186:	80 e0       	ldi	r24, 0x00	; 0
     188:	f8 2e       	mov	r15, r24

0000018a <.L3>:
     18a:	09 91       	ld	r16, Y+
     18c:	f7 01       	movw	r30, r14
     18e:	11 91       	ld	r17, Z+
     190:	7f 01       	movw	r14, r30
     192:	41 e0       	ldi	r20, 0x01	; 1
     194:	60 2f       	mov	r22, r16
     196:	81 2f       	mov	r24, r17
     198:	0e 94 2a 03 	call	0x654	; 0x654 <DIO_InitPin>
     19c:	41 e0       	ldi	r20, 0x01	; 1
     19e:	60 2f       	mov	r22, r16
     1a0:	81 2f       	mov	r24, r17
     1a2:	0e 94 78 03 	call	0x6f0	; 0x6f0 <DIO_WritePin>
     1a6:	f0 e0       	ldi	r31, 0x00	; 0
     1a8:	c4 37       	cpi	r28, 0x74	; 116
     1aa:	df 07       	cpc	r29, r31
     1ac:	71 f7       	brne	.-36     	; 0x18a <.L3>
     1ae:	df 91       	pop	r29
     1b0:	cf 91       	pop	r28
     1b2:	1f 91       	pop	r17
     1b4:	0f 91       	pop	r16
     1b6:	ff 90       	pop	r15
     1b8:	ef 90       	pop	r14
     1ba:	08 95       	ret

000001bc <KeyPad_Getpressedkey>:
     1bc:	2f 92       	push	r2
     1be:	3f 92       	push	r3
     1c0:	4f 92       	push	r4
     1c2:	5f 92       	push	r5
     1c4:	6f 92       	push	r6
     1c6:	7f 92       	push	r7
     1c8:	8f 92       	push	r8
     1ca:	9f 92       	push	r9
     1cc:	af 92       	push	r10
     1ce:	bf 92       	push	r11
     1d0:	cf 92       	push	r12
     1d2:	df 92       	push	r13
     1d4:	ef 92       	push	r14
     1d6:	ff 92       	push	r15
     1d8:	0f 93       	push	r16
     1da:	1f 93       	push	r17
     1dc:	cf 93       	push	r28
     1de:	df 93       	push	r29
     1e0:	0f 92       	push	r0
     1e2:	cd b7       	in	r28, 0x3d	; 61
     1e4:	de b7       	in	r29, 0x3e	; 62
     1e6:	19 82       	std	Y+1, r1	; 0x01
     1e8:	50 e7       	ldi	r21, 0x70	; 112
     1ea:	85 2e       	mov	r8, r21
     1ec:	50 e0       	ldi	r21, 0x00	; 0
     1ee:	95 2e       	mov	r9, r21
     1f0:	64 e7       	ldi	r22, 0x74	; 116
     1f2:	66 2e       	mov	r6, r22
     1f4:	60 e0       	ldi	r22, 0x00	; 0
     1f6:	76 2e       	mov	r7, r22
     1f8:	a1 2c       	mov	r10, r1
     1fa:	b1 2c       	mov	r11, r1

000001fc <.L12>:
     1fc:	f4 01       	movw	r30, r8
     1fe:	20 80       	ld	r2, Z
     200:	f3 01       	movw	r30, r6
     202:	30 80       	ld	r3, Z
     204:	40 e0       	ldi	r20, 0x00	; 0
     206:	62 2d       	mov	r22, r2
     208:	83 2d       	mov	r24, r3
     20a:	0e 94 78 03 	call	0x6f0	; 0x6f0 <DIO_WritePin>
     20e:	38 e7       	ldi	r19, 0x78	; 120
     210:	c3 2e       	mov	r12, r19
     212:	30 e0       	ldi	r19, 0x00	; 0
     214:	d3 2e       	mov	r13, r19
     216:	4c e7       	ldi	r20, 0x7C	; 124
     218:	e4 2e       	mov	r14, r20
     21a:	40 e0       	ldi	r20, 0x00	; 0
     21c:	f4 2e       	mov	r15, r20
     21e:	00 e0       	ldi	r16, 0x00	; 0
     220:	10 e0       	ldi	r17, 0x00	; 0

00000222 <.L11>:
     222:	f6 01       	movw	r30, r12
     224:	50 80       	ld	r5, Z
     226:	f7 01       	movw	r30, r14
     228:	40 80       	ld	r4, Z
     22a:	ae 01       	movw	r20, r28
     22c:	4f 5f       	subi	r20, 0xFF	; 255
     22e:	5f 4f       	sbci	r21, 0xFF	; 255
     230:	65 2d       	mov	r22, r5
     232:	84 2d       	mov	r24, r4
     234:	0e 94 c6 03 	call	0x78c	; 0x78c <DIO_ReadPin>
     238:	89 81       	ldd	r24, Y+1	; 0x01
     23a:	81 15       	cp	r24, r1
     23c:	99 f1       	breq	.+102    	; 0x2a4 <.L17>
     23e:	9f ef       	ldi	r25, 0xFF	; 255
     240:	c9 1a       	sub	r12, r25
     242:	d9 0a       	sbc	r13, r25
     244:	ef ef       	ldi	r30, 0xFF	; 255
     246:	ee 1a       	sub	r14, r30
     248:	fe 0a       	sbc	r15, r30
     24a:	0f 5f       	subi	r16, 0xFF	; 255
     24c:	1f 4f       	sbci	r17, 0xFF	; 255
     24e:	04 30       	cpi	r16, 0x04	; 4
     250:	11 05       	cpc	r17, r1
     252:	39 f7       	brne	.-50     	; 0x222 <.L11>
     254:	ff ef       	ldi	r31, 0xFF	; 255
     256:	8f 1a       	sub	r8, r31
     258:	9f 0a       	sbc	r9, r31
     25a:	8f ef       	ldi	r24, 0xFF	; 255
     25c:	68 1a       	sub	r6, r24
     25e:	78 0a       	sbc	r7, r24
     260:	41 e0       	ldi	r20, 0x01	; 1
     262:	62 2d       	mov	r22, r2
     264:	83 2d       	mov	r24, r3
     266:	0e 94 78 03 	call	0x6f0	; 0x6f0 <DIO_WritePin>
     26a:	9f ef       	ldi	r25, 0xFF	; 255
     26c:	a9 1a       	sub	r10, r25
     26e:	b9 0a       	sbc	r11, r25
     270:	e4 e0       	ldi	r30, 0x04	; 4
     272:	ae 16       	cp	r10, r30
     274:	b1 04       	cpc	r11, r1
     276:	11 f6       	brne	.-124    	; 0x1fc <.L12>
     278:	1f ef       	ldi	r17, 0xFF	; 255

0000027a <.L7>:
     27a:	81 2f       	mov	r24, r17
     27c:	0f 90       	pop	r0
     27e:	df 91       	pop	r29
     280:	cf 91       	pop	r28
     282:	1f 91       	pop	r17
     284:	0f 91       	pop	r16
     286:	ff 90       	pop	r15
     288:	ef 90       	pop	r14
     28a:	df 90       	pop	r13
     28c:	cf 90       	pop	r12
     28e:	bf 90       	pop	r11
     290:	af 90       	pop	r10
     292:	9f 90       	pop	r9
     294:	8f 90       	pop	r8
     296:	7f 90       	pop	r7
     298:	6f 90       	pop	r6
     29a:	5f 90       	pop	r5
     29c:	4f 90       	pop	r4
     29e:	3f 90       	pop	r3
     2a0:	2f 90       	pop	r2
     2a2:	08 95       	ret

000002a4 <.L17>:
     2a4:	c5 01       	movw	r24, r10
     2a6:	88 0f       	add	r24, r24
     2a8:	99 1f       	adc	r25, r25
     2aa:	88 0f       	add	r24, r24
     2ac:	99 1f       	adc	r25, r25
     2ae:	80 5a       	subi	r24, 0xA0	; 160
     2b0:	9f 4f       	sbci	r25, 0xFF	; 255
     2b2:	fc 01       	movw	r30, r24
     2b4:	e0 0f       	add	r30, r16
     2b6:	f1 1f       	adc	r31, r17
     2b8:	10 81       	ld	r17, Z

000002ba <.L9>:
     2ba:	ae 01       	movw	r20, r28
     2bc:	4f 5f       	subi	r20, 0xFF	; 255
     2be:	5f 4f       	sbci	r21, 0xFF	; 255
     2c0:	65 2d       	mov	r22, r5
     2c2:	84 2d       	mov	r24, r4
     2c4:	0e 94 c6 03 	call	0x78c	; 0x78c <DIO_ReadPin>
     2c8:	89 81       	ldd	r24, Y+1	; 0x01
     2ca:	81 15       	cp	r24, r1
     2cc:	b1 f3       	breq	.-20     	; 0x2ba <.L9>
     2ce:	8f e3       	ldi	r24, 0x3F	; 63
     2d0:	9c e9       	ldi	r25, 0x9C	; 156

000002d2 <.L1^B1>:
     2d2:	01 97       	sbiw	r24, 0x01	; 1
     2d4:	f1 f7       	brne	.-4      	; 0x2d2 <.L1^B1>
     2d6:	00 c0       	rjmp	.+0      	; 0x2d8 <L0^A>

000002d8 <L0^A>:
     2d8:	00 00       	nop
     2da:	41 e0       	ldi	r20, 0x01	; 1
     2dc:	62 2d       	mov	r22, r2
     2de:	83 2d       	mov	r24, r3
     2e0:	0e 94 78 03 	call	0x6f0	; 0x6f0 <DIO_WritePin>
     2e4:	ca cf       	rjmp	.-108    	; 0x27a <.L7>

000002e6 <LCD_WriteData>:
     2e6:	cf 93       	push	r28
     2e8:	df 93       	push	r29
     2ea:	0f 92       	push	r0
     2ec:	cd b7       	in	r28, 0x3d	; 61
     2ee:	de b7       	in	r29, 0x3e	; 62
     2f0:	89 83       	std	Y+1, r24	; 0x01
     2f2:	61 30       	cpi	r22, 0x01	; 1
     2f4:	e1 f1       	breq	.+120    	; 0x36e <.L6>
     2f6:	20 f0       	brcs	.+8      	; 0x300 <.L7>
     2f8:	0f 90       	pop	r0
     2fa:	df 91       	pop	r29
     2fc:	cf 91       	pop	r28
     2fe:	08 95       	ret

00000300 <.L7>:
     300:	41 e0       	ldi	r20, 0x01	; 1
     302:	80 e0       	ldi	r24, 0x00	; 0
     304:	0e 94 78 03 	call	0x6f0	; 0x6f0 <DIO_WritePin>
     308:	40 e0       	ldi	r20, 0x00	; 0
     30a:	61 e0       	ldi	r22, 0x01	; 1
     30c:	80 e0       	ldi	r24, 0x00	; 0
     30e:	0e 94 78 03 	call	0x6f0	; 0x6f0 <DIO_WritePin>
     312:	69 81       	ldd	r22, Y+1	; 0x01
     314:	60 7f       	andi	r22, 0xF0	; 240
     316:	81 e0       	ldi	r24, 0x01	; 1
     318:	0e 94 b6 03 	call	0x76c	; 0x76c <DIO_WriteGroup>
     31c:	41 e0       	ldi	r20, 0x01	; 1
     31e:	62 e0       	ldi	r22, 0x02	; 2
     320:	80 e0       	ldi	r24, 0x00	; 0
     322:	0e 94 78 03 	call	0x6f0	; 0x6f0 <DIO_WritePin>
     326:	8f ec       	ldi	r24, 0xCF	; 207
     328:	97 e0       	ldi	r25, 0x07	; 7

0000032a <.L1^B1>:
     32a:	01 97       	sbiw	r24, 0x01	; 1
     32c:	f1 f7       	brne	.-4      	; 0x32a <.L1^B1>
     32e:	00 c0       	rjmp	.+0      	; 0x330 <L0^A>

00000330 <L0^A>:
     330:	00 00       	nop
     332:	40 e0       	ldi	r20, 0x00	; 0
     334:	62 e0       	ldi	r22, 0x02	; 2
     336:	80 e0       	ldi	r24, 0x00	; 0
     338:	0e 94 78 03 	call	0x6f0	; 0x6f0 <DIO_WritePin>
     33c:	69 81       	ldd	r22, Y+1	; 0x01
     33e:	62 95       	swap	r22
     340:	60 7f       	andi	r22, 0xF0	; 240

00000342 <.L4>:
     342:	81 e0       	ldi	r24, 0x01	; 1
     344:	0e 94 b6 03 	call	0x76c	; 0x76c <DIO_WriteGroup>
     348:	41 e0       	ldi	r20, 0x01	; 1
     34a:	62 e0       	ldi	r22, 0x02	; 2
     34c:	80 e0       	ldi	r24, 0x00	; 0
     34e:	0e 94 78 03 	call	0x6f0	; 0x6f0 <DIO_WritePin>
     352:	8f ec       	ldi	r24, 0xCF	; 207
     354:	97 e0       	ldi	r25, 0x07	; 7

00000356 <.L1^B2>:
     356:	01 97       	sbiw	r24, 0x01	; 1
     358:	f1 f7       	brne	.-4      	; 0x356 <.L1^B2>
     35a:	00 c0       	rjmp	.+0      	; 0x35c <L0^A>

0000035c <L0^A>:
     35c:	00 00       	nop
     35e:	40 e0       	ldi	r20, 0x00	; 0
     360:	62 e0       	ldi	r22, 0x02	; 2
     362:	80 e0       	ldi	r24, 0x00	; 0
     364:	0f 90       	pop	r0
     366:	df 91       	pop	r29
     368:	cf 91       	pop	r28
     36a:	0c 94 78 03 	jmp	0x6f0	; 0x6f0 <DIO_WritePin>

0000036e <.L6>:
     36e:	41 e0       	ldi	r20, 0x01	; 1
     370:	60 e0       	ldi	r22, 0x00	; 0
     372:	80 e0       	ldi	r24, 0x00	; 0
     374:	0e 94 78 03 	call	0x6f0	; 0x6f0 <DIO_WritePin>
     378:	40 e0       	ldi	r20, 0x00	; 0
     37a:	61 e0       	ldi	r22, 0x01	; 1
     37c:	80 e0       	ldi	r24, 0x00	; 0
     37e:	0e 94 78 03 	call	0x6f0	; 0x6f0 <DIO_WritePin>
     382:	69 81       	ldd	r22, Y+1	; 0x01
     384:	de cf       	rjmp	.-68     	; 0x342 <.L4>

00000386 <LCD_WriteInstruction>:
     386:	cf 93       	push	r28
     388:	df 93       	push	r29
     38a:	0f 92       	push	r0
     38c:	cd b7       	in	r28, 0x3d	; 61
     38e:	de b7       	in	r29, 0x3e	; 62
     390:	89 83       	std	Y+1, r24	; 0x01
     392:	61 30       	cpi	r22, 0x01	; 1
     394:	e1 f1       	breq	.+120    	; 0x40e <.L12>
     396:	20 f0       	brcs	.+8      	; 0x3a0 <.L13>
     398:	0f 90       	pop	r0
     39a:	df 91       	pop	r29
     39c:	cf 91       	pop	r28
     39e:	08 95       	ret

000003a0 <.L13>:
     3a0:	40 e0       	ldi	r20, 0x00	; 0
     3a2:	80 e0       	ldi	r24, 0x00	; 0
     3a4:	0e 94 78 03 	call	0x6f0	; 0x6f0 <DIO_WritePin>
     3a8:	40 e0       	ldi	r20, 0x00	; 0
     3aa:	61 e0       	ldi	r22, 0x01	; 1
     3ac:	80 e0       	ldi	r24, 0x00	; 0
     3ae:	0e 94 78 03 	call	0x6f0	; 0x6f0 <DIO_WritePin>
     3b2:	69 81       	ldd	r22, Y+1	; 0x01
     3b4:	60 7f       	andi	r22, 0xF0	; 240
     3b6:	81 e0       	ldi	r24, 0x01	; 1
     3b8:	0e 94 b6 03 	call	0x76c	; 0x76c <DIO_WriteGroup>
     3bc:	41 e0       	ldi	r20, 0x01	; 1
     3be:	62 e0       	ldi	r22, 0x02	; 2
     3c0:	80 e0       	ldi	r24, 0x00	; 0
     3c2:	0e 94 78 03 	call	0x6f0	; 0x6f0 <DIO_WritePin>
     3c6:	8f ec       	ldi	r24, 0xCF	; 207
     3c8:	97 e0       	ldi	r25, 0x07	; 7

000003ca <.L1^B3>:
     3ca:	01 97       	sbiw	r24, 0x01	; 1
     3cc:	f1 f7       	brne	.-4      	; 0x3ca <.L1^B3>
     3ce:	00 c0       	rjmp	.+0      	; 0x3d0 <L0^A>

000003d0 <L0^A>:
     3d0:	00 00       	nop
     3d2:	40 e0       	ldi	r20, 0x00	; 0
     3d4:	62 e0       	ldi	r22, 0x02	; 2
     3d6:	80 e0       	ldi	r24, 0x00	; 0
     3d8:	0e 94 78 03 	call	0x6f0	; 0x6f0 <DIO_WritePin>
     3dc:	69 81       	ldd	r22, Y+1	; 0x01
     3de:	62 95       	swap	r22
     3e0:	60 7f       	andi	r22, 0xF0	; 240

000003e2 <.L11>:
     3e2:	81 e0       	ldi	r24, 0x01	; 1
     3e4:	0e 94 b6 03 	call	0x76c	; 0x76c <DIO_WriteGroup>
     3e8:	41 e0       	ldi	r20, 0x01	; 1
     3ea:	62 e0       	ldi	r22, 0x02	; 2
     3ec:	80 e0       	ldi	r24, 0x00	; 0
     3ee:	0e 94 78 03 	call	0x6f0	; 0x6f0 <DIO_WritePin>
     3f2:	8f ec       	ldi	r24, 0xCF	; 207
     3f4:	97 e0       	ldi	r25, 0x07	; 7

000003f6 <.L1^B4>:
     3f6:	01 97       	sbiw	r24, 0x01	; 1
     3f8:	f1 f7       	brne	.-4      	; 0x3f6 <.L1^B4>
     3fa:	00 c0       	rjmp	.+0      	; 0x3fc <L0^A>

000003fc <L0^A>:
     3fc:	00 00       	nop
     3fe:	40 e0       	ldi	r20, 0x00	; 0
     400:	62 e0       	ldi	r22, 0x02	; 2
     402:	80 e0       	ldi	r24, 0x00	; 0
     404:	0f 90       	pop	r0
     406:	df 91       	pop	r29
     408:	cf 91       	pop	r28
     40a:	0c 94 78 03 	jmp	0x6f0	; 0x6f0 <DIO_WritePin>

0000040e <.L12>:
     40e:	40 e0       	ldi	r20, 0x00	; 0
     410:	60 e0       	ldi	r22, 0x00	; 0
     412:	80 e0       	ldi	r24, 0x00	; 0
     414:	0e 94 78 03 	call	0x6f0	; 0x6f0 <DIO_WritePin>
     418:	40 e0       	ldi	r20, 0x00	; 0
     41a:	61 e0       	ldi	r22, 0x01	; 1
     41c:	80 e0       	ldi	r24, 0x00	; 0
     41e:	0e 94 78 03 	call	0x6f0	; 0x6f0 <DIO_WritePin>
     422:	69 81       	ldd	r22, Y+1	; 0x01
     424:	de cf       	rjmp	.-68     	; 0x3e2 <.L11>

00000426 <LCD_Init>:
     426:	81 30       	cpi	r24, 0x01	; 1
     428:	09 f4       	brne	.+2      	; 0x42c <L0^A+0x2>

0000042a <L0^A>:
     42a:	50 c0       	rjmp	.+160    	; 0x4cc <.L18>
     42c:	08 f0       	brcs	.+2      	; 0x430 <.L19>
     42e:	08 95       	ret

00000430 <.L19>:
     430:	41 e0       	ldi	r20, 0x01	; 1
     432:	60 e0       	ldi	r22, 0x00	; 0
     434:	0e 94 2a 03 	call	0x654	; 0x654 <DIO_InitPin>
     438:	41 e0       	ldi	r20, 0x01	; 1
     43a:	61 e0       	ldi	r22, 0x01	; 1
     43c:	80 e0       	ldi	r24, 0x00	; 0
     43e:	0e 94 2a 03 	call	0x654	; 0x654 <DIO_InitPin>
     442:	41 e0       	ldi	r20, 0x01	; 1
     444:	62 e0       	ldi	r22, 0x02	; 2
     446:	80 e0       	ldi	r24, 0x00	; 0
     448:	0e 94 2a 03 	call	0x654	; 0x654 <DIO_InitPin>
     44c:	6f ef       	ldi	r22, 0xFF	; 255
     44e:	81 e0       	ldi	r24, 0x01	; 1
     450:	0e 94 68 03 	call	0x6d0	; 0x6d0 <DIO_InitGroup>
     454:	9f eb       	ldi	r25, 0xBF	; 191
     456:	2a ed       	ldi	r18, 0xDA	; 218
     458:	80 e0       	ldi	r24, 0x00	; 0

0000045a <.L1^B5>:
     45a:	91 50       	subi	r25, 0x01	; 1
     45c:	20 40       	sbci	r18, 0x00	; 0
     45e:	80 40       	sbci	r24, 0x00	; 0
     460:	e1 f7       	brne	.-8      	; 0x45a <.L1^B5>
     462:	00 c0       	rjmp	.+0      	; 0x464 <L0^A>

00000464 <L0^A>:
     464:	00 00       	nop
     466:	60 e0       	ldi	r22, 0x00	; 0
     468:	82 e0       	ldi	r24, 0x02	; 2
     46a:	0e 94 c3 01 	call	0x386	; 0x386 <LCD_WriteInstruction>
     46e:	8f ec       	ldi	r24, 0xCF	; 207
     470:	97 e0       	ldi	r25, 0x07	; 7

00000472 <.L1^B6>:
     472:	01 97       	sbiw	r24, 0x01	; 1
     474:	f1 f7       	brne	.-4      	; 0x472 <.L1^B6>
     476:	00 c0       	rjmp	.+0      	; 0x478 <L0^A>

00000478 <L0^A>:
     478:	00 00       	nop
     47a:	60 e0       	ldi	r22, 0x00	; 0
     47c:	88 e2       	ldi	r24, 0x28	; 40
     47e:	0e 94 c3 01 	call	0x386	; 0x386 <LCD_WriteInstruction>
     482:	8f ec       	ldi	r24, 0xCF	; 207
     484:	97 e0       	ldi	r25, 0x07	; 7

00000486 <.L1^B7>:
     486:	01 97       	sbiw	r24, 0x01	; 1
     488:	f1 f7       	brne	.-4      	; 0x486 <.L1^B7>
     48a:	00 c0       	rjmp	.+0      	; 0x48c <L0^A>

0000048c <L0^A>:
     48c:	00 00       	nop
     48e:	60 e0       	ldi	r22, 0x00	; 0
     490:	8c e0       	ldi	r24, 0x0C	; 12
     492:	0e 94 c3 01 	call	0x386	; 0x386 <LCD_WriteInstruction>
     496:	8f ec       	ldi	r24, 0xCF	; 207
     498:	97 e0       	ldi	r25, 0x07	; 7

0000049a <.L1^B8>:
     49a:	01 97       	sbiw	r24, 0x01	; 1
     49c:	f1 f7       	brne	.-4      	; 0x49a <.L1^B8>
     49e:	00 c0       	rjmp	.+0      	; 0x4a0 <L0^A>

000004a0 <L0^A>:
     4a0:	00 00       	nop
     4a2:	60 e0       	ldi	r22, 0x00	; 0
     4a4:	81 e0       	ldi	r24, 0x01	; 1
     4a6:	0e 94 c3 01 	call	0x386	; 0x386 <LCD_WriteInstruction>
     4aa:	8f e9       	ldi	r24, 0x9F	; 159
     4ac:	9f e0       	ldi	r25, 0x0F	; 15

000004ae <.L1^B9>:
     4ae:	01 97       	sbiw	r24, 0x01	; 1
     4b0:	f1 f7       	brne	.-4      	; 0x4ae <.L1^B9>
     4b2:	00 c0       	rjmp	.+0      	; 0x4b4 <L0^A>

000004b4 <L0^A>:
     4b4:	00 00       	nop
     4b6:	60 e0       	ldi	r22, 0x00	; 0

000004b8 <.L17>:
     4b8:	86 e0       	ldi	r24, 0x06	; 6
     4ba:	0e 94 c3 01 	call	0x386	; 0x386 <LCD_WriteInstruction>
     4be:	8f ec       	ldi	r24, 0xCF	; 207
     4c0:	97 e0       	ldi	r25, 0x07	; 7

000004c2 <.L1^B10>:
     4c2:	01 97       	sbiw	r24, 0x01	; 1
     4c4:	f1 f7       	brne	.-4      	; 0x4c2 <.L1^B10>
     4c6:	00 c0       	rjmp	.+0      	; 0x4c8 <L0^A>

000004c8 <L0^A>:
     4c8:	00 00       	nop
     4ca:	08 95       	ret

000004cc <.L18>:
     4cc:	41 e0       	ldi	r20, 0x01	; 1
     4ce:	60 e0       	ldi	r22, 0x00	; 0
     4d0:	80 e0       	ldi	r24, 0x00	; 0
     4d2:	0e 94 2a 03 	call	0x654	; 0x654 <DIO_InitPin>
     4d6:	41 e0       	ldi	r20, 0x01	; 1
     4d8:	61 e0       	ldi	r22, 0x01	; 1
     4da:	80 e0       	ldi	r24, 0x00	; 0
     4dc:	0e 94 2a 03 	call	0x654	; 0x654 <DIO_InitPin>
     4e0:	41 e0       	ldi	r20, 0x01	; 1
     4e2:	62 e0       	ldi	r22, 0x02	; 2
     4e4:	80 e0       	ldi	r24, 0x00	; 0
     4e6:	0e 94 2a 03 	call	0x654	; 0x654 <DIO_InitPin>
     4ea:	6f ef       	ldi	r22, 0xFF	; 255
     4ec:	81 e0       	ldi	r24, 0x01	; 1
     4ee:	0e 94 68 03 	call	0x6d0	; 0x6d0 <DIO_InitGroup>
     4f2:	2f eb       	ldi	r18, 0xBF	; 191
     4f4:	8a ed       	ldi	r24, 0xDA	; 218
     4f6:	90 e0       	ldi	r25, 0x00	; 0

000004f8 <.L1^B11>:
     4f8:	21 50       	subi	r18, 0x01	; 1
     4fa:	80 40       	sbci	r24, 0x00	; 0
     4fc:	90 40       	sbci	r25, 0x00	; 0
     4fe:	e1 f7       	brne	.-8      	; 0x4f8 <.L1^B11>
     500:	00 c0       	rjmp	.+0      	; 0x502 <L0^A>

00000502 <L0^A>:
     502:	00 00       	nop
     504:	61 e0       	ldi	r22, 0x01	; 1
     506:	88 e3       	ldi	r24, 0x38	; 56
     508:	0e 94 c3 01 	call	0x386	; 0x386 <LCD_WriteInstruction>
     50c:	8f ec       	ldi	r24, 0xCF	; 207
     50e:	97 e0       	ldi	r25, 0x07	; 7

00000510 <.L1^B12>:
     510:	01 97       	sbiw	r24, 0x01	; 1
     512:	f1 f7       	brne	.-4      	; 0x510 <.L1^B12>
     514:	00 c0       	rjmp	.+0      	; 0x516 <L0^A>

00000516 <L0^A>:
     516:	00 00       	nop
     518:	61 e0       	ldi	r22, 0x01	; 1
     51a:	8e e0       	ldi	r24, 0x0E	; 14
     51c:	0e 94 c3 01 	call	0x386	; 0x386 <LCD_WriteInstruction>
     520:	8f ec       	ldi	r24, 0xCF	; 207
     522:	97 e0       	ldi	r25, 0x07	; 7

00000524 <.L1^B13>:
     524:	01 97       	sbiw	r24, 0x01	; 1
     526:	f1 f7       	brne	.-4      	; 0x524 <.L1^B13>
     528:	00 c0       	rjmp	.+0      	; 0x52a <L0^A>

0000052a <L0^A>:
     52a:	00 00       	nop
     52c:	61 e0       	ldi	r22, 0x01	; 1
     52e:	81 e0       	ldi	r24, 0x01	; 1
     530:	0e 94 c3 01 	call	0x386	; 0x386 <LCD_WriteInstruction>
     534:	8f e9       	ldi	r24, 0x9F	; 159
     536:	9f e0       	ldi	r25, 0x0F	; 15

00000538 <.L1^B14>:
     538:	01 97       	sbiw	r24, 0x01	; 1
     53a:	f1 f7       	brne	.-4      	; 0x538 <.L1^B14>
     53c:	00 c0       	rjmp	.+0      	; 0x53e <L0^A>

0000053e <L0^A>:
     53e:	00 00       	nop
     540:	61 e0       	ldi	r22, 0x01	; 1
     542:	ba cf       	rjmp	.-140    	; 0x4b8 <.L17>

00000544 <LCD_WriteString>:
     544:	0f 93       	push	r16
     546:	1f 93       	push	r17
     548:	cf 93       	push	r28
     54a:	df 93       	push	r29
     54c:	00 d0       	rcall	.+0      	; 0x54e <L0^A>

0000054e <L0^A>:
     54e:	cd b7       	in	r28, 0x3d	; 61
     550:	de b7       	in	r29, 0x3e	; 62
     552:	8c 01       	movw	r16, r24
     554:	69 83       	std	Y+1, r22	; 0x01
     556:	00 97       	sbiw	r24, 0x00	; 0
     558:	91 f0       	breq	.+36     	; 0x57e <.L20>
     55a:	fc 01       	movw	r30, r24
     55c:	80 81       	ld	r24, Z
     55e:	81 15       	cp	r24, r1
     560:	71 f0       	breq	.+28     	; 0x57e <.L20>
     562:	1a 82       	std	Y+2, r1	; 0x02

00000564 <.L22>:
     564:	69 81       	ldd	r22, Y+1	; 0x01
     566:	0e 94 73 01 	call	0x2e6	; 0x2e6 <LCD_WriteData>
     56a:	fa 81       	ldd	r31, Y+2	; 0x02
     56c:	ff 5f       	subi	r31, 0xFF	; 255
     56e:	fa 83       	std	Y+2, r31	; 0x02
     570:	f8 01       	movw	r30, r16
     572:	8a 81       	ldd	r24, Y+2	; 0x02
     574:	e8 0f       	add	r30, r24
     576:	f1 1d       	adc	r31, r1
     578:	80 81       	ld	r24, Z
     57a:	81 11       	cpse	r24, r1
     57c:	f3 cf       	rjmp	.-26     	; 0x564 <.L22>

0000057e <.L20>:
     57e:	0f 90       	pop	r0
     580:	0f 90       	pop	r0
     582:	df 91       	pop	r29
     584:	cf 91       	pop	r28
     586:	1f 91       	pop	r17
     588:	0f 91       	pop	r16
     58a:	08 95       	ret

0000058c <LCD_GotoXY>:
     58c:	81 30       	cpi	r24, 0x01	; 1
     58e:	58 f0       	brcs	.+22     	; 0x5a6 <.L31>
     590:	31 f4       	brne	.+12     	; 0x59e <.L34>
     592:	80 e4       	ldi	r24, 0x40	; 64
     594:	86 0f       	add	r24, r22
     596:	80 68       	ori	r24, 0x80	; 128
     598:	60 e0       	ldi	r22, 0x00	; 0
     59a:	0c 94 c3 01 	jmp	0x386	; 0x386 <LCD_WriteInstruction>

0000059e <.L34>:
     59e:	80 e8       	ldi	r24, 0x80	; 128
     5a0:	60 e0       	ldi	r22, 0x00	; 0
     5a2:	0c 94 c3 01 	jmp	0x386	; 0x386 <LCD_WriteInstruction>

000005a6 <.L31>:
     5a6:	86 2f       	mov	r24, r22
     5a8:	80 68       	ori	r24, 0x80	; 128
     5aa:	60 e0       	ldi	r22, 0x00	; 0
     5ac:	0c 94 c3 01 	jmp	0x386	; 0x386 <LCD_WriteInstruction>

000005b0 <LCD_WriteNumber>:
     5b0:	ff 92       	push	r15
     5b2:	0f 93       	push	r16
     5b4:	1f 93       	push	r17
     5b6:	cf 93       	push	r28
     5b8:	df 93       	push	r29
     5ba:	cd b7       	in	r28, 0x3d	; 61
     5bc:	de b7       	in	r29, 0x3e	; 62
     5be:	2c 97       	sbiw	r28, 0x0c	; 12
     5c0:	0f b6       	in	r0, 0x3f	; 63
     5c2:	f8 94       	cli
     5c4:	de bf       	out	0x3e, r29	; 62
     5c6:	0f be       	out	0x3f, r0	; 63
     5c8:	cd bf       	out	0x3d, r28	; 61
     5ca:	4c 87       	std	Y+12, r20	; 0x0c
     5cc:	9f 93       	push	r25
     5ce:	8f 93       	push	r24
     5d0:	7f 93       	push	r23
     5d2:	6f 93       	push	r22
     5d4:	80 e8       	ldi	r24, 0x80	; 128
     5d6:	90 e0       	ldi	r25, 0x00	; 0
     5d8:	9f 93       	push	r25
     5da:	8f 93       	push	r24
     5dc:	8e 01       	movw	r16, r28
     5de:	0f 5f       	subi	r16, 0xFF	; 255
     5e0:	1f 4f       	sbci	r17, 0xFF	; 255
     5e2:	1f 93       	push	r17
     5e4:	0f 93       	push	r16
     5e6:	0e 94 84 08 	call	0x1108	; 0x1108 <sprintf>
     5ea:	89 81       	ldd	r24, Y+1	; 0x01
     5ec:	0f b6       	in	r0, 0x3f	; 63
     5ee:	f8 94       	cli
     5f0:	de bf       	out	0x3e, r29	; 62
     5f2:	0f be       	out	0x3f, r0	; 63
     5f4:	cd bf       	out	0x3d, r28	; 61
     5f6:	81 15       	cp	r24, r1
     5f8:	59 f0       	breq	.+22     	; 0x610 <.L35>
     5fa:	f1 2c       	mov	r15, r1

000005fc <.L37>:
     5fc:	6c 85       	ldd	r22, Y+12	; 0x0c
     5fe:	0e 94 73 01 	call	0x2e6	; 0x2e6 <LCD_WriteData>
     602:	f3 94       	inc	r15
     604:	f8 01       	movw	r30, r16
     606:	ef 0d       	add	r30, r15
     608:	f1 1d       	adc	r31, r1
     60a:	80 81       	ld	r24, Z
     60c:	81 11       	cpse	r24, r1
     60e:	f6 cf       	rjmp	.-20     	; 0x5fc <.L37>

00000610 <.L35>:
     610:	2c 96       	adiw	r28, 0x0c	; 12
     612:	0f b6       	in	r0, 0x3f	; 63
     614:	f8 94       	cli
     616:	de bf       	out	0x3e, r29	; 62
     618:	0f be       	out	0x3f, r0	; 63
     61a:	cd bf       	out	0x3d, r28	; 61
     61c:	df 91       	pop	r29
     61e:	cf 91       	pop	r28
     620:	1f 91       	pop	r17
     622:	0f 91       	pop	r16
     624:	ff 90       	pop	r15
     626:	08 95       	ret

00000628 <Led_Init>:
     628:	41 e0       	ldi	r20, 0x01	; 1
     62a:	0c 94 2a 03 	jmp	0x654	; 0x654 <DIO_InitPin>

0000062e <Led_on>:
     62e:	41 30       	cpi	r20, 0x01	; 1
     630:	21 f0       	breq	.+8      	; 0x63a <.L6>
     632:	42 30       	cpi	r20, 0x02	; 2
     634:	09 f0       	breq	.+2      	; 0x638 <.L7>
     636:	08 95       	ret

00000638 <.L7>:
     638:	40 e0       	ldi	r20, 0x00	; 0

0000063a <.L6>:
     63a:	0c 94 78 03 	jmp	0x6f0	; 0x6f0 <DIO_WritePin>

0000063e <Led_off>:
     63e:	41 30       	cpi	r20, 0x01	; 1
     640:	19 f0       	breq	.+6      	; 0x648 <.L11>
     642:	42 30       	cpi	r20, 0x02	; 2
     644:	21 f0       	breq	.+8      	; 0x64e <.L12>
     646:	08 95       	ret

00000648 <.L11>:
     648:	40 e0       	ldi	r20, 0x00	; 0
     64a:	0c 94 78 03 	jmp	0x6f0	; 0x6f0 <DIO_WritePin>

0000064e <.L12>:
     64e:	41 e0       	ldi	r20, 0x01	; 1
     650:	0c 94 78 03 	jmp	0x6f0	; 0x6f0 <DIO_WritePin>

00000654 <DIO_InitPin>:
     654:	84 30       	cpi	r24, 0x04	; 4
     656:	c0 f4       	brcc	.+48     	; 0x688 <.L1>
     658:	68 30       	cpi	r22, 0x08	; 8
     65a:	b0 f4       	brcc	.+44     	; 0x688 <.L1>
     65c:	41 30       	cpi	r20, 0x01	; 1
     65e:	a9 f0       	breq	.+42     	; 0x68a <.L11>
     660:	98 f4       	brcc	.+38     	; 0x688 <.L1>
     662:	21 e0       	ldi	r18, 0x01	; 1
     664:	01 c0       	rjmp	.+2      	; 0x668 <.L2^B1>

00000666 <.L1^B1>:
     666:	22 0f       	add	r18, r18

00000668 <.L2^B1>:
     668:	6a 95       	dec	r22
     66a:	ea f7       	brpl	.-6      	; 0x666 <.L1^B1>
     66c:	20 95       	com	r18
     66e:	82 30       	cpi	r24, 0x02	; 2
     670:	39 f1       	breq	.+78     	; 0x6c0 <.L7>
     672:	83 30       	cpi	r24, 0x03	; 3
     674:	31 f0       	breq	.+12     	; 0x682 <.L8>
     676:	81 30       	cpi	r24, 0x01	; 1
     678:	39 f1       	breq	.+78     	; 0x6c8 <.L9>
     67a:	8a b3       	in	r24, 0x1a	; 26
     67c:	82 23       	and	r24, r18
     67e:	8a bb       	out	0x1a, r24	; 26
     680:	08 95       	ret

00000682 <.L8>:
     682:	81 b3       	in	r24, 0x11	; 17
     684:	82 23       	and	r24, r18
     686:	81 bb       	out	0x11, r24	; 17

00000688 <.L1>:
     688:	08 95       	ret

0000068a <.L11>:
     68a:	21 e0       	ldi	r18, 0x01	; 1
     68c:	01 c0       	rjmp	.+2      	; 0x690 <.L2^B2>

0000068e <.L1^B2>:
     68e:	22 0f       	add	r18, r18

00000690 <.L2^B2>:
     690:	6a 95       	dec	r22
     692:	ea f7       	brpl	.-6      	; 0x68e <.L1^B2>
     694:	82 30       	cpi	r24, 0x02	; 2
     696:	61 f0       	breq	.+24     	; 0x6b0 <.L4>
     698:	83 30       	cpi	r24, 0x03	; 3
     69a:	31 f0       	breq	.+12     	; 0x6a8 <.L5>
     69c:	81 30       	cpi	r24, 0x01	; 1
     69e:	61 f0       	breq	.+24     	; 0x6b8 <.L6>
     6a0:	8a b3       	in	r24, 0x1a	; 26
     6a2:	82 2b       	or	r24, r18
     6a4:	8a bb       	out	0x1a, r24	; 26
     6a6:	08 95       	ret

000006a8 <.L5>:
     6a8:	81 b3       	in	r24, 0x11	; 17
     6aa:	82 2b       	or	r24, r18
     6ac:	81 bb       	out	0x11, r24	; 17
     6ae:	08 95       	ret

000006b0 <.L4>:
     6b0:	84 b3       	in	r24, 0x14	; 20
     6b2:	82 2b       	or	r24, r18
     6b4:	84 bb       	out	0x14, r24	; 20
     6b6:	08 95       	ret

000006b8 <.L6>:
     6b8:	87 b3       	in	r24, 0x17	; 23
     6ba:	82 2b       	or	r24, r18
     6bc:	87 bb       	out	0x17, r24	; 23
     6be:	08 95       	ret

000006c0 <.L7>:
     6c0:	84 b3       	in	r24, 0x14	; 20
     6c2:	82 23       	and	r24, r18
     6c4:	84 bb       	out	0x14, r24	; 20
     6c6:	08 95       	ret

000006c8 <.L9>:
     6c8:	87 b3       	in	r24, 0x17	; 23
     6ca:	82 23       	and	r24, r18
     6cc:	87 bb       	out	0x17, r24	; 23
     6ce:	08 95       	ret

000006d0 <DIO_InitGroup>:
     6d0:	82 30       	cpi	r24, 0x02	; 2
     6d2:	49 f0       	breq	.+18     	; 0x6e6 <.L13>
     6d4:	20 f4       	brcc	.+8      	; 0x6de <.L14>
     6d6:	81 15       	cp	r24, r1
     6d8:	41 f0       	breq	.+16     	; 0x6ea <.L20>
     6da:	67 bb       	out	0x17, r22	; 23
     6dc:	08 95       	ret

000006de <.L14>:
     6de:	83 30       	cpi	r24, 0x03	; 3
     6e0:	31 f4       	brne	.+12     	; 0x6ee <.L21>
     6e2:	61 bb       	out	0x11, r22	; 17
     6e4:	08 95       	ret

000006e6 <.L13>:
     6e6:	64 bb       	out	0x14, r22	; 20
     6e8:	08 95       	ret

000006ea <.L20>:
     6ea:	6a bb       	out	0x1a, r22	; 26
     6ec:	08 95       	ret

000006ee <.L21>:
     6ee:	08 95       	ret

000006f0 <DIO_WritePin>:
     6f0:	84 30       	cpi	r24, 0x04	; 4
     6f2:	c0 f4       	brcc	.+48     	; 0x724 <.L22>
     6f4:	68 30       	cpi	r22, 0x08	; 8
     6f6:	b0 f4       	brcc	.+44     	; 0x724 <.L22>
     6f8:	41 30       	cpi	r20, 0x01	; 1
     6fa:	a9 f0       	breq	.+42     	; 0x726 <.L31>
     6fc:	98 f4       	brcc	.+38     	; 0x724 <.L22>
     6fe:	21 e0       	ldi	r18, 0x01	; 1
     700:	01 c0       	rjmp	.+2      	; 0x704 <.L2^B3>

00000702 <.L1^B3>:
     702:	22 0f       	add	r18, r18

00000704 <.L2^B3>:
     704:	6a 95       	dec	r22
     706:	ea f7       	brpl	.-6      	; 0x702 <.L1^B3>
     708:	20 95       	com	r18
     70a:	82 30       	cpi	r24, 0x02	; 2
     70c:	39 f1       	breq	.+78     	; 0x75c <.L28>
     70e:	83 30       	cpi	r24, 0x03	; 3
     710:	31 f0       	breq	.+12     	; 0x71e <.L29>
     712:	81 30       	cpi	r24, 0x01	; 1
     714:	39 f1       	breq	.+78     	; 0x764 <.L30>
     716:	8b b3       	in	r24, 0x1b	; 27
     718:	82 23       	and	r24, r18
     71a:	8b bb       	out	0x1b, r24	; 27
     71c:	08 95       	ret

0000071e <.L29>:
     71e:	82 b3       	in	r24, 0x12	; 18
     720:	82 23       	and	r24, r18
     722:	82 bb       	out	0x12, r24	; 18

00000724 <.L22>:
     724:	08 95       	ret

00000726 <.L31>:
     726:	21 e0       	ldi	r18, 0x01	; 1
     728:	01 c0       	rjmp	.+2      	; 0x72c <.L2^B4>

0000072a <.L1^B4>:
     72a:	22 0f       	add	r18, r18

0000072c <.L2^B4>:
     72c:	6a 95       	dec	r22
     72e:	ea f7       	brpl	.-6      	; 0x72a <.L1^B4>
     730:	82 30       	cpi	r24, 0x02	; 2
     732:	61 f0       	breq	.+24     	; 0x74c <.L25>
     734:	83 30       	cpi	r24, 0x03	; 3
     736:	31 f0       	breq	.+12     	; 0x744 <.L26>
     738:	81 30       	cpi	r24, 0x01	; 1
     73a:	61 f0       	breq	.+24     	; 0x754 <.L27>
     73c:	8b b3       	in	r24, 0x1b	; 27
     73e:	82 2b       	or	r24, r18
     740:	8b bb       	out	0x1b, r24	; 27
     742:	08 95       	ret

00000744 <.L26>:
     744:	82 b3       	in	r24, 0x12	; 18
     746:	82 2b       	or	r24, r18
     748:	82 bb       	out	0x12, r24	; 18
     74a:	08 95       	ret

0000074c <.L25>:
     74c:	85 b3       	in	r24, 0x15	; 21
     74e:	82 2b       	or	r24, r18
     750:	85 bb       	out	0x15, r24	; 21
     752:	08 95       	ret

00000754 <.L27>:
     754:	88 b3       	in	r24, 0x18	; 24
     756:	82 2b       	or	r24, r18
     758:	88 bb       	out	0x18, r24	; 24
     75a:	08 95       	ret

0000075c <.L28>:
     75c:	85 b3       	in	r24, 0x15	; 21
     75e:	82 23       	and	r24, r18
     760:	85 bb       	out	0x15, r24	; 21
     762:	08 95       	ret

00000764 <.L30>:
     764:	88 b3       	in	r24, 0x18	; 24
     766:	82 23       	and	r24, r18
     768:	88 bb       	out	0x18, r24	; 24
     76a:	08 95       	ret

0000076c <DIO_WriteGroup>:
     76c:	82 30       	cpi	r24, 0x02	; 2
     76e:	49 f0       	breq	.+18     	; 0x782 <.L33>
     770:	20 f4       	brcc	.+8      	; 0x77a <.L34>
     772:	81 15       	cp	r24, r1
     774:	41 f0       	breq	.+16     	; 0x786 <.L40>
     776:	68 bb       	out	0x18, r22	; 24
     778:	08 95       	ret

0000077a <.L34>:
     77a:	83 30       	cpi	r24, 0x03	; 3
     77c:	31 f4       	brne	.+12     	; 0x78a <.L41>
     77e:	62 bb       	out	0x12, r22	; 18
     780:	08 95       	ret

00000782 <.L33>:
     782:	65 bb       	out	0x15, r22	; 21
     784:	08 95       	ret

00000786 <.L40>:
     786:	6b bb       	out	0x1b, r22	; 27
     788:	08 95       	ret

0000078a <.L41>:
     78a:	08 95       	ret

0000078c <DIO_ReadPin>:
     78c:	41 15       	cp	r20, r1
     78e:	51 05       	cpc	r21, r1
     790:	a1 f0       	breq	.+40     	; 0x7ba <.L42>
     792:	84 30       	cpi	r24, 0x04	; 4
     794:	90 f4       	brcc	.+36     	; 0x7ba <.L42>
     796:	68 30       	cpi	r22, 0x08	; 8
     798:	80 f4       	brcc	.+32     	; 0x7ba <.L42>
     79a:	82 30       	cpi	r24, 0x02	; 2
     79c:	99 f0       	breq	.+38     	; 0x7c4 <.L44>
     79e:	83 30       	cpi	r24, 0x03	; 3
     7a0:	79 f0       	breq	.+30     	; 0x7c0 <.L45>
     7a2:	81 30       	cpi	r24, 0x01	; 1
     7a4:	59 f4       	brne	.+22     	; 0x7bc <.L51>
     7a6:	86 b3       	in	r24, 0x16	; 22

000007a8 <.L50>:
     7a8:	90 e0       	ldi	r25, 0x00	; 0
     7aa:	02 c0       	rjmp	.+4      	; 0x7b0 <.L2^B5>

000007ac <.L1^B5>:
     7ac:	95 95       	asr	r25
     7ae:	87 95       	ror	r24

000007b0 <.L2^B5>:
     7b0:	6a 95       	dec	r22
     7b2:	e2 f7       	brpl	.-8      	; 0x7ac <.L1^B5>
     7b4:	81 70       	andi	r24, 0x01	; 1
     7b6:	fa 01       	movw	r30, r20
     7b8:	80 83       	st	Z, r24

000007ba <.L42>:
     7ba:	08 95       	ret

000007bc <.L51>:
     7bc:	89 b3       	in	r24, 0x19	; 25
     7be:	f4 cf       	rjmp	.-24     	; 0x7a8 <.L50>

000007c0 <.L45>:
     7c0:	80 b3       	in	r24, 0x10	; 16
     7c2:	f2 cf       	rjmp	.-28     	; 0x7a8 <.L50>

000007c4 <.L44>:
     7c4:	83 b3       	in	r24, 0x13	; 19
     7c6:	f0 cf       	rjmp	.-32     	; 0x7a8 <.L50>

000007c8 <DIO_ReadGroup>:
     7c8:	61 15       	cp	r22, r1
     7ca:	71 05       	cpc	r23, r1
     7cc:	71 f0       	breq	.+28     	; 0x7ea <.L52>
     7ce:	82 30       	cpi	r24, 0x02	; 2
     7d0:	91 f0       	breq	.+36     	; 0x7f6 <.L54>
     7d2:	30 f4       	brcc	.+12     	; 0x7e0 <.L55>
     7d4:	81 15       	cp	r24, r1
     7d6:	59 f0       	breq	.+22     	; 0x7ee <.L63>
     7d8:	86 b3       	in	r24, 0x16	; 22
     7da:	fb 01       	movw	r30, r22
     7dc:	80 83       	st	Z, r24
     7de:	08 95       	ret

000007e0 <.L55>:
     7e0:	83 30       	cpi	r24, 0x03	; 3
     7e2:	21 f4       	brne	.+8      	; 0x7ec <.L64>
     7e4:	80 b3       	in	r24, 0x10	; 16
     7e6:	fb 01       	movw	r30, r22
     7e8:	80 83       	st	Z, r24

000007ea <.L52>:
     7ea:	08 95       	ret

000007ec <.L64>:
     7ec:	08 95       	ret

000007ee <.L63>:
     7ee:	89 b3       	in	r24, 0x19	; 25
     7f0:	fb 01       	movw	r30, r22
     7f2:	80 83       	st	Z, r24
     7f4:	08 95       	ret

000007f6 <.L54>:
     7f6:	83 b3       	in	r24, 0x13	; 19
     7f8:	fb 01       	movw	r30, r22
     7fa:	80 83       	st	Z, r24
     7fc:	08 95       	ret

000007fe <DIO_Toggle>:
     7fe:	82 30       	cpi	r24, 0x02	; 2
     800:	b9 f0       	breq	.+46     	; 0x830 <.L66>
     802:	58 f4       	brcc	.+22     	; 0x81a <.L67>
     804:	81 15       	cp	r24, r1
     806:	e9 f0       	breq	.+58     	; 0x842 <.L73>
     808:	88 b3       	in	r24, 0x18	; 24
     80a:	21 e0       	ldi	r18, 0x01	; 1
     80c:	01 c0       	rjmp	.+2      	; 0x810 <.L2^B6>

0000080e <.L1^B6>:
     80e:	22 0f       	add	r18, r18

00000810 <.L2^B6>:
     810:	6a 95       	dec	r22
     812:	ea f7       	brpl	.-6      	; 0x80e <.L1^B6>
     814:	82 27       	eor	r24, r18
     816:	88 bb       	out	0x18, r24	; 24
     818:	08 95       	ret

0000081a <.L67>:
     81a:	83 30       	cpi	r24, 0x03	; 3
     81c:	d9 f4       	brne	.+54     	; 0x854 <.L74>
     81e:	82 b3       	in	r24, 0x12	; 18
     820:	21 e0       	ldi	r18, 0x01	; 1
     822:	01 c0       	rjmp	.+2      	; 0x826 <.L2^B7>

00000824 <.L1^B7>:
     824:	22 0f       	add	r18, r18

00000826 <.L2^B7>:
     826:	6a 95       	dec	r22
     828:	ea f7       	brpl	.-6      	; 0x824 <.L1^B7>
     82a:	82 27       	eor	r24, r18
     82c:	82 bb       	out	0x12, r24	; 18
     82e:	08 95       	ret

00000830 <.L66>:
     830:	85 b3       	in	r24, 0x15	; 21
     832:	21 e0       	ldi	r18, 0x01	; 1
     834:	01 c0       	rjmp	.+2      	; 0x838 <.L2^B8>

00000836 <.L1^B8>:
     836:	22 0f       	add	r18, r18

00000838 <.L2^B8>:
     838:	6a 95       	dec	r22
     83a:	ea f7       	brpl	.-6      	; 0x836 <.L1^B8>
     83c:	82 27       	eor	r24, r18
     83e:	85 bb       	out	0x15, r24	; 21
     840:	08 95       	ret

00000842 <.L73>:
     842:	8b b3       	in	r24, 0x1b	; 27
     844:	21 e0       	ldi	r18, 0x01	; 1
     846:	01 c0       	rjmp	.+2      	; 0x84a <.L2^B9>

00000848 <.L1^B9>:
     848:	22 0f       	add	r18, r18

0000084a <.L2^B9>:
     84a:	6a 95       	dec	r22
     84c:	ea f7       	brpl	.-6      	; 0x848 <.L1^B9>
     84e:	82 27       	eor	r24, r18
     850:	8b bb       	out	0x1b, r24	; 27
     852:	08 95       	ret

00000854 <.L74>:
     854:	08 95       	ret

00000856 <EXTI_Init>:
     856:	86 30       	cpi	r24, 0x06	; 6
     858:	b1 f0       	breq	.+44     	; 0x886 <.L13>
     85a:	87 30       	cpi	r24, 0x07	; 7
     85c:	19 f0       	breq	.+6      	; 0x864 <.L14>
     85e:	85 30       	cpi	r24, 0x05	; 5
     860:	09 f1       	breq	.+66     	; 0x8a4 <.L15>

00000862 <.L1>:
     862:	08 95       	ret

00000864 <.L14>:
     864:	64 30       	cpi	r22, 0x04	; 4
     866:	69 f1       	breq	.+90     	; 0x8c2 <.L16>
     868:	65 30       	cpi	r22, 0x05	; 5
     86a:	09 f4       	brne	.+2      	; 0x86e <L0^A+0x2>

0000086c <L0^A>:
     86c:	43 c0       	rjmp	.+134    	; 0x8f4 <.L17>
     86e:	66 30       	cpi	r22, 0x06	; 6
     870:	09 f4       	brne	.+2      	; 0x874 <L0^A+0x2>

00000872 <L0^A>:
     872:	47 c0       	rjmp	.+142    	; 0x902 <.L18>
     874:	67 30       	cpi	r22, 0x07	; 7
     876:	a9 f7       	brne	.-22     	; 0x862 <.L1>
     878:	85 b7       	in	r24, 0x35	; 53
     87a:	84 60       	ori	r24, 0x04	; 4
     87c:	85 bf       	out	0x35, r24	; 53
     87e:	85 b7       	in	r24, 0x35	; 53
     880:	88 60       	ori	r24, 0x08	; 8
     882:	85 bf       	out	0x35, r24	; 53
     884:	08 95       	ret

00000886 <.L13>:
     886:	64 30       	cpi	r22, 0x04	; 4
     888:	19 f1       	breq	.+70     	; 0x8d0 <.L19>
     88a:	65 30       	cpi	r22, 0x05	; 5
     88c:	99 f0       	breq	.+38     	; 0x8b4 <.L20>
     88e:	66 30       	cpi	r22, 0x06	; 6
     890:	31 f1       	breq	.+76     	; 0x8de <.L21>
     892:	67 30       	cpi	r22, 0x07	; 7
     894:	31 f7       	brne	.-52     	; 0x862 <.L1>
     896:	85 b7       	in	r24, 0x35	; 53
     898:	81 60       	ori	r24, 0x01	; 1
     89a:	85 bf       	out	0x35, r24	; 53
     89c:	85 b7       	in	r24, 0x35	; 53
     89e:	82 60       	ori	r24, 0x02	; 2
     8a0:	85 bf       	out	0x35, r24	; 53
     8a2:	08 95       	ret

000008a4 <.L15>:
     8a4:	66 30       	cpi	r22, 0x06	; 6
     8a6:	11 f1       	breq	.+68     	; 0x8ec <.L22>
     8a8:	67 30       	cpi	r22, 0x07	; 7
     8aa:	d9 f6       	brne	.-74     	; 0x862 <.L1>
     8ac:	84 b7       	in	r24, 0x34	; 52
     8ae:	80 64       	ori	r24, 0x40	; 64
     8b0:	84 bf       	out	0x34, r24	; 52
     8b2:	08 95       	ret

000008b4 <.L20>:
     8b4:	85 b7       	in	r24, 0x35	; 53
     8b6:	81 60       	ori	r24, 0x01	; 1
     8b8:	85 bf       	out	0x35, r24	; 53
     8ba:	85 b7       	in	r24, 0x35	; 53
     8bc:	8d 7f       	andi	r24, 0xFD	; 253
     8be:	85 bf       	out	0x35, r24	; 53
     8c0:	08 95       	ret

000008c2 <.L16>:
     8c2:	85 b7       	in	r24, 0x35	; 53
     8c4:	8b 7f       	andi	r24, 0xFB	; 251
     8c6:	85 bf       	out	0x35, r24	; 53
     8c8:	85 b7       	in	r24, 0x35	; 53
     8ca:	87 7f       	andi	r24, 0xF7	; 247
     8cc:	85 bf       	out	0x35, r24	; 53
     8ce:	08 95       	ret

000008d0 <.L19>:
     8d0:	85 b7       	in	r24, 0x35	; 53
     8d2:	8e 7f       	andi	r24, 0xFE	; 254
     8d4:	85 bf       	out	0x35, r24	; 53
     8d6:	85 b7       	in	r24, 0x35	; 53
     8d8:	8d 7f       	andi	r24, 0xFD	; 253
     8da:	85 bf       	out	0x35, r24	; 53
     8dc:	08 95       	ret

000008de <.L21>:
     8de:	85 b7       	in	r24, 0x35	; 53
     8e0:	8e 7f       	andi	r24, 0xFE	; 254
     8e2:	85 bf       	out	0x35, r24	; 53
     8e4:	85 b7       	in	r24, 0x35	; 53
     8e6:	82 60       	ori	r24, 0x02	; 2
     8e8:	85 bf       	out	0x35, r24	; 53
     8ea:	08 95       	ret

000008ec <.L22>:
     8ec:	84 b7       	in	r24, 0x34	; 52
     8ee:	8f 7b       	andi	r24, 0xBF	; 191
     8f0:	84 bf       	out	0x34, r24	; 52
     8f2:	08 95       	ret

000008f4 <.L17>:
     8f4:	85 b7       	in	r24, 0x35	; 53
     8f6:	84 60       	ori	r24, 0x04	; 4
     8f8:	85 bf       	out	0x35, r24	; 53
     8fa:	85 b7       	in	r24, 0x35	; 53
     8fc:	87 7f       	andi	r24, 0xF7	; 247
     8fe:	85 bf       	out	0x35, r24	; 53
     900:	08 95       	ret

00000902 <.L18>:
     902:	85 b7       	in	r24, 0x35	; 53
     904:	8b 7f       	andi	r24, 0xFB	; 251
     906:	85 bf       	out	0x35, r24	; 53
     908:	85 b7       	in	r24, 0x35	; 53
     90a:	88 60       	ori	r24, 0x08	; 8
     90c:	85 bf       	out	0x35, r24	; 53
     90e:	08 95       	ret

00000910 <EXTI_Enable>:
     910:	86 30       	cpi	r24, 0x06	; 6
     912:	49 f0       	breq	.+18     	; 0x926 <.L27>
     914:	87 30       	cpi	r24, 0x07	; 7
     916:	19 f0       	breq	.+6      	; 0x91e <.L28>
     918:	85 30       	cpi	r24, 0x05	; 5
     91a:	49 f0       	breq	.+18     	; 0x92e <.L29>
     91c:	08 95       	ret

0000091e <.L28>:
     91e:	8b b7       	in	r24, 0x3b	; 59
     920:	80 68       	ori	r24, 0x80	; 128
     922:	8b bf       	out	0x3b, r24	; 59
     924:	08 95       	ret

00000926 <.L27>:
     926:	8b b7       	in	r24, 0x3b	; 59
     928:	80 64       	ori	r24, 0x40	; 64
     92a:	8b bf       	out	0x3b, r24	; 59
     92c:	08 95       	ret

0000092e <.L29>:
     92e:	8b b7       	in	r24, 0x3b	; 59
     930:	80 62       	ori	r24, 0x20	; 32
     932:	8b bf       	out	0x3b, r24	; 59
     934:	08 95       	ret

00000936 <EXTI_Disable>:
     936:	86 30       	cpi	r24, 0x06	; 6
     938:	49 f0       	breq	.+18     	; 0x94c <.L34>
     93a:	87 30       	cpi	r24, 0x07	; 7
     93c:	19 f0       	breq	.+6      	; 0x944 <.L35>
     93e:	85 30       	cpi	r24, 0x05	; 5
     940:	49 f0       	breq	.+18     	; 0x954 <.L36>
     942:	08 95       	ret

00000944 <.L35>:
     944:	8b b7       	in	r24, 0x3b	; 59
     946:	8f 77       	andi	r24, 0x7F	; 127
     948:	8b bf       	out	0x3b, r24	; 59
     94a:	08 95       	ret

0000094c <.L34>:
     94c:	8b b7       	in	r24, 0x3b	; 59
     94e:	8f 7b       	andi	r24, 0xBF	; 191
     950:	8b bf       	out	0x3b, r24	; 59
     952:	08 95       	ret

00000954 <.L36>:
     954:	8b b7       	in	r24, 0x3b	; 59
     956:	8f 7d       	andi	r24, 0xDF	; 223
     958:	8b bf       	out	0x3b, r24	; 59
     95a:	08 95       	ret

0000095c <EXTI_CallBack>:
     95c:	83 30       	cpi	r24, 0x03	; 3
     95e:	58 f4       	brcc	.+22     	; 0x976 <.L37>
     960:	61 15       	cp	r22, r1
     962:	71 05       	cpc	r23, r1
     964:	41 f0       	breq	.+16     	; 0x976 <.L37>
     966:	e8 2f       	mov	r30, r24
     968:	f0 e0       	ldi	r31, 0x00	; 0
     96a:	ee 0f       	add	r30, r30
     96c:	ff 1f       	adc	r31, r31
     96e:	ec 57       	subi	r30, 0x7C	; 124
     970:	ff 4f       	sbci	r31, 0xFF	; 255
     972:	60 83       	st	Z, r22
     974:	71 83       	std	Z+1, r23	; 0x01

00000976 <.L37>:
     976:	08 95       	ret

00000978 <__vector_1>:
     978:	1f 92       	push	r1
     97a:	0f 92       	push	r0
     97c:	0f b6       	in	r0, 0x3f	; 63
     97e:	0f 92       	push	r0
     980:	11 24       	eor	r1, r1
     982:	2f 93       	push	r18
     984:	3f 93       	push	r19
     986:	4f 93       	push	r20
     988:	5f 93       	push	r21
     98a:	6f 93       	push	r22
     98c:	7f 93       	push	r23
     98e:	8f 93       	push	r24
     990:	9f 93       	push	r25
     992:	af 93       	push	r26
     994:	bf 93       	push	r27
     996:	ef 93       	push	r30
     998:	ff 93       	push	r31
     99a:	e0 91 84 00 	lds	r30, 0x0084	; 0x800084 <Ptr>
     99e:	f0 91 85 00 	lds	r31, 0x0085	; 0x800085 <Ptr+0x1>
     9a2:	30 97       	sbiw	r30, 0x00	; 0
     9a4:	09 f0       	breq	.+2      	; 0x9a8 <.L42>
     9a6:	09 95       	icall

000009a8 <.L42>:
     9a8:	ff 91       	pop	r31
     9aa:	ef 91       	pop	r30
     9ac:	bf 91       	pop	r27
     9ae:	af 91       	pop	r26
     9b0:	9f 91       	pop	r25
     9b2:	8f 91       	pop	r24
     9b4:	7f 91       	pop	r23
     9b6:	6f 91       	pop	r22
     9b8:	5f 91       	pop	r21
     9ba:	4f 91       	pop	r20
     9bc:	3f 91       	pop	r19
     9be:	2f 91       	pop	r18
     9c0:	0f 90       	pop	r0
     9c2:	0f be       	out	0x3f, r0	; 63
     9c4:	0f 90       	pop	r0
     9c6:	1f 90       	pop	r1
     9c8:	18 95       	reti

000009ca <__vector_2>:
     9ca:	1f 92       	push	r1
     9cc:	0f 92       	push	r0
     9ce:	0f b6       	in	r0, 0x3f	; 63
     9d0:	0f 92       	push	r0
     9d2:	11 24       	eor	r1, r1
     9d4:	2f 93       	push	r18
     9d6:	3f 93       	push	r19
     9d8:	4f 93       	push	r20
     9da:	5f 93       	push	r21
     9dc:	6f 93       	push	r22
     9de:	7f 93       	push	r23
     9e0:	8f 93       	push	r24
     9e2:	9f 93       	push	r25
     9e4:	af 93       	push	r26
     9e6:	bf 93       	push	r27
     9e8:	ef 93       	push	r30
     9ea:	ff 93       	push	r31
     9ec:	e0 91 86 00 	lds	r30, 0x0086	; 0x800086 <Ptr+0x2>
     9f0:	f0 91 87 00 	lds	r31, 0x0087	; 0x800087 <Ptr+0x3>
     9f4:	30 97       	sbiw	r30, 0x00	; 0
     9f6:	09 f0       	breq	.+2      	; 0x9fa <.L47>
     9f8:	09 95       	icall

000009fa <.L47>:
     9fa:	ff 91       	pop	r31
     9fc:	ef 91       	pop	r30
     9fe:	bf 91       	pop	r27
     a00:	af 91       	pop	r26
     a02:	9f 91       	pop	r25
     a04:	8f 91       	pop	r24
     a06:	7f 91       	pop	r23
     a08:	6f 91       	pop	r22
     a0a:	5f 91       	pop	r21
     a0c:	4f 91       	pop	r20
     a0e:	3f 91       	pop	r19
     a10:	2f 91       	pop	r18
     a12:	0f 90       	pop	r0
     a14:	0f be       	out	0x3f, r0	; 63
     a16:	0f 90       	pop	r0
     a18:	1f 90       	pop	r1
     a1a:	18 95       	reti

00000a1c <__vector_3>:
     a1c:	1f 92       	push	r1
     a1e:	0f 92       	push	r0
     a20:	0f b6       	in	r0, 0x3f	; 63
     a22:	0f 92       	push	r0
     a24:	11 24       	eor	r1, r1
     a26:	2f 93       	push	r18
     a28:	3f 93       	push	r19
     a2a:	4f 93       	push	r20
     a2c:	5f 93       	push	r21
     a2e:	6f 93       	push	r22
     a30:	7f 93       	push	r23
     a32:	8f 93       	push	r24
     a34:	9f 93       	push	r25
     a36:	af 93       	push	r26
     a38:	bf 93       	push	r27
     a3a:	ef 93       	push	r30
     a3c:	ff 93       	push	r31
     a3e:	e0 91 88 00 	lds	r30, 0x0088	; 0x800088 <Ptr+0x4>
     a42:	f0 91 89 00 	lds	r31, 0x0089	; 0x800089 <Ptr+0x5>
     a46:	30 97       	sbiw	r30, 0x00	; 0
     a48:	09 f0       	breq	.+2      	; 0xa4c <.L52>
     a4a:	09 95       	icall

00000a4c <.L52>:
     a4c:	ff 91       	pop	r31
     a4e:	ef 91       	pop	r30
     a50:	bf 91       	pop	r27
     a52:	af 91       	pop	r26
     a54:	9f 91       	pop	r25
     a56:	8f 91       	pop	r24
     a58:	7f 91       	pop	r23
     a5a:	6f 91       	pop	r22
     a5c:	5f 91       	pop	r21
     a5e:	4f 91       	pop	r20
     a60:	3f 91       	pop	r19
     a62:	2f 91       	pop	r18
     a64:	0f 90       	pop	r0
     a66:	0f be       	out	0x3f, r0	; 63
     a68:	0f 90       	pop	r0
     a6a:	1f 90       	pop	r1
     a6c:	18 95       	reti

00000a6e <GIE_Enable>:
     a6e:	8f b7       	in	r24, 0x3f	; 63
     a70:	80 68       	ori	r24, 0x80	; 128
     a72:	8f bf       	out	0x3f, r24	; 63
     a74:	08 95       	ret

00000a76 <GIE_Disable>:
     a76:	8f b7       	in	r24, 0x3f	; 63
     a78:	8f 77       	andi	r24, 0x7F	; 127
     a7a:	8f bf       	out	0x3f, r24	; 63
     a7c:	08 95       	ret

00000a7e <TIMER0_Init>:
     a7e:	cf 93       	push	r28
     a80:	df 93       	push	r29
     a82:	00 d0       	rcall	.+0      	; 0xa84 <L0^A>

00000a84 <L0^A>:
     a84:	00 d0       	rcall	.+0      	; 0xa86 <L0^A>

00000a86 <L0^A>:
     a86:	0f 92       	push	r0
     a88:	cd b7       	in	r28, 0x3d	; 61
     a8a:	de b7       	in	r29, 0x3e	; 62
     a8c:	49 83       	std	Y+1, r20	; 0x01
     a8e:	5a 83       	std	Y+2, r21	; 0x02
     a90:	6b 83       	std	Y+3, r22	; 0x03
     a92:	27 2f       	mov	r18, r23
     a94:	7c 83       	std	Y+4, r23	; 0x04
     a96:	8d 83       	std	Y+5, r24	; 0x05
     a98:	13 be       	out	0x33, r1	; 51
     a9a:	41 30       	cpi	r20, 0x01	; 1
     a9c:	98 f4       	brcc	.+38     	; 0xac4 <.L2>
     a9e:	83 b7       	in	r24, 0x33	; 51
     aa0:	8f 7b       	andi	r24, 0xBF	; 191
     aa2:	83 bf       	out	0x33, r24	; 51
     aa4:	83 b7       	in	r24, 0x33	; 51
     aa6:	87 7f       	andi	r24, 0xF7	; 247
     aa8:	83 bf       	out	0x33, r24	; 51
     aaa:	8a 81       	ldd	r24, Y+2	; 0x02
     aac:	82 bf       	out	0x32, r24	; 50
     aae:	89 b7       	in	r24, 0x39	; 57
     ab0:	81 60       	ori	r24, 0x01	; 1
     ab2:	89 bf       	out	0x39, r24	; 57

00000ab4 <.L1>:
     ab4:	0f 90       	pop	r0
     ab6:	0f 90       	pop	r0
     ab8:	0f 90       	pop	r0
     aba:	0f 90       	pop	r0
     abc:	0f 90       	pop	r0
     abe:	df 91       	pop	r29
     ac0:	cf 91       	pop	r28
     ac2:	08 95       	ret

00000ac4 <.L2>:
     ac4:	b9 f0       	breq	.+46     	; 0xaf4 <.L16>
     ac6:	42 30       	cpi	r20, 0x02	; 2
     ac8:	41 f1       	breq	.+80     	; 0xb1a <.L17>
     aca:	43 30       	cpi	r20, 0x03	; 3
     acc:	99 f7       	brne	.-26     	; 0xab4 <.L1>
     ace:	83 b7       	in	r24, 0x33	; 51
     ad0:	80 64       	ori	r24, 0x40	; 64
     ad2:	83 bf       	out	0x33, r24	; 51
     ad4:	83 b7       	in	r24, 0x33	; 51
     ad6:	87 7f       	andi	r24, 0xF7	; 247
     ad8:	83 bf       	out	0x33, r24	; 51
     ada:	71 30       	cpi	r23, 0x01	; 1
     adc:	31 f1       	breq	.+76     	; 0xb2a <.L13>

00000ade <.L8>:
     ade:	22 30       	cpi	r18, 0x02	; 2
     ae0:	71 f1       	breq	.+92     	; 0xb3e <.L18>
     ae2:	1c ba       	out	0x1c, r1	; 28

00000ae4 <.L19>:
     ae4:	0f 90       	pop	r0
     ae6:	0f 90       	pop	r0
     ae8:	0f 90       	pop	r0
     aea:	0f 90       	pop	r0
     aec:	0f 90       	pop	r0
     aee:	df 91       	pop	r29
     af0:	cf 91       	pop	r28
     af2:	08 95       	ret

00000af4 <.L16>:
     af4:	83 b7       	in	r24, 0x33	; 51
     af6:	8f 7b       	andi	r24, 0xBF	; 191
     af8:	83 bf       	out	0x33, r24	; 51
     afa:	83 b7       	in	r24, 0x33	; 51
     afc:	88 60       	ori	r24, 0x08	; 8
     afe:	83 bf       	out	0x33, r24	; 51
     b00:	8b 81       	ldd	r24, Y+3	; 0x03
     b02:	8c bb       	out	0x1c, r24	; 28
     b04:	89 b7       	in	r24, 0x39	; 57
     b06:	82 60       	ori	r24, 0x02	; 2
     b08:	89 bf       	out	0x39, r24	; 57
     b0a:	0f 90       	pop	r0
     b0c:	0f 90       	pop	r0
     b0e:	0f 90       	pop	r0
     b10:	0f 90       	pop	r0
     b12:	0f 90       	pop	r0
     b14:	df 91       	pop	r29
     b16:	cf 91       	pop	r28
     b18:	08 95       	ret

00000b1a <.L17>:
     b1a:	83 b7       	in	r24, 0x33	; 51
     b1c:	80 64       	ori	r24, 0x40	; 64
     b1e:	83 bf       	out	0x33, r24	; 51
     b20:	83 b7       	in	r24, 0x33	; 51
     b22:	88 60       	ori	r24, 0x08	; 8
     b24:	83 bf       	out	0x33, r24	; 51
     b26:	71 30       	cpi	r23, 0x01	; 1
     b28:	d1 f6       	brne	.-76     	; 0xade <.L8>

00000b2a <.L13>:
     b2a:	83 b7       	in	r24, 0x33	; 51
     b2c:	8f 7e       	andi	r24, 0xEF	; 239

00000b2e <.L11>:
     b2e:	83 bf       	out	0x33, r24	; 51
     b30:	83 b7       	in	r24, 0x33	; 51
     b32:	80 62       	ori	r24, 0x20	; 32
     b34:	83 bf       	out	0x33, r24	; 51
     b36:	20 93 8e 00 	sts	0x008E, r18	; 0x80008e <StaticPWMOutputMode>
     b3a:	1c ba       	out	0x1c, r1	; 28
     b3c:	d3 cf       	rjmp	.-90     	; 0xae4 <.L19>

00000b3e <.L18>:
     b3e:	83 b7       	in	r24, 0x33	; 51
     b40:	80 61       	ori	r24, 0x10	; 16
     b42:	f5 cf       	rjmp	.-22     	; 0xb2e <.L11>

00000b44 <TIMER0_Start>:
     b44:	81 15       	cp	r24, r1
     b46:	21 f0       	breq	.+8      	; 0xb50 <.L20>
     b48:	93 b7       	in	r25, 0x33	; 51
     b4a:	98 7f       	andi	r25, 0xF8	; 248
     b4c:	89 2b       	or	r24, r25
     b4e:	83 bf       	out	0x33, r24	; 51

00000b50 <.L20>:
     b50:	08 95       	ret

00000b52 <TIMER0_Stop>:
     b52:	83 b7       	in	r24, 0x33	; 51
     b54:	88 7f       	andi	r24, 0xF8	; 248
     b56:	83 bf       	out	0x33, r24	; 51
     b58:	08 95       	ret

00000b5a <TIMER0_SetPreload>:
     b5a:	82 bf       	out	0x32, r24	; 50
     b5c:	08 95       	ret

00000b5e <TIMER0_SetCompare>:
     b5e:	8c bb       	out	0x1c, r24	; 28
     b60:	08 95       	ret

00000b62 <TIMER0_SetCallBackFunction>:
     b62:	81 30       	cpi	r24, 0x01	; 1
     b64:	40 f4       	brcc	.+16     	; 0xb76 <.L29>
     b66:	61 15       	cp	r22, r1
     b68:	71 05       	cpc	r23, r1
     b6a:	31 f0       	breq	.+12     	; 0xb78 <.L28>
     b6c:	60 93 8c 00 	sts	0x008C, r22	; 0x80008c <Timer0_OVFCallBack>
     b70:	70 93 8d 00 	sts	0x008D, r23	; 0x80008d <Timer0_OVFCallBack+0x1>
     b74:	08 95       	ret

00000b76 <.L29>:
     b76:	09 f0       	breq	.+2      	; 0xb7a <.L37>

00000b78 <.L28>:
     b78:	08 95       	ret

00000b7a <.L37>:
     b7a:	61 15       	cp	r22, r1
     b7c:	71 05       	cpc	r23, r1
     b7e:	e1 f3       	breq	.-8      	; 0xb78 <.L28>
     b80:	60 93 8a 00 	sts	0x008A, r22	; 0x80008a <Timer0_CTCCallBack>
     b84:	70 93 8b 00 	sts	0x008B, r23	; 0x80008b <Timer0_CTCCallBack+0x1>
     b88:	08 95       	ret

00000b8a <TIMER0_SetPWMDutyCycle>:
     b8a:	85 36       	cpi	r24, 0x65	; 101
     b8c:	40 f4       	brcc	.+16     	; 0xb9e <.L38>
     b8e:	90 91 8e 00 	lds	r25, 0x008E	; 0x80008e <StaticPWMOutputMode>
     b92:	91 30       	cpi	r25, 0x01	; 1
     b94:	29 f0       	breq	.+10     	; 0xba0 <.L43>
     b96:	20 e0       	ldi	r18, 0x00	; 0
     b98:	92 30       	cpi	r25, 0x02	; 2
     b9a:	79 f0       	breq	.+30     	; 0xbba <.L44>
     b9c:	2c bb       	out	0x1c, r18	; 28

00000b9e <.L38>:
     b9e:	08 95       	ret

00000ba0 <.L43>:
     ba0:	28 2f       	mov	r18, r24
     ba2:	30 e0       	ldi	r19, 0x00	; 0
     ba4:	af ef       	ldi	r26, 0xFF	; 255
     ba6:	b0 e0       	ldi	r27, 0x00	; 0
     ba8:	0e 94 4d 08 	call	0x109a	; 0x109a <__umulhisi3>
     bac:	24 e6       	ldi	r18, 0x64	; 100
     bae:	40 e0       	ldi	r20, 0x00	; 0
     bb0:	50 e0       	ldi	r21, 0x00	; 0
     bb2:	0e 94 5c 08 	call	0x10b8	; 0x10b8 <__udivmodsi4>
     bb6:	2c bb       	out	0x1c, r18	; 28
     bb8:	08 95       	ret

00000bba <.L44>:
     bba:	28 2f       	mov	r18, r24
     bbc:	30 e0       	ldi	r19, 0x00	; 0
     bbe:	af ef       	ldi	r26, 0xFF	; 255
     bc0:	b0 e0       	ldi	r27, 0x00	; 0
     bc2:	0e 94 4d 08 	call	0x109a	; 0x109a <__umulhisi3>
     bc6:	24 e6       	ldi	r18, 0x64	; 100
     bc8:	40 e0       	ldi	r20, 0x00	; 0
     bca:	50 e0       	ldi	r21, 0x00	; 0
     bcc:	0e 94 5c 08 	call	0x10b8	; 0x10b8 <__udivmodsi4>
     bd0:	20 95       	com	r18
     bd2:	2c bb       	out	0x1c, r18	; 28
     bd4:	08 95       	ret

00000bd6 <__vector_10>:
     bd6:	1f 92       	push	r1
     bd8:	0f 92       	push	r0
     bda:	0f b6       	in	r0, 0x3f	; 63
     bdc:	0f 92       	push	r0
     bde:	11 24       	eor	r1, r1
     be0:	2f 93       	push	r18
     be2:	3f 93       	push	r19
     be4:	4f 93       	push	r20
     be6:	5f 93       	push	r21
     be8:	6f 93       	push	r22
     bea:	7f 93       	push	r23
     bec:	8f 93       	push	r24
     bee:	9f 93       	push	r25
     bf0:	af 93       	push	r26
     bf2:	bf 93       	push	r27
     bf4:	ef 93       	push	r30
     bf6:	ff 93       	push	r31
     bf8:	e0 91 8a 00 	lds	r30, 0x008A	; 0x80008a <Timer0_CTCCallBack>
     bfc:	f0 91 8b 00 	lds	r31, 0x008B	; 0x80008b <Timer0_CTCCallBack+0x1>
     c00:	09 95       	icall
     c02:	ff 91       	pop	r31
     c04:	ef 91       	pop	r30
     c06:	bf 91       	pop	r27
     c08:	af 91       	pop	r26
     c0a:	9f 91       	pop	r25
     c0c:	8f 91       	pop	r24
     c0e:	7f 91       	pop	r23
     c10:	6f 91       	pop	r22
     c12:	5f 91       	pop	r21
     c14:	4f 91       	pop	r20
     c16:	3f 91       	pop	r19
     c18:	2f 91       	pop	r18
     c1a:	0f 90       	pop	r0
     c1c:	0f be       	out	0x3f, r0	; 63
     c1e:	0f 90       	pop	r0
     c20:	1f 90       	pop	r1
     c22:	18 95       	reti

00000c24 <__vector_11>:
     c24:	1f 92       	push	r1
     c26:	0f 92       	push	r0
     c28:	0f b6       	in	r0, 0x3f	; 63
     c2a:	0f 92       	push	r0
     c2c:	11 24       	eor	r1, r1
     c2e:	2f 93       	push	r18
     c30:	3f 93       	push	r19
     c32:	4f 93       	push	r20
     c34:	5f 93       	push	r21
     c36:	6f 93       	push	r22
     c38:	7f 93       	push	r23
     c3a:	8f 93       	push	r24
     c3c:	9f 93       	push	r25
     c3e:	af 93       	push	r26
     c40:	bf 93       	push	r27
     c42:	ef 93       	push	r30
     c44:	ff 93       	push	r31
     c46:	e0 91 8c 00 	lds	r30, 0x008C	; 0x80008c <Timer0_OVFCallBack>
     c4a:	f0 91 8d 00 	lds	r31, 0x008D	; 0x80008d <Timer0_OVFCallBack+0x1>
     c4e:	09 95       	icall
     c50:	ff 91       	pop	r31
     c52:	ef 91       	pop	r30
     c54:	bf 91       	pop	r27
     c56:	af 91       	pop	r26
     c58:	9f 91       	pop	r25
     c5a:	8f 91       	pop	r24
     c5c:	7f 91       	pop	r23
     c5e:	6f 91       	pop	r22
     c60:	5f 91       	pop	r21
     c62:	4f 91       	pop	r20
     c64:	3f 91       	pop	r19
     c66:	2f 91       	pop	r18
     c68:	0f 90       	pop	r0
     c6a:	0f be       	out	0x3f, r0	; 63
     c6c:	0f 90       	pop	r0
     c6e:	1f 90       	pop	r1
     c70:	18 95       	reti

00000c72 <UART_Init>:
     c72:	ef 92       	push	r14
     c74:	ff 92       	push	r15
     c76:	0f 93       	push	r16
     c78:	1f 93       	push	r17
     c7a:	cf 93       	push	r28
     c7c:	df 93       	push	r29
     c7e:	cd b7       	in	r28, 0x3d	; 61
     c80:	de b7       	in	r29, 0x3e	; 62
     c82:	2b 97       	sbiw	r28, 0x0b	; 11
     c84:	0f b6       	in	r0, 0x3f	; 63
     c86:	f8 94       	cli
     c88:	de bf       	out	0x3e, r29	; 62
     c8a:	0f be       	out	0x3f, r0	; 63
     c8c:	cd bf       	out	0x3d, r28	; 61
     c8e:	ae 2d       	mov	r26, r14
     c90:	e9 82       	std	Y+1, r14	; 0x01
     c92:	ff 2d       	mov	r31, r15
     c94:	fa 82       	std	Y+2, r15	; 0x02
     c96:	e0 2f       	mov	r30, r16
     c98:	0b 83       	std	Y+3, r16	; 0x03
     c9a:	91 2f       	mov	r25, r17
     c9c:	1c 83       	std	Y+4, r17	; 0x04
     c9e:	2d 83       	std	Y+5, r18	; 0x05
     ca0:	3e 83       	std	Y+6, r19	; 0x06
     ca2:	4f 83       	std	Y+7, r20	; 0x07
     ca4:	58 87       	std	Y+8, r21	; 0x08
     ca6:	06 2f       	mov	r16, r22
     ca8:	69 87       	std	Y+9, r22	; 0x09
     caa:	67 2f       	mov	r22, r23
     cac:	7a 87       	std	Y+10, r23	; 0x0a
     cae:	18 2f       	mov	r17, r24
     cb0:	8b 87       	std	Y+11, r24	; 0x0b
     cb2:	2d 81       	ldd	r18, Y+5	; 0x05
     cb4:	3e 81       	ldd	r19, Y+6	; 0x06
     cb6:	4f 81       	ldd	r20, Y+7	; 0x07
     cb8:	58 85       	ldd	r21, Y+8	; 0x08
     cba:	e0 92 91 00 	sts	0x0091, r14	; 0x800091 <GlobaleUart_Config>
     cbe:	f0 92 92 00 	sts	0x0092, r15	; 0x800092 <GlobaleUart_Config+0x1>
     cc2:	e0 93 93 00 	sts	0x0093, r30	; 0x800093 <GlobaleUart_Config+0x2>
     cc6:	90 93 94 00 	sts	0x0094, r25	; 0x800094 <GlobaleUart_Config+0x3>
     cca:	20 93 95 00 	sts	0x0095, r18	; 0x800095 <GlobaleUart_Config+0x4>
     cce:	30 93 96 00 	sts	0x0096, r19	; 0x800096 <GlobaleUart_Config+0x5>
     cd2:	40 93 97 00 	sts	0x0097, r20	; 0x800097 <GlobaleUart_Config+0x6>
     cd6:	50 93 98 00 	sts	0x0098, r21	; 0x800098 <GlobaleUart_Config+0x7>
     cda:	00 93 99 00 	sts	0x0099, r16	; 0x800099 <GlobaleUart_Config+0x8>
     cde:	70 93 9a 00 	sts	0x009A, r23	; 0x80009a <GlobaleUart_Config+0x9>
     ce2:	80 93 9b 00 	sts	0x009B, r24	; 0x80009b <GlobaleUart_Config+0xa>
     ce6:	80 ec       	ldi	r24, 0xC0	; 192
     ce8:	a1 30       	cpi	r26, 0x01	; 1
     cea:	09 f0       	breq	.+2      	; 0xcee <.L2>
     cec:	80 e8       	ldi	r24, 0x80	; 128

00000cee <.L2>:
     cee:	e1 30       	cpi	r30, 0x01	; 1
     cf0:	09 f4       	brne	.+2      	; 0xcf4 <L0^A+0x2>

00000cf2 <L0^A>:
     cf2:	74 c0       	rjmp	.+232    	; 0xddc <.L35>
     cf4:	e2 30       	cpi	r30, 0x02	; 2
     cf6:	09 f4       	brne	.+2      	; 0xcfa <.L4>

00000cf8 <L0^A>:
     cf8:	5a c0       	rjmp	.+180    	; 0xdae <.L36>

00000cfa <.L4>:
     cfa:	f1 30       	cpi	r31, 0x01	; 1
     cfc:	09 f4       	brne	.+2      	; 0xd00 <.L5>

00000cfe <L0^A>:
     cfe:	5b c0       	rjmp	.+182    	; 0xdb6 <.L37>

00000d00 <.L5>:
     d00:	91 30       	cpi	r25, 0x01	; 1
     d02:	58 f0       	brcs	.+22     	; 0xd1a <.L6>
     d04:	09 f4       	brne	.+2      	; 0xd08 <L0^A+0x2>

00000d06 <L0^A>:
     d06:	6f c0       	rjmp	.+222    	; 0xde6 <.L38>
     d08:	92 30       	cpi	r25, 0x02	; 2
     d0a:	09 f4       	brne	.+2      	; 0xd0e <L0^A+0x2>

00000d0c <L0^A>:
     d0c:	75 c0       	rjmp	.+234    	; 0xdf8 <.L39>
     d0e:	93 30       	cpi	r25, 0x03	; 3
     d10:	09 f4       	brne	.+2      	; 0xd14 <L0^A+0x2>

00000d12 <L0^A>:
     d12:	6b c0       	rjmp	.+214    	; 0xdea <.L29>
     d14:	97 30       	cpi	r25, 0x07	; 7
     d16:	09 f4       	brne	.+2      	; 0xd1a <.L6>

00000d18 <L0^A>:
     d18:	68 c0       	rjmp	.+208    	; 0xdea <.L29>

00000d1a <.L6>:
     d1a:	80 bd       	out	0x20, r24	; 32
     d1c:	61 30       	cpi	r22, 0x01	; 1
     d1e:	e8 f5       	brcc	.+122    	; 0xd9a <.L10>
     d20:	59 98       	cbi	0x0b, 1	; 11
     d22:	22 0f       	add	r18, r18
     d24:	33 1f       	adc	r19, r19
     d26:	44 1f       	adc	r20, r20
     d28:	55 1f       	adc	r21, r21
     d2a:	22 0f       	add	r18, r18
     d2c:	33 1f       	adc	r19, r19
     d2e:	44 1f       	adc	r20, r20
     d30:	55 1f       	adc	r21, r21
     d32:	22 0f       	add	r18, r18
     d34:	33 1f       	adc	r19, r19
     d36:	44 1f       	adc	r20, r20
     d38:	55 1f       	adc	r21, r21
     d3a:	22 0f       	add	r18, r18
     d3c:	33 1f       	adc	r19, r19
     d3e:	44 1f       	adc	r20, r20
     d40:	55 1f       	adc	r21, r21

00000d42 <.L30>:
     d42:	60 e0       	ldi	r22, 0x00	; 0
     d44:	72 e1       	ldi	r23, 0x12	; 18
     d46:	8a e7       	ldi	r24, 0x7A	; 122
     d48:	90 e0       	ldi	r25, 0x00	; 0
     d4a:	0e 94 5c 08 	call	0x10b8	; 0x10b8 <__udivmodsi4>
     d4e:	21 50       	subi	r18, 0x01	; 1
     d50:	31 09       	sbc	r19, r1
     d52:	92 2f       	mov	r25, r18
     d54:	83 2f       	mov	r24, r19

00000d56 <.L11>:
     d56:	99 b9       	out	0x09, r25	; 9
     d58:	80 bd       	out	0x20, r24	; 32
     d5a:	57 98       	cbi	0x0a, 7	; 10
     d5c:	56 98       	cbi	0x0a, 6	; 10
     d5e:	55 98       	cbi	0x0a, 5	; 10
     d60:	11 50       	subi	r17, 0x01	; 1
     d62:	17 30       	cpi	r17, 0x07	; 7
     d64:	48 f4       	brcc	.+18     	; 0xd78 <.L12>
     d66:	e1 2f       	mov	r30, r17
     d68:	f0 e0       	ldi	r31, 0x00	; 0
     d6a:	e2 58       	subi	r30, 0x82	; 130
     d6c:	f4 4f       	sbci	r31, 0xF4	; 244
     d6e:	0c 94 7e 08 	jmp	0x10fc	; 0x10fc <__tablejump2__>

00000d72 <.L13>:
     d72:	56 9a       	sbi	0x0a, 6	; 10

00000d74 <.L33>:
     d74:	57 9a       	sbi	0x0a, 7	; 10

00000d76 <.L32>:
     d76:	55 9a       	sbi	0x0a, 5	; 10

00000d78 <.L12>:
     d78:	01 30       	cpi	r16, 0x01	; 1
     d7a:	98 f4       	brcc	.+38     	; 0xda2 <.L21>
     d7c:	54 9a       	sbi	0x0a, 4	; 10
     d7e:	53 98       	cbi	0x0a, 3	; 10

00000d80 <.L1>:
     d80:	2b 96       	adiw	r28, 0x0b	; 11
     d82:	0f b6       	in	r0, 0x3f	; 63
     d84:	f8 94       	cli
     d86:	de bf       	out	0x3e, r29	; 62
     d88:	0f be       	out	0x3f, r0	; 63
     d8a:	cd bf       	out	0x3d, r28	; 61
     d8c:	df 91       	pop	r29
     d8e:	cf 91       	pop	r28
     d90:	1f 91       	pop	r17
     d92:	0f 91       	pop	r16
     d94:	ff 90       	pop	r15
     d96:	ef 90       	pop	r14
     d98:	08 95       	ret

00000d9a <.L10>:
     d9a:	79 f0       	breq	.+30     	; 0xdba <.L40>
     d9c:	80 e0       	ldi	r24, 0x00	; 0
     d9e:	90 e0       	ldi	r25, 0x00	; 0
     da0:	da cf       	rjmp	.-76     	; 0xd56 <.L11>

00000da2 <.L21>:
     da2:	f1 f0       	breq	.+60     	; 0xde0 <.L41>
     da4:	02 30       	cpi	r16, 0x02	; 2
     da6:	61 f7       	brne	.-40     	; 0xd80 <.L1>
     da8:	54 9a       	sbi	0x0a, 4	; 10
     daa:	53 9a       	sbi	0x0a, 3	; 10
     dac:	e9 cf       	rjmp	.-46     	; 0xd80 <.L1>

00000dae <.L36>:
     dae:	80 63       	ori	r24, 0x30	; 48
     db0:	f1 30       	cpi	r31, 0x01	; 1
     db2:	09 f0       	breq	.+2      	; 0xdb6 <.L37>

00000db4 <L0^A>:
     db4:	a5 cf       	rjmp	.-182    	; 0xd00 <.L5>

00000db6 <.L37>:
     db6:	88 60       	ori	r24, 0x08	; 8
     db8:	a3 cf       	rjmp	.-186    	; 0xd00 <.L5>

00000dba <.L40>:
     dba:	59 9a       	sbi	0x0b, 1	; 11
     dbc:	22 0f       	add	r18, r18
     dbe:	33 1f       	adc	r19, r19
     dc0:	44 1f       	adc	r20, r20
     dc2:	55 1f       	adc	r21, r21
     dc4:	22 0f       	add	r18, r18
     dc6:	33 1f       	adc	r19, r19
     dc8:	44 1f       	adc	r20, r20
     dca:	55 1f       	adc	r21, r21
     dcc:	22 0f       	add	r18, r18
     dce:	33 1f       	adc	r19, r19
     dd0:	44 1f       	adc	r20, r20
     dd2:	55 1f       	adc	r21, r21
     dd4:	b6 cf       	rjmp	.-148    	; 0xd42 <.L30>

00000dd6 <.L17>:
     dd6:	57 9a       	sbi	0x0a, 7	; 10

00000dd8 <.L31>:
     dd8:	56 9a       	sbi	0x0a, 6	; 10
     dda:	ce cf       	rjmp	.-100    	; 0xd78 <.L12>

00000ddc <.L35>:
     ddc:	80 62       	ori	r24, 0x20	; 32
     dde:	8d cf       	rjmp	.-230    	; 0xcfa <.L4>

00000de0 <.L41>:
     de0:	53 9a       	sbi	0x0a, 3	; 10
     de2:	54 98       	cbi	0x0a, 4	; 10
     de4:	cd cf       	rjmp	.-102    	; 0xd80 <.L1>

00000de6 <.L38>:
     de6:	82 60       	ori	r24, 0x02	; 2
     de8:	98 cf       	rjmp	.-208    	; 0xd1a <.L6>

00000dea <.L29>:
     dea:	86 60       	ori	r24, 0x06	; 6
     dec:	96 cf       	rjmp	.-212    	; 0xd1a <.L6>

00000dee <.L20>:
     dee:	57 9a       	sbi	0x0a, 7	; 10
     df0:	c3 cf       	rjmp	.-122    	; 0xd78 <.L12>

00000df2 <.L15>:
     df2:	56 9a       	sbi	0x0a, 6	; 10
     df4:	55 9a       	sbi	0x0a, 5	; 10
     df6:	c0 cf       	rjmp	.-128    	; 0xd78 <.L12>

00000df8 <.L39>:
     df8:	84 60       	ori	r24, 0x04	; 4
     dfa:	8f cf       	rjmp	.-226    	; 0xd1a <.L6>

00000dfc <UART_SendBytePolling>:
     dfc:	9c 01       	movw	r18, r24

00000dfe <.L43>:
     dfe:	5d 9b       	sbis	0x0b, 5	; 11
     e00:	fe cf       	rjmp	.-4      	; 0xdfe <.L43>
     e02:	80 91 94 00 	lds	r24, 0x0094	; 0x800094 <GlobaleUart_Config+0x3>
     e06:	89 30       	cpi	r24, 0x09	; 9
     e08:	11 f0       	breq	.+4      	; 0xe0e <.L52>

00000e0a <.L45>:
     e0a:	2c b9       	out	0x0c, r18	; 12
     e0c:	08 95       	ret

00000e0e <.L52>:
     e0e:	50 98       	cbi	0x0a, 0	; 10
     e10:	30 ff       	sbrs	r19, 0
     e12:	fb cf       	rjmp	.-10     	; 0xe0a <.L45>
     e14:	50 9a       	sbi	0x0a, 0	; 10
     e16:	2c b9       	out	0x0c, r18	; 12
     e18:	08 95       	ret

00000e1a <UART_ReceiveBytePolling>:
     e1a:	5f 9b       	sbis	0x0b, 7	; 11
     e1c:	fe cf       	rjmp	.-4      	; 0xe1a <UART_ReceiveBytePolling>
     e1e:	80 91 94 00 	lds	r24, 0x0094	; 0x800094 <GlobaleUart_Config+0x3>
     e22:	89 30       	cpi	r24, 0x09	; 9
     e24:	09 f4       	brne	.+2      	; 0xe28 <.L55>
     e26:	8a b1       	in	r24, 0x0a	; 10

00000e28 <.L55>:
     e28:	8c b1       	in	r24, 0x0c	; 12
     e2a:	8c b1       	in	r24, 0x0c	; 12
     e2c:	90 e0       	ldi	r25, 0x00	; 0
     e2e:	08 95       	ret

00000e30 <UART_SendStringPolling>:
     e30:	dc 01       	movw	r26, r24
     e32:	9c 91       	ld	r25, X
     e34:	91 15       	cp	r25, r1
     e36:	81 f0       	breq	.+32     	; 0xe58 <.L58>
     e38:	20 e0       	ldi	r18, 0x00	; 0
     e3a:	80 91 94 00 	lds	r24, 0x0094	; 0x800094 <GlobaleUart_Config+0x3>

00000e3e <.L60>:
     e3e:	5d 9b       	sbis	0x0b, 5	; 11
     e40:	fe cf       	rjmp	.-4      	; 0xe3e <.L60>
     e42:	89 30       	cpi	r24, 0x09	; 9
     e44:	09 f4       	brne	.+2      	; 0xe48 <.L61>
     e46:	50 98       	cbi	0x0a, 0	; 10

00000e48 <.L61>:
     e48:	9c b9       	out	0x0c, r25	; 12
     e4a:	2f 5f       	subi	r18, 0xFF	; 255
     e4c:	fd 01       	movw	r30, r26
     e4e:	e2 0f       	add	r30, r18
     e50:	f1 1d       	adc	r31, r1
     e52:	90 81       	ld	r25, Z
     e54:	91 11       	cpse	r25, r1
     e56:	f3 cf       	rjmp	.-26     	; 0xe3e <.L60>

00000e58 <.L58>:
     e58:	08 95       	ret

00000e5a <UART_ReceiveStringPolling>:
     e5a:	dc 01       	movw	r26, r24
     e5c:	89 2b       	or	r24, r25
     e5e:	d9 f0       	breq	.+54     	; 0xe96 <.L69>

00000e60 <.L71>:
     e60:	5f 9b       	sbis	0x0b, 7	; 11
     e62:	fe cf       	rjmp	.-4      	; 0xe60 <.L71>
     e64:	80 91 94 00 	lds	r24, 0x0094	; 0x800094 <GlobaleUart_Config+0x3>
     e68:	89 30       	cpi	r24, 0x09	; 9
     e6a:	b1 f0       	breq	.+44     	; 0xe98 <.L86>
     e6c:	9c b1       	in	r25, 0x0c	; 12
     e6e:	9c b1       	in	r25, 0x0c	; 12
     e70:	9c 93       	st	X, r25
     e72:	69 17       	cp	r22, r25
     e74:	b9 f0       	breq	.+46     	; 0xea4 <.L77>

00000e76 <.L87>:
     e76:	90 e0       	ldi	r25, 0x00	; 0

00000e78 <.L76>:
     e78:	9f 5f       	subi	r25, 0xFF	; 255

00000e7a <.L74>:
     e7a:	5f 9b       	sbis	0x0b, 7	; 11
     e7c:	fe cf       	rjmp	.-4      	; 0xe7a <.L74>
     e7e:	89 30       	cpi	r24, 0x09	; 9
     e80:	09 f4       	brne	.+2      	; 0xe84 <.L75>
     e82:	2a b1       	in	r18, 0x0a	; 10

00000e84 <.L75>:
     e84:	2c b1       	in	r18, 0x0c	; 12
     e86:	2c b1       	in	r18, 0x0c	; 12
     e88:	fd 01       	movw	r30, r26
     e8a:	e9 0f       	add	r30, r25
     e8c:	f1 1d       	adc	r31, r1
     e8e:	20 83       	st	Z, r18
     e90:	62 13       	cpse	r22, r18
     e92:	f2 cf       	rjmp	.-28     	; 0xe78 <.L76>
     e94:	10 82       	st	Z, r1

00000e96 <.L69>:
     e96:	08 95       	ret

00000e98 <.L86>:
     e98:	9a b1       	in	r25, 0x0a	; 10
     e9a:	9c b1       	in	r25, 0x0c	; 12
     e9c:	9c b1       	in	r25, 0x0c	; 12
     e9e:	9c 93       	st	X, r25
     ea0:	69 13       	cpse	r22, r25
     ea2:	e9 cf       	rjmp	.-46     	; 0xe76 <.L87>

00000ea4 <.L77>:
     ea4:	fd 01       	movw	r30, r26
     ea6:	10 82       	st	Z, r1
     ea8:	08 95       	ret

00000eaa <UART_SendBufferPolling>:
     eaa:	61 15       	cp	r22, r1
     eac:	71 05       	cpc	r23, r1
     eae:	79 f0       	breq	.+30     	; 0xece <.L88>
     eb0:	fc 01       	movw	r30, r24
     eb2:	68 0f       	add	r22, r24
     eb4:	79 1f       	adc	r23, r25
     eb6:	90 91 94 00 	lds	r25, 0x0094	; 0x800094 <GlobaleUart_Config+0x3>

00000eba <.L92>:
     eba:	81 91       	ld	r24, Z+

00000ebc <.L90>:
     ebc:	5d 9b       	sbis	0x0b, 5	; 11
     ebe:	fe cf       	rjmp	.-4      	; 0xebc <.L90>
     ec0:	99 30       	cpi	r25, 0x09	; 9
     ec2:	09 f4       	brne	.+2      	; 0xec6 <.L91>
     ec4:	50 98       	cbi	0x0a, 0	; 10

00000ec6 <.L91>:
     ec6:	8c b9       	out	0x0c, r24	; 12
     ec8:	e6 17       	cp	r30, r22
     eca:	f7 07       	cpc	r31, r23
     ecc:	b1 f7       	brne	.-20     	; 0xeba <.L92>

00000ece <.L88>:
     ece:	08 95       	ret

00000ed0 <UART_ReceiveByteInterrupt>:
     ed0:	dc 01       	movw	r26, r24
     ed2:	90 91 8f 00 	lds	r25, 0x008F	; 0x80008f <RX_rear>
     ed6:	20 91 90 00 	lds	r18, 0x0090	; 0x800090 <RX_front>
     eda:	29 17       	cp	r18, r25
     edc:	a9 f0       	breq	.+42     	; 0xf08 <.L103>
     ede:	e9 2f       	mov	r30, r25
     ee0:	f0 e0       	ldi	r31, 0x00	; 0
     ee2:	ee 0f       	add	r30, r30
     ee4:	ff 1f       	adc	r31, r31
     ee6:	e0 56       	subi	r30, 0x60	; 96
     ee8:	ff 4f       	sbci	r31, 0xFF	; 255
     eea:	20 81       	ld	r18, Z
     eec:	31 81       	ldd	r19, Z+1	; 0x01
     eee:	2d 93       	st	X+, r18
     ef0:	3d 93       	st	X+, r19
     ef2:	9f 5f       	subi	r25, 0xFF	; 255
     ef4:	90 34       	cpi	r25, 0x40	; 64
     ef6:	20 f4       	brcc	.+8      	; 0xf00 <.L101>
     ef8:	90 93 8f 00 	sts	0x008F, r25	; 0x80008f <RX_rear>
     efc:	81 e0       	ldi	r24, 0x01	; 1
     efe:	08 95       	ret

00000f00 <.L101>:
     f00:	10 92 8f 00 	sts	0x008F, r1	; 0x80008f <RX_rear>
     f04:	81 e0       	ldi	r24, 0x01	; 1
     f06:	08 95       	ret

00000f08 <.L103>:
     f08:	80 e0       	ldi	r24, 0x00	; 0
     f0a:	08 95       	ret

00000f0c <UART_EnableRX>:
     f0c:	54 9a       	sbi	0x0a, 4	; 10
     f0e:	08 95       	ret

00000f10 <UART_EnableTX>:
     f10:	53 9a       	sbi	0x0a, 3	; 10
     f12:	08 95       	ret

00000f14 <UART_DisableRX>:
     f14:	54 98       	cbi	0x0a, 4	; 10
     f16:	08 95       	ret

00000f18 <UART_DisableTX>:
     f18:	53 98       	cbi	0x0a, 3	; 10
     f1a:	08 95       	ret

00000f1c <UART_SendByteInterrupt>:
     f1c:	08 95       	ret

00000f1e <UART_EnableRXInterrupt>:
     f1e:	57 9a       	sbi	0x0a, 7	; 10
     f20:	08 95       	ret

00000f22 <UART_EnableTXInterrupt>:
     f22:	56 9a       	sbi	0x0a, 6	; 10
     f24:	08 95       	ret

00000f26 <UART_EnableREInterrupt>:
     f26:	55 9a       	sbi	0x0a, 5	; 10
     f28:	08 95       	ret

00000f2a <UART_DisableRXInterrupt>:
     f2a:	57 98       	cbi	0x0a, 7	; 10
     f2c:	08 95       	ret

00000f2e <UART_DisableTXInterrupt>:
     f2e:	56 98       	cbi	0x0a, 6	; 10
     f30:	08 95       	ret

00000f32 <UART_DisableREInterrupt>:
     f32:	55 98       	cbi	0x0a, 5	; 10
     f34:	08 95       	ret

00000f36 <UART_SetRXCallback>:
     f36:	08 95       	ret

00000f38 <UART_SetTXCallback>:
     f38:	00 97       	sbiw	r24, 0x00	; 0
     f3a:	21 f0       	breq	.+8      	; 0xf44 <.L116>
     f3c:	80 93 9e 00 	sts	0x009E, r24	; 0x80009e <PF_UartTX>
     f40:	90 93 9f 00 	sts	0x009F, r25	; 0x80009f <PF_UartTX+0x1>

00000f44 <.L116>:
     f44:	08 95       	ret

00000f46 <UART_SetRECallback>:
     f46:	00 97       	sbiw	r24, 0x00	; 0
     f48:	21 f0       	breq	.+8      	; 0xf52 <.L121>
     f4a:	80 93 9c 00 	sts	0x009C, r24	; 0x80009c <PF_UartRE>
     f4e:	90 93 9d 00 	sts	0x009D, r25	; 0x80009d <PF_UartRE+0x1>

00000f52 <.L121>:
     f52:	08 95       	ret

00000f54 <__vector_13>:
     f54:	2f 93       	push	r18
     f56:	2f b7       	in	r18, 0x3f	; 63
     f58:	2f 93       	push	r18
     f5a:	3f 93       	push	r19
     f5c:	8f 93       	push	r24
     f5e:	9f 93       	push	r25
     f60:	ef 93       	push	r30
     f62:	ff 93       	push	r31
     f64:	80 91 94 00 	lds	r24, 0x0094	; 0x800094 <GlobaleUart_Config+0x3>
     f68:	87 30       	cpi	r24, 0x07	; 7
     f6a:	d9 f0       	breq	.+54     	; 0xfa2 <.L132>
     f6c:	2c b1       	in	r18, 0x0c	; 12
     f6e:	30 e0       	ldi	r19, 0x00	; 0

00000f70 <.L128>:
     f70:	80 91 90 00 	lds	r24, 0x0090	; 0x800090 <RX_front>
     f74:	e8 2f       	mov	r30, r24
     f76:	f0 e0       	ldi	r31, 0x00	; 0
     f78:	8f 5f       	subi	r24, 0xFF	; 255
     f7a:	80 34       	cpi	r24, 0x40	; 64
     f7c:	08 f0       	brcs	.+2      	; 0xf80 <.L129>
     f7e:	80 e0       	ldi	r24, 0x00	; 0

00000f80 <.L129>:
     f80:	ee 0f       	add	r30, r30
     f82:	ff 1f       	adc	r31, r31
     f84:	e0 56       	subi	r30, 0x60	; 96
     f86:	ff 4f       	sbci	r31, 0xFF	; 255
     f88:	20 83       	st	Z, r18
     f8a:	31 83       	std	Z+1, r19	; 0x01
     f8c:	80 93 90 00 	sts	0x0090, r24	; 0x800090 <RX_front>
     f90:	ff 91       	pop	r31
     f92:	ef 91       	pop	r30
     f94:	9f 91       	pop	r25
     f96:	8f 91       	pop	r24
     f98:	3f 91       	pop	r19
     f9a:	2f 91       	pop	r18
     f9c:	2f bf       	out	0x3f, r18	; 63
     f9e:	2f 91       	pop	r18
     fa0:	18 95       	reti

00000fa2 <.L132>:
     fa2:	8a b1       	in	r24, 0x0a	; 10
     fa4:	86 95       	lsr	r24
     fa6:	2c b1       	in	r18, 0x0c	; 12
     fa8:	30 e0       	ldi	r19, 0x00	; 0
     faa:	80 ff       	sbrs	r24, 0
     fac:	e1 cf       	rjmp	.-62     	; 0xf70 <.L128>
     fae:	31 e0       	ldi	r19, 0x01	; 1
     fb0:	df cf       	rjmp	.-66     	; 0xf70 <.L128>

00000fb2 <__vector_15>:
     fb2:	1f 92       	push	r1
     fb4:	0f 92       	push	r0
     fb6:	0f b6       	in	r0, 0x3f	; 63
     fb8:	0f 92       	push	r0
     fba:	11 24       	eor	r1, r1
     fbc:	2f 93       	push	r18
     fbe:	3f 93       	push	r19
     fc0:	4f 93       	push	r20
     fc2:	5f 93       	push	r21
     fc4:	6f 93       	push	r22
     fc6:	7f 93       	push	r23
     fc8:	8f 93       	push	r24
     fca:	9f 93       	push	r25
     fcc:	af 93       	push	r26
     fce:	bf 93       	push	r27
     fd0:	ef 93       	push	r30
     fd2:	ff 93       	push	r31
     fd4:	e0 91 9e 00 	lds	r30, 0x009E	; 0x80009e <PF_UartTX>
     fd8:	f0 91 9f 00 	lds	r31, 0x009F	; 0x80009f <PF_UartTX+0x1>
     fdc:	30 97       	sbiw	r30, 0x00	; 0
     fde:	09 f0       	breq	.+2      	; 0xfe2 <.L133>
     fe0:	09 95       	icall

00000fe2 <.L133>:
     fe2:	ff 91       	pop	r31
     fe4:	ef 91       	pop	r30
     fe6:	bf 91       	pop	r27
     fe8:	af 91       	pop	r26
     fea:	9f 91       	pop	r25
     fec:	8f 91       	pop	r24
     fee:	7f 91       	pop	r23
     ff0:	6f 91       	pop	r22
     ff2:	5f 91       	pop	r21
     ff4:	4f 91       	pop	r20
     ff6:	3f 91       	pop	r19
     ff8:	2f 91       	pop	r18
     ffa:	0f 90       	pop	r0
     ffc:	0f be       	out	0x3f, r0	; 63
     ffe:	0f 90       	pop	r0
    1000:	1f 90       	pop	r1
    1002:	18 95       	reti

00001004 <__vector_14>:
    1004:	1f 92       	push	r1
    1006:	0f 92       	push	r0
    1008:	0f b6       	in	r0, 0x3f	; 63
    100a:	0f 92       	push	r0
    100c:	11 24       	eor	r1, r1
    100e:	2f 93       	push	r18
    1010:	3f 93       	push	r19
    1012:	4f 93       	push	r20
    1014:	5f 93       	push	r21
    1016:	6f 93       	push	r22
    1018:	7f 93       	push	r23
    101a:	8f 93       	push	r24
    101c:	9f 93       	push	r25
    101e:	af 93       	push	r26
    1020:	bf 93       	push	r27
    1022:	ef 93       	push	r30
    1024:	ff 93       	push	r31
    1026:	e0 91 9c 00 	lds	r30, 0x009C	; 0x80009c <PF_UartRE>
    102a:	f0 91 9d 00 	lds	r31, 0x009D	; 0x80009d <PF_UartRE+0x1>
    102e:	30 97       	sbiw	r30, 0x00	; 0
    1030:	09 f0       	breq	.+2      	; 0x1034 <.L138>
    1032:	09 95       	icall

00001034 <.L138>:
    1034:	ff 91       	pop	r31
    1036:	ef 91       	pop	r30
    1038:	bf 91       	pop	r27
    103a:	af 91       	pop	r26
    103c:	9f 91       	pop	r25
    103e:	8f 91       	pop	r24
    1040:	7f 91       	pop	r23
    1042:	6f 91       	pop	r22
    1044:	5f 91       	pop	r21
    1046:	4f 91       	pop	r20
    1048:	3f 91       	pop	r19
    104a:	2f 91       	pop	r18
    104c:	0f 90       	pop	r0
    104e:	0f be       	out	0x3f, r0	; 63
    1050:	0f 90       	pop	r0
    1052:	1f 90       	pop	r1
    1054:	18 95       	reti

00001056 <main>:
    1056:	41 e0       	ldi	r20, 0x01	; 1
    1058:	61 e0       	ldi	r22, 0x01	; 1
    105a:	80 e0       	ldi	r24, 0x00	; 0
    105c:	0e 94 2a 03 	call	0x654	; 0x654 <DIO_InitPin>

00001060 <.L2>:
    1060:	41 e0       	ldi	r20, 0x01	; 1
    1062:	61 e0       	ldi	r22, 0x01	; 1
    1064:	80 e0       	ldi	r24, 0x00	; 0
    1066:	0e 94 78 03 	call	0x6f0	; 0x6f0 <DIO_WritePin>
    106a:	2f ef       	ldi	r18, 0xFF	; 255
    106c:	89 e6       	ldi	r24, 0x69	; 105
    106e:	98 e1       	ldi	r25, 0x18	; 24

00001070 <.L1^B1>:
    1070:	21 50       	subi	r18, 0x01	; 1
    1072:	80 40       	sbci	r24, 0x00	; 0
    1074:	90 40       	sbci	r25, 0x00	; 0
    1076:	e1 f7       	brne	.-8      	; 0x1070 <.L1^B1>
    1078:	00 c0       	rjmp	.+0      	; 0x107a <L0^A>

0000107a <L0^A>:
    107a:	00 00       	nop
    107c:	40 e0       	ldi	r20, 0x00	; 0
    107e:	61 e0       	ldi	r22, 0x01	; 1
    1080:	80 e0       	ldi	r24, 0x00	; 0
    1082:	0e 94 78 03 	call	0x6f0	; 0x6f0 <DIO_WritePin>
    1086:	2f ef       	ldi	r18, 0xFF	; 255
    1088:	89 e6       	ldi	r24, 0x69	; 105
    108a:	98 e1       	ldi	r25, 0x18	; 24

0000108c <.L1^B2>:
    108c:	21 50       	subi	r18, 0x01	; 1
    108e:	80 40       	sbci	r24, 0x00	; 0
    1090:	90 40       	sbci	r25, 0x00	; 0
    1092:	e1 f7       	brne	.-8      	; 0x108c <.L1^B2>
    1094:	00 c0       	rjmp	.+0      	; 0x1096 <L0^A>

00001096 <L0^A>:
    1096:	00 00       	nop
    1098:	e3 cf       	rjmp	.-58     	; 0x1060 <.L2>

0000109a <__umulhisi3>:
    109a:	a2 9f       	mul	r26, r18

0000109c <.Loc.1>:
    109c:	b0 01       	movw	r22, r0

0000109e <.Loc.2>:
    109e:	b3 9f       	mul	r27, r19

000010a0 <.Loc.3>:
    10a0:	c0 01       	movw	r24, r0

000010a2 <.Loc.4>:
    10a2:	a3 9f       	mul	r26, r19

000010a4 <.Loc.5>:
    10a4:	70 0d       	add	r23, r0

000010a6 <.Loc.6>:
    10a6:	81 1d       	adc	r24, r1

000010a8 <.Loc.7>:
    10a8:	11 24       	eor	r1, r1

000010aa <.Loc.8>:
    10aa:	91 1d       	adc	r25, r1

000010ac <.Loc.9>:
    10ac:	b2 9f       	mul	r27, r18

000010ae <.Loc.10>:
    10ae:	70 0d       	add	r23, r0

000010b0 <.Loc.11>:
    10b0:	81 1d       	adc	r24, r1

000010b2 <.Loc.12>:
    10b2:	11 24       	eor	r1, r1

000010b4 <.Loc.13>:
    10b4:	91 1d       	adc	r25, r1

000010b6 <.Loc.14>:
    10b6:	08 95       	ret

000010b8 <__udivmodsi4>:
    10b8:	a1 e2       	ldi	r26, 0x21	; 33

000010ba <.Loc.1>:
    10ba:	1a 2e       	mov	r1, r26

000010bc <.Loc.2>:
    10bc:	aa 1b       	sub	r26, r26

000010be <.Loc.3>:
    10be:	bb 1b       	sub	r27, r27

000010c0 <.Loc.4>:
    10c0:	fd 01       	movw	r30, r26

000010c2 <.Loc.5>:
    10c2:	0d c0       	rjmp	.+26     	; 0x10de <__udivmodsi4_ep>

000010c4 <__udivmodsi4_loop>:
    10c4:	aa 1f       	adc	r26, r26

000010c6 <.Loc.7>:
    10c6:	bb 1f       	adc	r27, r27

000010c8 <.Loc.8>:
    10c8:	ee 1f       	adc	r30, r30

000010ca <.Loc.9>:
    10ca:	ff 1f       	adc	r31, r31

000010cc <.Loc.10>:
    10cc:	a2 17       	cp	r26, r18

000010ce <.Loc.11>:
    10ce:	b3 07       	cpc	r27, r19

000010d0 <.Loc.12>:
    10d0:	e4 07       	cpc	r30, r20

000010d2 <.Loc.13>:
    10d2:	f5 07       	cpc	r31, r21

000010d4 <.Loc.14>:
    10d4:	20 f0       	brcs	.+8      	; 0x10de <__udivmodsi4_ep>

000010d6 <.Loc.15>:
    10d6:	a2 1b       	sub	r26, r18

000010d8 <.Loc.16>:
    10d8:	b3 0b       	sbc	r27, r19

000010da <.Loc.17>:
    10da:	e4 0b       	sbc	r30, r20

000010dc <.Loc.18>:
    10dc:	f5 0b       	sbc	r31, r21

000010de <__udivmodsi4_ep>:
    10de:	66 1f       	adc	r22, r22

000010e0 <.Loc.20>:
    10e0:	77 1f       	adc	r23, r23

000010e2 <.Loc.21>:
    10e2:	88 1f       	adc	r24, r24

000010e4 <.Loc.22>:
    10e4:	99 1f       	adc	r25, r25

000010e6 <.Loc.23>:
    10e6:	1a 94       	dec	r1

000010e8 <.Loc.24>:
    10e8:	69 f7       	brne	.-38     	; 0x10c4 <__udivmodsi4_loop>

000010ea <.Loc.25>:
    10ea:	60 95       	com	r22

000010ec <.Loc.26>:
    10ec:	70 95       	com	r23

000010ee <.Loc.27>:
    10ee:	80 95       	com	r24

000010f0 <.Loc.28>:
    10f0:	90 95       	com	r25

000010f2 <.Loc.29>:
    10f2:	9b 01       	movw	r18, r22

000010f4 <.Loc.30>:
    10f4:	ac 01       	movw	r20, r24

000010f6 <.Loc.31>:
    10f6:	bd 01       	movw	r22, r26

000010f8 <.Loc.32>:
    10f8:	cf 01       	movw	r24, r30

000010fa <.Loc.33>:
    10fa:	08 95       	ret

000010fc <__tablejump2__>:
    10fc:	ee 0f       	add	r30, r30

000010fe <.Loc.1>:
    10fe:	ff 1f       	adc	r31, r31

00001100 <.Loc.2>:
    1100:	05 90       	lpm	r0, Z+

00001102 <.Loc.3>:
    1102:	f4 91       	lpm	r31, Z

00001104 <.Loc.4>:
    1104:	e0 2d       	mov	r30, r0

00001106 <.Loc.5>:
    1106:	09 94       	ijmp

00001108 <sprintf>:
    1108:	ae e0       	ldi	r26, 0x0E	; 14
    110a:	b0 e0       	ldi	r27, 0x00	; 0
    110c:	ea e8       	ldi	r30, 0x8A	; 138
    110e:	f8 e0       	ldi	r31, 0x08	; 8
    1110:	0c 94 55 0b 	jmp	0x16aa	; 0x16aa <.Loc.16>

00001114 <.L1^B1>:
    1114:	86 e0       	ldi	r24, 0x06	; 6
    1116:	8c 83       	std	Y+4, r24	; 0x04
    1118:	2b 89       	ldd	r18, Y+19	; 0x13
    111a:	3c 89       	ldd	r19, Y+20	; 0x14
    111c:	29 83       	std	Y+1, r18	; 0x01
    111e:	3a 83       	std	Y+2, r19	; 0x02
    1120:	8f ef       	ldi	r24, 0xFF	; 255
    1122:	9f e7       	ldi	r25, 0x7F	; 127
    1124:	8d 83       	std	Y+5, r24	; 0x05
    1126:	9e 83       	std	Y+6, r25	; 0x06
    1128:	ae 01       	movw	r20, r28
    112a:	49 5e       	subi	r20, 0xE9	; 233
    112c:	5f 4f       	sbci	r21, 0xFF	; 255
    112e:	6d 89       	ldd	r22, Y+21	; 0x15
    1130:	7e 89       	ldd	r23, Y+22	; 0x16
    1132:	ce 01       	movw	r24, r28
    1134:	01 96       	adiw	r24, 0x01	; 1
    1136:	0e 94 a8 08 	call	0x1150	; 0x1150 <vfprintf>
    113a:	ef 81       	ldd	r30, Y+7	; 0x07
    113c:	f8 85       	ldd	r31, Y+8	; 0x08
    113e:	2b 89       	ldd	r18, Y+19	; 0x13
    1140:	3c 89       	ldd	r19, Y+20	; 0x14
    1142:	e2 0f       	add	r30, r18
    1144:	f3 1f       	adc	r31, r19
    1146:	10 82       	st	Z, r1
    1148:	2e 96       	adiw	r28, 0x0e	; 14
    114a:	e2 e0       	ldi	r30, 0x02	; 2
    114c:	0c 94 71 0b 	jmp	0x16e2	; 0x16e2 <.Loc.16>

00001150 <vfprintf>:
    1150:	ab e0       	ldi	r26, 0x0B	; 11
    1152:	b0 e0       	ldi	r27, 0x00	; 0
    1154:	ee ea       	ldi	r30, 0xAE	; 174
    1156:	f8 e0       	ldi	r31, 0x08	; 8
    1158:	0c 94 48 0b 	jmp	0x1690	; 0x1690 <.Loc.3>

0000115c <.L1^B1>:
    115c:	6c 01       	movw	r12, r24
    115e:	7b 01       	movw	r14, r22
    1160:	8a 01       	movw	r16, r20
    1162:	fc 01       	movw	r30, r24
    1164:	16 82       	std	Z+6, r1	; 0x06
    1166:	17 82       	std	Z+7, r1	; 0x07
    1168:	83 81       	ldd	r24, Z+3	; 0x03
    116a:	81 ff       	sbrs	r24, 1
    116c:	df c1       	rjmp	.+958    	; 0x152c <.L80>
    116e:	3a e0       	ldi	r19, 0x0A	; 10
    1170:	53 2e       	mov	r5, r19

00001172 <.L3>:
    1172:	f6 01       	movw	r30, r12
    1174:	23 81       	ldd	r18, Z+3	; 0x03
    1176:	f7 01       	movw	r30, r14
    1178:	23 fd       	sbrc	r18, 3
    117a:	85 91       	lpm	r24, Z+
    117c:	23 ff       	sbrs	r18, 3
    117e:	81 91       	ld	r24, Z+
    1180:	7f 01       	movw	r14, r30
    1182:	81 15       	cp	r24, r1
    1184:	09 f4       	brne	.+2      	; 0x1188 <L0^A+0x2>

00001186 <L0^A>:
    1186:	37 c1       	rjmp	.+622    	; 0x13f6 <.L4>
    1188:	85 32       	cpi	r24, 0x25	; 37
    118a:	39 f4       	brne	.+14     	; 0x119a <.L5>
    118c:	23 fd       	sbrc	r18, 3
    118e:	95 91       	lpm	r25, Z+
    1190:	23 ff       	sbrs	r18, 3
    1192:	91 91       	ld	r25, Z+
    1194:	7f 01       	movw	r14, r30
    1196:	95 32       	cpi	r25, 0x25	; 37
    1198:	29 f4       	brne	.+10     	; 0x11a4 <.L81>

0000119a <.L5>:
    119a:	b6 01       	movw	r22, r12
    119c:	90 e0       	ldi	r25, 0x00	; 0
    119e:	0e 94 af 0a 	call	0x155e	; 0x155e <fputc>
    11a2:	e7 cf       	rjmp	.-50     	; 0x1172 <.L3>

000011a4 <.L81>:
    11a4:	30 e0       	ldi	r19, 0x00	; 0
    11a6:	91 2c       	mov	r9, r1
    11a8:	61 2c       	mov	r6, r1
    11aa:	71 2c       	mov	r7, r1

000011ac <.L6>:
    11ac:	f0 e2       	ldi	r31, 0x20	; 32
    11ae:	7f 16       	cp	r7, r31
    11b0:	40 f5       	brcc	.+80     	; 0x1202 <.L8>
    11b2:	9b 32       	cpi	r25, 0x2B	; 43
    11b4:	d9 f0       	breq	.+54     	; 0x11ec <.L9>
    11b6:	58 f4       	brcc	.+22     	; 0x11ce <.L10>
    11b8:	90 32       	cpi	r25, 0x20	; 32
    11ba:	d1 f0       	breq	.+52     	; 0x11f0 <.L11>
    11bc:	93 32       	cpi	r25, 0x23	; 35
    11be:	f1 f0       	breq	.+60     	; 0x11fc <.L12>

000011c0 <.L13>:
    11c0:	9e 32       	cpi	r25, 0x2E	; 46
    11c2:	91 f5       	brne	.+100    	; 0x1228 <.L19>
    11c4:	76 fc       	sbrc	r7, 6
    11c6:	17 c1       	rjmp	.+558    	; 0x13f6 <.L4>
    11c8:	68 94       	set
    11ca:	76 f8       	bld	r7, 6
    11cc:	06 c0       	rjmp	.+12     	; 0x11da <.L16>

000011ce <.L10>:
    11ce:	9d 32       	cpi	r25, 0x2D	; 45
    11d0:	91 f0       	breq	.+36     	; 0x11f6 <.L14>
    11d2:	90 33       	cpi	r25, 0x30	; 48
    11d4:	c1 f4       	brne	.+48     	; 0x1206 <.L15>
    11d6:	68 94       	set
    11d8:	70 f8       	bld	r7, 0

000011da <.L16>:
    11da:	f7 01       	movw	r30, r14
    11dc:	23 fd       	sbrc	r18, 3
    11de:	95 91       	lpm	r25, Z+
    11e0:	23 ff       	sbrs	r18, 3
    11e2:	91 91       	ld	r25, Z+
    11e4:	7f 01       	movw	r14, r30
    11e6:	91 11       	cpse	r25, r1
    11e8:	e1 cf       	rjmp	.-62     	; 0x11ac <.L6>
    11ea:	28 c0       	rjmp	.+80     	; 0x123c <.L17>

000011ec <.L9>:
    11ec:	68 94       	set
    11ee:	71 f8       	bld	r7, 1

000011f0 <.L11>:
    11f0:	68 94       	set
    11f2:	72 f8       	bld	r7, 2
    11f4:	f2 cf       	rjmp	.-28     	; 0x11da <.L16>

000011f6 <.L14>:
    11f6:	68 94       	set
    11f8:	73 f8       	bld	r7, 3
    11fa:	ef cf       	rjmp	.-34     	; 0x11da <.L16>

000011fc <.L12>:
    11fc:	68 94       	set
    11fe:	74 f8       	bld	r7, 4
    1200:	ec cf       	rjmp	.-40     	; 0x11da <.L16>

00001202 <.L8>:
    1202:	77 fc       	sbrc	r7, 7
    1204:	1b c0       	rjmp	.+54     	; 0x123c <.L17>

00001206 <.L15>:
    1206:	80 ed       	ldi	r24, 0xD0	; 208
    1208:	89 0f       	add	r24, r25
    120a:	8a 30       	cpi	r24, 0x0A	; 10
    120c:	c8 f6       	brcc	.-78     	; 0x11c0 <.L13>
    120e:	76 fe       	sbrs	r7, 6
    1210:	05 c0       	rjmp	.+10     	; 0x121c <.L18>
    1212:	95 9c       	mul	r9, r5
    1214:	80 0d       	add	r24, r0
    1216:	11 24       	eor	r1, r1
    1218:	98 2e       	mov	r9, r24
    121a:	df cf       	rjmp	.-66     	; 0x11da <.L16>

0000121c <.L18>:
    121c:	65 9c       	mul	r6, r5
    121e:	80 0d       	add	r24, r0
    1220:	11 24       	eor	r1, r1
    1222:	68 2e       	mov	r6, r24
    1224:	7f 2a       	or	r7, r31
    1226:	d9 cf       	rjmp	.-78     	; 0x11da <.L16>

00001228 <.L19>:
    1228:	9c 36       	cpi	r25, 0x6C	; 108
    122a:	19 f4       	brne	.+6      	; 0x1232 <.L20>
    122c:	68 94       	set
    122e:	77 f8       	bld	r7, 7
    1230:	d4 cf       	rjmp	.-88     	; 0x11da <.L16>

00001232 <.L20>:
    1232:	9c 34       	cpi	r25, 0x4C	; 76
    1234:	09 f4       	brne	.+2      	; 0x1238 <L0^A+0x2>

00001236 <L0^A>:
    1236:	45 c0       	rjmp	.+138    	; 0x12c2 <.L82>
    1238:	98 36       	cpi	r25, 0x68	; 104
    123a:	79 f2       	breq	.-98     	; 0x11da <.L16>

0000123c <.L17>:
    123c:	89 2f       	mov	r24, r25
    123e:	8f 7d       	andi	r24, 0xDF	; 223
    1240:	85 54       	subi	r24, 0x45	; 69
    1242:	83 30       	cpi	r24, 0x03	; 3
    1244:	08 f4       	brcc	.+2      	; 0x1248 <L0^A+0x2>

00001246 <L0^A>:
    1246:	3f c0       	rjmp	.+126    	; 0x12c6 <.L21>
    1248:	93 36       	cpi	r25, 0x63	; 99
    124a:	09 f4       	brne	.+2      	; 0x124e <L0^A+0x2>

0000124c <L0^A>:
    124c:	61 c0       	rjmp	.+194    	; 0x1310 <.L22>
    124e:	93 37       	cpi	r25, 0x73	; 115
    1250:	09 f4       	brne	.+2      	; 0x1254 <L0^A+0x2>

00001252 <L0^A>:
    1252:	6b c0       	rjmp	.+214    	; 0x132a <.L23>
    1254:	93 35       	cpi	r25, 0x53	; 83
    1256:	09 f4       	brne	.+2      	; 0x125a <L0^A+0x2>

00001258 <L0^A>:
    1258:	77 c0       	rjmp	.+238    	; 0x1348 <.L24>
    125a:	94 36       	cpi	r25, 0x64	; 100
    125c:	19 f0       	breq	.+6      	; 0x1264 <.L39>
    125e:	99 36       	cpi	r25, 0x69	; 105
    1260:	09 f0       	breq	.+2      	; 0x1264 <.L39>

00001262 <L0^A>:
    1262:	a4 c0       	rjmp	.+328    	; 0x13ac <.L40>

00001264 <.L39>:
    1264:	f8 01       	movw	r30, r16
    1266:	77 fe       	sbrs	r7, 7
    1268:	9a c0       	rjmp	.+308    	; 0x139e <.L41>
    126a:	61 91       	ld	r22, Z+
    126c:	71 91       	ld	r23, Z+
    126e:	81 91       	ld	r24, Z+
    1270:	91 91       	ld	r25, Z+

00001272 <.L126>:
    1272:	8f 01       	movw	r16, r30
    1274:	27 2d       	mov	r18, r7
    1276:	2f 76       	andi	r18, 0x6F	; 111
    1278:	82 2e       	mov	r8, r18
    127a:	97 ff       	sbrs	r25, 7
    127c:	04 c0       	rjmp	.+8      	; 0x1286 <.L43>
    127e:	0e 94 3d 0b 	call	0x167a	; 0x167a <__negsi2>
    1282:	68 94       	set
    1284:	87 f8       	bld	r8, 7

00001286 <.L43>:
    1286:	2a e0       	ldi	r18, 0x0A	; 10
    1288:	30 e0       	ldi	r19, 0x00	; 0
    128a:	5e 01       	movw	r10, r28
    128c:	4f ef       	ldi	r20, 0xFF	; 255
    128e:	a4 1a       	sub	r10, r20
    1290:	b4 0a       	sbc	r11, r20
    1292:	a5 01       	movw	r20, r10
    1294:	0e 94 df 0a 	call	0x15be	; 0x15be <__ultoa_invert>
    1298:	78 2e       	mov	r7, r24
    129a:	7a 18       	sub	r7, r10

0000129c <.L44>:
    129c:	86 fe       	sbrs	r8, 6
    129e:	cf c0       	rjmp	.+414    	; 0x143e <.L54>
    12a0:	88 2d       	mov	r24, r8
    12a2:	8e 7f       	andi	r24, 0xFE	; 254
    12a4:	79 14       	cp	r7, r9
    12a6:	08 f0       	brcs	.+2      	; 0x12aa <L0^A+0x2>

000012a8 <L0^A>:
    12a8:	c9 c0       	rjmp	.+402    	; 0x143c <.L88>
    12aa:	84 fe       	sbrs	r8, 4
    12ac:	1d c1       	rjmp	.+570    	; 0x14e8 <.L89>
    12ae:	82 fc       	sbrc	r8, 2
    12b0:	11 c1       	rjmp	.+546    	; 0x14d4 <.L90>
    12b2:	2e ee       	ldi	r18, 0xEE	; 238
    12b4:	82 22       	and	r8, r18
    12b6:	b9 2c       	mov	r11, r9

000012b8 <.L55>:
    12b8:	88 2d       	mov	r24, r8
    12ba:	86 78       	andi	r24, 0x86	; 134
    12bc:	09 f4       	brne	.+2      	; 0x12c0 <L0^A+0x2>

000012be <L0^A>:
    12be:	cb c0       	rjmp	.+406    	; 0x1456 <.L58>
    12c0:	0e c1       	rjmp	.+540    	; 0x14de <.L128>

000012c2 <.L82>:
    12c2:	31 e0       	ldi	r19, 0x01	; 1
    12c4:	8a cf       	rjmp	.-236    	; 0x11da <.L16>

000012c6 <.L21>:
    12c6:	31 15       	cp	r19, r1
    12c8:	01 f1       	breq	.+64     	; 0x130a <.L26>
    12ca:	08 5f       	subi	r16, 0xF8	; 248
    12cc:	1f 4f       	sbci	r17, 0xFF	; 255

000012ce <.L27>:
    12ce:	8f e3       	ldi	r24, 0x3F	; 63
    12d0:	89 83       	std	Y+1, r24	; 0x01
    12d2:	21 e0       	ldi	r18, 0x01	; 1
    12d4:	82 2e       	mov	r8, r18
    12d6:	91 2c       	mov	r9, r1
    12d8:	5e 01       	movw	r10, r28
    12da:	2f ef       	ldi	r18, 0xFF	; 255
    12dc:	a2 1a       	sub	r10, r18
    12de:	b2 0a       	sbc	r11, r18

000012e0 <.L28>:
    12e0:	e8 94       	clt
    12e2:	77 f8       	bld	r7, 7

000012e4 <.L30>:
    12e4:	73 fc       	sbrc	r7, 3
    12e6:	03 c0       	rjmp	.+6      	; 0x12ee <.L36>

000012e8 <.L32>:
    12e8:	86 14       	cp	r8, r6
    12ea:	91 04       	cpc	r9, r1
    12ec:	f0 f1       	brcs	.+124    	; 0x136a <.L34>

000012ee <.L36>:
    12ee:	81 14       	cp	r8, r1
    12f0:	91 04       	cpc	r9, r1
    12f2:	09 f0       	breq	.+2      	; 0x12f6 <.L77>

000012f4 <L0^A>:
    12f4:	41 c0       	rjmp	.+130    	; 0x1378 <.L37>

000012f6 <.L77>:
    12f6:	61 14       	cp	r6, r1
    12f8:	09 f4       	brne	.+2      	; 0x12fc <L0^A+0x2>

000012fa <L0^A>:
    12fa:	3b cf       	rjmp	.-394    	; 0x1172 <.L3>
    12fc:	b6 01       	movw	r22, r12
    12fe:	80 e2       	ldi	r24, 0x20	; 32
    1300:	90 e0       	ldi	r25, 0x00	; 0
    1302:	0e 94 af 0a 	call	0x155e	; 0x155e <fputc>
    1306:	6a 94       	dec	r6
    1308:	f6 cf       	rjmp	.-20     	; 0x12f6 <.L77>

0000130a <.L26>:
    130a:	0c 5f       	subi	r16, 0xFC	; 252
    130c:	1f 4f       	sbci	r17, 0xFF	; 255
    130e:	df cf       	rjmp	.-66     	; 0x12ce <.L27>

00001310 <.L22>:
    1310:	f8 01       	movw	r30, r16
    1312:	80 81       	ld	r24, Z
    1314:	89 83       	std	Y+1, r24	; 0x01
    1316:	0e 5f       	subi	r16, 0xFE	; 254
    1318:	1f 4f       	sbci	r17, 0xFF	; 255
    131a:	91 e0       	ldi	r25, 0x01	; 1
    131c:	89 2e       	mov	r8, r25
    131e:	91 2c       	mov	r9, r1
    1320:	5e 01       	movw	r10, r28
    1322:	ff ef       	ldi	r31, 0xFF	; 255
    1324:	af 1a       	sub	r10, r31
    1326:	bf 0a       	sbc	r11, r31
    1328:	db cf       	rjmp	.-74     	; 0x12e0 <.L28>

0000132a <.L23>:
    132a:	f8 01       	movw	r30, r16
    132c:	a1 90       	ld	r10, Z+
    132e:	b1 90       	ld	r11, Z+
    1330:	8f 01       	movw	r16, r30
    1332:	69 2d       	mov	r22, r9
    1334:	70 e0       	ldi	r23, 0x00	; 0
    1336:	76 fc       	sbrc	r7, 6
    1338:	02 c0       	rjmp	.+4      	; 0x133e <.L29>
    133a:	6f ef       	ldi	r22, 0xFF	; 255
    133c:	7f ef       	ldi	r23, 0xFF	; 255

0000133e <.L29>:
    133e:	c5 01       	movw	r24, r10
    1340:	0e 94 a4 0a 	call	0x1548	; 0x1548 <strnlen>
    1344:	4c 01       	movw	r8, r24
    1346:	cc cf       	rjmp	.-104    	; 0x12e0 <.L28>

00001348 <.L24>:
    1348:	f8 01       	movw	r30, r16
    134a:	a1 90       	ld	r10, Z+
    134c:	b1 90       	ld	r11, Z+
    134e:	8f 01       	movw	r16, r30
    1350:	69 2d       	mov	r22, r9
    1352:	70 e0       	ldi	r23, 0x00	; 0
    1354:	76 fc       	sbrc	r7, 6
    1356:	02 c0       	rjmp	.+4      	; 0x135c <.L31>
    1358:	6f ef       	ldi	r22, 0xFF	; 255
    135a:	7f ef       	ldi	r23, 0xFF	; 255

0000135c <.L31>:
    135c:	c5 01       	movw	r24, r10
    135e:	0e 94 99 0a 	call	0x1532	; 0x1532 <strnlen_P>
    1362:	4c 01       	movw	r8, r24
    1364:	68 94       	set
    1366:	77 f8       	bld	r7, 7
    1368:	bd cf       	rjmp	.-134    	; 0x12e4 <.L30>

0000136a <.L34>:
    136a:	b6 01       	movw	r22, r12
    136c:	80 e2       	ldi	r24, 0x20	; 32
    136e:	90 e0       	ldi	r25, 0x00	; 0
    1370:	0e 94 af 0a 	call	0x155e	; 0x155e <fputc>
    1374:	6a 94       	dec	r6
    1376:	b8 cf       	rjmp	.-144    	; 0x12e8 <.L32>

00001378 <.L37>:
    1378:	f5 01       	movw	r30, r10
    137a:	77 fc       	sbrc	r7, 7
    137c:	85 91       	lpm	r24, Z+
    137e:	77 fe       	sbrs	r7, 7
    1380:	81 91       	ld	r24, Z+
    1382:	5f 01       	movw	r10, r30
    1384:	b6 01       	movw	r22, r12
    1386:	90 e0       	ldi	r25, 0x00	; 0
    1388:	0e 94 af 0a 	call	0x155e	; 0x155e <fputc>
    138c:	81 e0       	ldi	r24, 0x01	; 1
    138e:	61 10       	cpse	r6, r1
    1390:	01 c0       	rjmp	.+2      	; 0x1394 <.L35>
    1392:	80 e0       	ldi	r24, 0x00	; 0

00001394 <.L35>:
    1394:	68 1a       	sub	r6, r24
    1396:	f1 e0       	ldi	r31, 0x01	; 1
    1398:	8f 1a       	sub	r8, r31
    139a:	91 08       	sbc	r9, r1
    139c:	a8 cf       	rjmp	.-176    	; 0x12ee <.L36>

0000139e <.L41>:
    139e:	61 91       	ld	r22, Z+
    13a0:	71 91       	ld	r23, Z+
    13a2:	87 2f       	mov	r24, r23
    13a4:	88 0f       	add	r24, r24
    13a6:	88 0b       	sbc	r24, r24
    13a8:	98 2f       	mov	r25, r24
    13aa:	63 cf       	rjmp	.-314    	; 0x1272 <.L126>

000013ac <.L40>:
    13ac:	95 37       	cpi	r25, 0x75	; 117
    13ae:	c9 f4       	brne	.+50     	; 0x13e2 <.L45>
    13b0:	87 2c       	mov	r8, r7
    13b2:	e8 94       	clt
    13b4:	84 f8       	bld	r8, 4
    13b6:	2a e0       	ldi	r18, 0x0A	; 10
    13b8:	30 e0       	ldi	r19, 0x00	; 0

000013ba <.L46>:
    13ba:	f8 01       	movw	r30, r16
    13bc:	87 fe       	sbrs	r8, 7
    13be:	39 c0       	rjmp	.+114    	; 0x1432 <.L52>
    13c0:	61 91       	ld	r22, Z+
    13c2:	71 91       	ld	r23, Z+
    13c4:	81 91       	ld	r24, Z+
    13c6:	91 91       	ld	r25, Z+

000013c8 <.L127>:
    13c8:	8f 01       	movw	r16, r30
    13ca:	5e 01       	movw	r10, r28
    13cc:	ff ef       	ldi	r31, 0xFF	; 255
    13ce:	af 1a       	sub	r10, r31
    13d0:	bf 0a       	sbc	r11, r31
    13d2:	a5 01       	movw	r20, r10
    13d4:	0e 94 df 0a 	call	0x15be	; 0x15be <__ultoa_invert>
    13d8:	78 2e       	mov	r7, r24
    13da:	7a 18       	sub	r7, r10
    13dc:	e8 94       	clt
    13de:	87 f8       	bld	r8, 7
    13e0:	5d cf       	rjmp	.-326    	; 0x129c <.L44>

000013e2 <.L45>:
    13e2:	87 2d       	mov	r24, r7
    13e4:	89 7f       	andi	r24, 0xF9	; 249
    13e6:	88 2e       	mov	r8, r24
    13e8:	90 37       	cpi	r25, 0x70	; 112
    13ea:	99 f0       	breq	.+38     	; 0x1412 <.L47>
    13ec:	58 f4       	brcc	.+22     	; 0x1404 <.L48>
    13ee:	98 35       	cpi	r25, 0x58	; 88
    13f0:	a9 f0       	breq	.+42     	; 0x141c <.L49>
    13f2:	9f 36       	cpi	r25, 0x6F	; 111
    13f4:	d9 f0       	breq	.+54     	; 0x142c <.L85>

000013f6 <.L4>:
    13f6:	f6 01       	movw	r30, r12
    13f8:	86 81       	ldd	r24, Z+6	; 0x06
    13fa:	97 81       	ldd	r25, Z+7	; 0x07

000013fc <.L1>:
    13fc:	2b 96       	adiw	r28, 0x0b	; 11
    13fe:	ef e0       	ldi	r30, 0x0F	; 15
    1400:	0c 94 64 0b 	jmp	0x16c8	; 0x16c8 <.Loc.3>

00001404 <.L48>:
    1404:	98 37       	cpi	r25, 0x78	; 120
    1406:	b9 f7       	brne	.-18     	; 0x13f6 <.L4>
    1408:	74 fc       	sbrc	r7, 4
    140a:	05 c0       	rjmp	.+10     	; 0x1416 <.L51>

0000140c <.L86>:
    140c:	20 e1       	ldi	r18, 0x10	; 16
    140e:	30 e0       	ldi	r19, 0x00	; 0
    1410:	d4 cf       	rjmp	.-88     	; 0x13ba <.L46>

00001412 <.L47>:
    1412:	68 94       	set
    1414:	84 f8       	bld	r8, 4

00001416 <.L51>:
    1416:	68 94       	set
    1418:	82 f8       	bld	r8, 2
    141a:	f8 cf       	rjmp	.-16     	; 0x140c <.L86>

0000141c <.L49>:
    141c:	74 fe       	sbrs	r7, 4
    141e:	03 c0       	rjmp	.+6      	; 0x1426 <.L87>
    1420:	e7 2d       	mov	r30, r7
    1422:	e6 60       	ori	r30, 0x06	; 6
    1424:	8e 2e       	mov	r8, r30

00001426 <.L87>:
    1426:	20 e1       	ldi	r18, 0x10	; 16
    1428:	32 e0       	ldi	r19, 0x02	; 2
    142a:	c7 cf       	rjmp	.-114    	; 0x13ba <.L46>

0000142c <.L85>:
    142c:	28 e0       	ldi	r18, 0x08	; 8
    142e:	30 e0       	ldi	r19, 0x00	; 0
    1430:	c4 cf       	rjmp	.-120    	; 0x13ba <.L46>

00001432 <.L52>:
    1432:	61 91       	ld	r22, Z+
    1434:	71 91       	ld	r23, Z+
    1436:	80 e0       	ldi	r24, 0x00	; 0
    1438:	90 e0       	ldi	r25, 0x00	; 0
    143a:	c6 cf       	rjmp	.-116    	; 0x13c8 <.L127>

0000143c <.L88>:
    143c:	88 2e       	mov	r8, r24

0000143e <.L54>:
    143e:	b7 2c       	mov	r11, r7
    1440:	84 fe       	sbrs	r8, 4
    1442:	3a cf       	rjmp	.-396    	; 0x12b8 <.L55>

00001444 <.L56>:
    1444:	fe 01       	movw	r30, r28
    1446:	e7 0d       	add	r30, r7
    1448:	f1 1d       	adc	r31, r1
    144a:	80 81       	ld	r24, Z
    144c:	80 33       	cpi	r24, 0x30	; 48
    144e:	09 f0       	breq	.+2      	; 0x1452 <L0^A+0x2>

00001450 <L0^A>:
    1450:	44 c0       	rjmp	.+136    	; 0x14da <.L57>
    1452:	49 ee       	ldi	r20, 0xE9	; 233
    1454:	84 22       	and	r8, r20

00001456 <.L58>:
    1456:	83 fc       	sbrc	r8, 3
    1458:	0e c0       	rjmp	.+28     	; 0x1476 <.L60>
    145a:	80 fe       	sbrs	r8, 0
    145c:	51 c0       	rjmp	.+162    	; 0x1500 <.L92>
    145e:	97 2c       	mov	r9, r7
    1460:	b6 14       	cp	r11, r6
    1462:	18 f4       	brcc	.+6      	; 0x146a <.L79>
    1464:	96 0c       	add	r9, r6
    1466:	9b 18       	sub	r9, r11
    1468:	b6 2c       	mov	r11, r6

0000146a <.L79>:
    146a:	86 2d       	mov	r24, r6
    146c:	8b 19       	sub	r24, r11
    146e:	6b 14       	cp	r6, r11
    1470:	08 f4       	brcc	.+2      	; 0x1474 <.L65>
    1472:	80 e0       	ldi	r24, 0x00	; 0

00001474 <.L65>:
    1474:	b8 0e       	add	r11, r24

00001476 <.L60>:
    1476:	b6 14       	cp	r11, r6
    1478:	08 f0       	brcs	.+2      	; 0x147c <L0^A+0x2>

0000147a <L0^A>:
    147a:	44 c0       	rjmp	.+136    	; 0x1504 <.L94>
    147c:	6b 18       	sub	r6, r11

0000147e <.L67>:
    147e:	84 fe       	sbrs	r8, 4
    1480:	43 c0       	rjmp	.+134    	; 0x1508 <.L68>
    1482:	b6 01       	movw	r22, r12
    1484:	80 e3       	ldi	r24, 0x30	; 48
    1486:	90 e0       	ldi	r25, 0x00	; 0
    1488:	0e 94 af 0a 	call	0x155e	; 0x155e <fputc>
    148c:	82 fe       	sbrs	r8, 2
    148e:	09 c0       	rjmp	.+18     	; 0x14a2 <.L74>
    1490:	88 e5       	ldi	r24, 0x58	; 88
    1492:	90 e0       	ldi	r25, 0x00	; 0
    1494:	81 fc       	sbrc	r8, 1
    1496:	02 c0       	rjmp	.+4      	; 0x149c <.L70>
    1498:	88 e7       	ldi	r24, 0x78	; 120
    149a:	90 e0       	ldi	r25, 0x00	; 0

0000149c <.L70>:
    149c:	b6 01       	movw	r22, r12

0000149e <.L129>:
    149e:	0e 94 af 0a 	call	0x155e	; 0x155e <fputc>

000014a2 <.L74>:
    14a2:	79 14       	cp	r7, r9
    14a4:	e0 f1       	brcs	.+120    	; 0x151e <.L75>
    14a6:	5e 01       	movw	r10, r28
    14a8:	8f ef       	ldi	r24, 0xFF	; 255
    14aa:	a8 1a       	sub	r10, r24
    14ac:	b8 0a       	sbc	r11, r24
    14ae:	7a 94       	dec	r7
    14b0:	82 e0       	ldi	r24, 0x02	; 2
    14b2:	88 2e       	mov	r8, r24
    14b4:	91 2c       	mov	r9, r1
    14b6:	8c 0e       	add	r8, r28
    14b8:	9d 1e       	adc	r9, r29
    14ba:	87 0c       	add	r8, r7
    14bc:	91 1c       	adc	r9, r1

000014be <.L76>:
    14be:	f4 01       	movw	r30, r8
    14c0:	82 91       	ld	r24, -Z
    14c2:	4f 01       	movw	r8, r30
    14c4:	b6 01       	movw	r22, r12
    14c6:	90 e0       	ldi	r25, 0x00	; 0
    14c8:	0e 94 af 0a 	call	0x155e	; 0x155e <fputc>
    14cc:	8a 14       	cp	r8, r10
    14ce:	9b 04       	cpc	r9, r11
    14d0:	b1 f7       	brne	.-20     	; 0x14be <.L76>
    14d2:	11 cf       	rjmp	.-478    	; 0x12f6 <.L77>

000014d4 <.L90>:
    14d4:	b9 2c       	mov	r11, r9
    14d6:	88 2e       	mov	r8, r24
    14d8:	b5 cf       	rjmp	.-150    	; 0x1444 <.L56>

000014da <.L57>:
    14da:	82 fc       	sbrc	r8, 2
    14dc:	02 c0       	rjmp	.+4      	; 0x14e2 <.L59>

000014de <.L128>:
    14de:	b3 94       	inc	r11
    14e0:	ba cf       	rjmp	.-140    	; 0x1456 <.L58>

000014e2 <.L59>:
    14e2:	b3 94       	inc	r11
    14e4:	b3 94       	inc	r11
    14e6:	b7 cf       	rjmp	.-146    	; 0x1456 <.L58>

000014e8 <.L89>:
    14e8:	b9 2c       	mov	r11, r9
    14ea:	88 2e       	mov	r8, r24
    14ec:	e5 ce       	rjmp	.-566    	; 0x12b8 <.L55>

000014ee <.L63>:
    14ee:	b6 01       	movw	r22, r12
    14f0:	80 e2       	ldi	r24, 0x20	; 32
    14f2:	90 e0       	ldi	r25, 0x00	; 0
    14f4:	0e 94 af 0a 	call	0x155e	; 0x155e <fputc>
    14f8:	a3 94       	inc	r10

000014fa <.L61>:
    14fa:	a6 14       	cp	r10, r6
    14fc:	c0 f3       	brcs	.-16     	; 0x14ee <.L63>
    14fe:	b5 cf       	rjmp	.-150    	; 0x146a <.L79>

00001500 <.L92>:
    1500:	ab 2c       	mov	r10, r11
    1502:	fb cf       	rjmp	.-10     	; 0x14fa <.L61>

00001504 <.L94>:
    1504:	61 2c       	mov	r6, r1
    1506:	bb cf       	rjmp	.-138    	; 0x147e <.L67>

00001508 <.L68>:
    1508:	88 2d       	mov	r24, r8
    150a:	86 78       	andi	r24, 0x86	; 134
    150c:	51 f2       	breq	.-108    	; 0x14a2 <.L74>
    150e:	80 e2       	ldi	r24, 0x20	; 32
    1510:	81 fc       	sbrc	r8, 1
    1512:	8b e2       	ldi	r24, 0x2B	; 43
    1514:	87 fc       	sbrc	r8, 7
    1516:	8d e2       	ldi	r24, 0x2D	; 45
    1518:	b6 01       	movw	r22, r12
    151a:	90 e0       	ldi	r25, 0x00	; 0
    151c:	c0 cf       	rjmp	.-128    	; 0x149e <.L129>

0000151e <.L75>:
    151e:	b6 01       	movw	r22, r12
    1520:	80 e3       	ldi	r24, 0x30	; 48
    1522:	90 e0       	ldi	r25, 0x00	; 0
    1524:	0e 94 af 0a 	call	0x155e	; 0x155e <fputc>
    1528:	9a 94       	dec	r9
    152a:	bb cf       	rjmp	.-138    	; 0x14a2 <.L74>

0000152c <.L80>:
    152c:	8f ef       	ldi	r24, 0xFF	; 255
    152e:	9f ef       	ldi	r25, 0xFF	; 255
    1530:	65 cf       	rjmp	.-310    	; 0x13fc <.L1>

00001532 <strnlen_P>:
    1532:	fc 01       	movw	r30, r24

00001534 <.L_strnlen_P_loop>:
    1534:	05 90       	lpm	r0, Z+
    1536:	61 50       	subi	r22, 0x01	; 1
    1538:	70 40       	sbci	r23, 0x00	; 0
    153a:	01 10       	cpse	r0, r1
    153c:	d8 f7       	brcc	.-10     	; 0x1534 <.L_strnlen_P_loop>
    153e:	80 95       	com	r24
    1540:	90 95       	com	r25
    1542:	8e 0f       	add	r24, r30
    1544:	9f 1f       	adc	r25, r31
    1546:	08 95       	ret

00001548 <strnlen>:
    1548:	fc 01       	movw	r30, r24

0000154a <.L_strnlen_loop>:
    154a:	61 50       	subi	r22, 0x01	; 1
    154c:	70 40       	sbci	r23, 0x00	; 0
    154e:	01 90       	ld	r0, Z+
    1550:	01 10       	cpse	r0, r1
    1552:	d8 f7       	brcc	.-10     	; 0x154a <.L_strnlen_loop>
    1554:	80 95       	com	r24
    1556:	90 95       	com	r25
    1558:	8e 0f       	add	r24, r30
    155a:	9f 1f       	adc	r25, r31
    155c:	08 95       	ret

0000155e <fputc>:
    155e:	0f 93       	push	r16
    1560:	1f 93       	push	r17
    1562:	cf 93       	push	r28
    1564:	df 93       	push	r29
    1566:	18 2f       	mov	r17, r24
    1568:	09 2f       	mov	r16, r25
    156a:	eb 01       	movw	r28, r22
    156c:	8b 81       	ldd	r24, Y+3	; 0x03
    156e:	81 fd       	sbrc	r24, 1
    1570:	09 c0       	rjmp	.+18     	; 0x1584 <.L2>

00001572 <.L7>:
    1572:	0f ef       	ldi	r16, 0xFF	; 255
    1574:	1f ef       	ldi	r17, 0xFF	; 255

00001576 <.L3>:
    1576:	81 2f       	mov	r24, r17
    1578:	90 2f       	mov	r25, r16
    157a:	df 91       	pop	r29
    157c:	cf 91       	pop	r28
    157e:	1f 91       	pop	r17
    1580:	0f 91       	pop	r16
    1582:	08 95       	ret

00001584 <.L2>:
    1584:	82 ff       	sbrs	r24, 2
    1586:	14 c0       	rjmp	.+40     	; 0x15b0 <.L4>
    1588:	2e 81       	ldd	r18, Y+6	; 0x06
    158a:	3f 81       	ldd	r19, Y+7	; 0x07
    158c:	8c 81       	ldd	r24, Y+4	; 0x04
    158e:	9d 81       	ldd	r25, Y+5	; 0x05
    1590:	28 17       	cp	r18, r24
    1592:	39 07       	cpc	r19, r25
    1594:	3c f4       	brge	.+14     	; 0x15a4 <.L8>
    1596:	e8 81       	ld	r30, Y
    1598:	f9 81       	ldd	r31, Y+1	; 0x01
    159a:	cf 01       	movw	r24, r30
    159c:	01 96       	adiw	r24, 0x01	; 1
    159e:	88 83       	st	Y, r24
    15a0:	99 83       	std	Y+1, r25	; 0x01
    15a2:	10 83       	st	Z, r17

000015a4 <.L8>:
    15a4:	8e 81       	ldd	r24, Y+6	; 0x06
    15a6:	9f 81       	ldd	r25, Y+7	; 0x07
    15a8:	01 96       	adiw	r24, 0x01	; 1
    15aa:	8e 83       	std	Y+6, r24	; 0x06
    15ac:	9f 83       	std	Y+7, r25	; 0x07
    15ae:	e3 cf       	rjmp	.-58     	; 0x1576 <.L3>

000015b0 <.L4>:
    15b0:	e8 85       	ldd	r30, Y+8	; 0x08
    15b2:	f9 85       	ldd	r31, Y+9	; 0x09
    15b4:	81 2f       	mov	r24, r17
    15b6:	09 95       	icall
    15b8:	89 2b       	or	r24, r25
    15ba:	a1 f3       	breq	.-24     	; 0x15a4 <.L8>
    15bc:	da cf       	rjmp	.-76     	; 0x1572 <.L7>

000015be <__ultoa_invert>:
    15be:	fa 01       	movw	r30, r20
    15c0:	aa 27       	eor	r26, r26
    15c2:	28 30       	cpi	r18, 0x08	; 8
    15c4:	51 f1       	breq	.+84     	; 0x161a <.L_oct>
    15c6:	20 31       	cpi	r18, 0x10	; 16
    15c8:	81 f1       	breq	.+96     	; 0x162a <.L_hex>
    15ca:	e8 94       	clt

000015cc <.L_dec_loop>:
    15cc:	6f 93       	push	r22
    15ce:	6e 7f       	andi	r22, 0xFE	; 254
    15d0:	6e 5f       	subi	r22, 0xFE	; 254
    15d2:	7f 4f       	sbci	r23, 0xFF	; 255
    15d4:	8f 4f       	sbci	r24, 0xFF	; 255
    15d6:	9f 4f       	sbci	r25, 0xFF	; 255
    15d8:	af 4f       	sbci	r26, 0xFF	; 255
    15da:	b1 e0       	ldi	r27, 0x01	; 1
    15dc:	3e d0       	rcall	.+124    	; 0x165a <.L_div_add>
    15de:	b4 e0       	ldi	r27, 0x04	; 4
    15e0:	3c d0       	rcall	.+120    	; 0x165a <.L_div_add>
    15e2:	67 0f       	add	r22, r23
    15e4:	78 1f       	adc	r23, r24
    15e6:	89 1f       	adc	r24, r25
    15e8:	9a 1f       	adc	r25, r26
    15ea:	a1 1d       	adc	r26, r1
    15ec:	68 0f       	add	r22, r24
    15ee:	79 1f       	adc	r23, r25
    15f0:	8a 1f       	adc	r24, r26
    15f2:	91 1d       	adc	r25, r1
    15f4:	a1 1d       	adc	r26, r1
    15f6:	6a 0f       	add	r22, r26
    15f8:	71 1d       	adc	r23, r1
    15fa:	81 1d       	adc	r24, r1
    15fc:	91 1d       	adc	r25, r1
    15fe:	a1 1d       	adc	r26, r1
    1600:	20 d0       	rcall	.+64     	; 0x1642 <.L_lsr_4>
    1602:	09 f4       	brne	.+2      	; 0x1606 <.L1^B1>
    1604:	68 94       	set

00001606 <.L1^B1>:
    1606:	3f 91       	pop	r19
    1608:	2a e0       	ldi	r18, 0x0A	; 10
    160a:	26 9f       	mul	r18, r22
    160c:	11 24       	eor	r1, r1
    160e:	30 19       	sub	r19, r0
    1610:	30 5d       	subi	r19, 0xD0	; 208
    1612:	31 93       	st	Z+, r19
    1614:	de f6       	brtc	.-74     	; 0x15cc <.L_dec_loop>

00001616 <.L_eos>:
    1616:	cf 01       	movw	r24, r30
    1618:	08 95       	ret

0000161a <.L_oct>:
    161a:	46 2f       	mov	r20, r22
    161c:	47 70       	andi	r20, 0x07	; 7
    161e:	40 5d       	subi	r20, 0xD0	; 208
    1620:	41 93       	st	Z+, r20
    1622:	b3 e0       	ldi	r27, 0x03	; 3
    1624:	0f d0       	rcall	.+30     	; 0x1644 <.L_lsr>
    1626:	c9 f7       	brne	.-14     	; 0x161a <.L_oct>
    1628:	f6 cf       	rjmp	.-20     	; 0x1616 <.L_eos>

0000162a <.L_hex>:
    162a:	46 2f       	mov	r20, r22
    162c:	4f 70       	andi	r20, 0x0F	; 15
    162e:	40 5d       	subi	r20, 0xD0	; 208
    1630:	4a 33       	cpi	r20, 0x3A	; 58
    1632:	18 f0       	brcs	.+6      	; 0x163a <.L3^B1>
    1634:	49 5d       	subi	r20, 0xD9	; 217
    1636:	31 fd       	sbrc	r19, 1
    1638:	40 52       	subi	r20, 0x20	; 32

0000163a <.L3^B1>:
    163a:	41 93       	st	Z+, r20
    163c:	02 d0       	rcall	.+4      	; 0x1642 <.L_lsr_4>
    163e:	a9 f7       	brne	.-22     	; 0x162a <.L_hex>
    1640:	ea cf       	rjmp	.-44     	; 0x1616 <.L_eos>

00001642 <.L_lsr_4>:
    1642:	b4 e0       	ldi	r27, 0x04	; 4

00001644 <.L_lsr>:
    1644:	a6 95       	lsr	r26
    1646:	97 95       	ror	r25
    1648:	87 95       	ror	r24
    164a:	77 95       	ror	r23
    164c:	67 95       	ror	r22
    164e:	ba 95       	dec	r27
    1650:	c9 f7       	brne	.-14     	; 0x1644 <.L_lsr>
    1652:	00 97       	sbiw	r24, 0x00	; 0
    1654:	61 05       	cpc	r22, r1
    1656:	71 05       	cpc	r23, r1
    1658:	08 95       	ret

0000165a <.L_div_add>:
    165a:	9b 01       	movw	r18, r22
    165c:	ac 01       	movw	r20, r24
    165e:	0a 2e       	mov	r0, r26

00001660 <.L7^B1>:
    1660:	06 94       	lsr	r0
    1662:	57 95       	ror	r21
    1664:	47 95       	ror	r20
    1666:	37 95       	ror	r19
    1668:	27 95       	ror	r18
    166a:	ba 95       	dec	r27
    166c:	c9 f7       	brne	.-14     	; 0x1660 <.L7^B1>
    166e:	62 0f       	add	r22, r18
    1670:	73 1f       	adc	r23, r19
    1672:	84 1f       	adc	r24, r20
    1674:	95 1f       	adc	r25, r21
    1676:	a0 1d       	adc	r26, r0
    1678:	08 95       	ret

0000167a <__negsi2>:
    167a:	90 95       	com	r25
    167c:	80 95       	com	r24
    167e:	70 95       	com	r23
    1680:	61 95       	neg	r22
    1682:	7f 4f       	sbci	r23, 0xFF	; 255
    1684:	8f 4f       	sbci	r24, 0xFF	; 255
    1686:	9f 4f       	sbci	r25, 0xFF	; 255

00001688 <.Loc.1>:
    1688:	08 95       	ret

0000168a <__prologue_saves__>:
    168a:	2f 92       	push	r2

0000168c <.Loc.1>:
    168c:	3f 92       	push	r3

0000168e <.Loc.2>:
    168e:	4f 92       	push	r4

00001690 <.Loc.3>:
    1690:	5f 92       	push	r5

00001692 <.Loc.4>:
    1692:	6f 92       	push	r6

00001694 <.Loc.5>:
    1694:	7f 92       	push	r7

00001696 <.Loc.6>:
    1696:	8f 92       	push	r8

00001698 <.Loc.7>:
    1698:	9f 92       	push	r9

0000169a <.Loc.8>:
    169a:	af 92       	push	r10

0000169c <.Loc.9>:
    169c:	bf 92       	push	r11

0000169e <.Loc.10>:
    169e:	cf 92       	push	r12

000016a0 <.Loc.11>:
    16a0:	df 92       	push	r13

000016a2 <.Loc.12>:
    16a2:	ef 92       	push	r14

000016a4 <.Loc.13>:
    16a4:	ff 92       	push	r15

000016a6 <.Loc.14>:
    16a6:	0f 93       	push	r16

000016a8 <.Loc.15>:
    16a8:	1f 93       	push	r17

000016aa <.Loc.16>:
    16aa:	cf 93       	push	r28

000016ac <.Loc.17>:
    16ac:	df 93       	push	r29

000016ae <.Loc.18>:
    16ae:	cd b7       	in	r28, 0x3d	; 61

000016b0 <.Loc.19>:
    16b0:	de b7       	in	r29, 0x3e	; 62

000016b2 <.Loc.20>:
    16b2:	ca 1b       	sub	r28, r26

000016b4 <.Loc.21>:
    16b4:	db 0b       	sbc	r29, r27

000016b6 <.Loc.22>:
    16b6:	0f b6       	in	r0, 0x3f	; 63

000016b8 <.Loc.23>:
    16b8:	f8 94       	cli

000016ba <.Loc.24>:
    16ba:	de bf       	out	0x3e, r29	; 62

000016bc <.Loc.25>:
    16bc:	0f be       	out	0x3f, r0	; 63

000016be <.Loc.26>:
    16be:	cd bf       	out	0x3d, r28	; 61

000016c0 <.Loc.27>:
    16c0:	09 94       	ijmp

000016c2 <__epilogue_restores__>:
    16c2:	2a 88       	ldd	r2, Y+18	; 0x12

000016c4 <.Loc.1>:
    16c4:	39 88       	ldd	r3, Y+17	; 0x11

000016c6 <.Loc.2>:
    16c6:	48 88       	ldd	r4, Y+16	; 0x10

000016c8 <.Loc.3>:
    16c8:	5f 84       	ldd	r5, Y+15	; 0x0f

000016ca <.Loc.4>:
    16ca:	6e 84       	ldd	r6, Y+14	; 0x0e

000016cc <.Loc.5>:
    16cc:	7d 84       	ldd	r7, Y+13	; 0x0d

000016ce <.Loc.6>:
    16ce:	8c 84       	ldd	r8, Y+12	; 0x0c

000016d0 <.Loc.7>:
    16d0:	9b 84       	ldd	r9, Y+11	; 0x0b

000016d2 <.Loc.8>:
    16d2:	aa 84       	ldd	r10, Y+10	; 0x0a

000016d4 <.Loc.9>:
    16d4:	b9 84       	ldd	r11, Y+9	; 0x09

000016d6 <.Loc.10>:
    16d6:	c8 84       	ldd	r12, Y+8	; 0x08

000016d8 <.Loc.11>:
    16d8:	df 80       	ldd	r13, Y+7	; 0x07

000016da <.Loc.12>:
    16da:	ee 80       	ldd	r14, Y+6	; 0x06

000016dc <.Loc.13>:
    16dc:	fd 80       	ldd	r15, Y+5	; 0x05

000016de <.Loc.14>:
    16de:	0c 81       	ldd	r16, Y+4	; 0x04

000016e0 <.Loc.15>:
    16e0:	1b 81       	ldd	r17, Y+3	; 0x03

000016e2 <.Loc.16>:
    16e2:	aa 81       	ldd	r26, Y+2	; 0x02

000016e4 <.Loc.17>:
    16e4:	b9 81       	ldd	r27, Y+1	; 0x01

000016e6 <.Loc.18>:
    16e6:	ce 0f       	add	r28, r30

000016e8 <.Loc.19>:
    16e8:	d1 1d       	adc	r29, r1

000016ea <.Loc.20>:
    16ea:	0f b6       	in	r0, 0x3f	; 63

000016ec <.Loc.21>:
    16ec:	f8 94       	cli

000016ee <.Loc.22>:
    16ee:	de bf       	out	0x3e, r29	; 62

000016f0 <.Loc.23>:
    16f0:	0f be       	out	0x3f, r0	; 63

000016f2 <.Loc.24>:
    16f2:	cd bf       	out	0x3d, r28	; 61

000016f4 <.Loc.25>:
    16f4:	ed 01       	movw	r28, r26

000016f6 <.Loc.26>:
    16f6:	08 95       	ret

000016f8 <_exit>:
    16f8:	f8 94       	cli

000016fa <__stop_program>:
    16fa:	ff cf       	rjmp	.-2      	; 0x16fa <__stop_program>

000016fc <L0^A>:
    16fc:	f7 06       	cpc	r15, r23
    16fe:	ec 06       	cpc	r14, r28
    1700:	bb 06       	cpc	r11, r27
    1702:	eb 06       	cpc	r14, r27
    1704:	ba 06       	cpc	r11, r26
    1706:	f9 06       	cpc	r15, r25
    1708:	b9 06       	cpc	r11, r25
