
C:\LayerdArch_Atmega32\release\RF1.elf:     file format elf32-avr

Sections:
Idx Name          Size      VMA       LMA       File off  Algn
  0 .text         00001dba  00000000  00000000  00000094  2**1
                  CONTENTS, ALLOC, LOAD, READONLY, CODE
  1 .data         0000007c  00800060  00001dba  00001e4e  2**0
                  CONTENTS, ALLOC, LOAD, DATA
  2 .bss          00000099  008000dc  008000dc  00001eca  2**0
                  ALLOC
  3 .comment      0000005c  00000000  00000000  00001eca  2**0
                  CONTENTS, READONLY
  4 .note.gnu.avr.deviceinfo 0000003c  00000000  00000000  00001f28  2**2
                  CONTENTS, READONLY, OCTETS
  5 .debug_info   000004e6  00000000  00000000  00001f64  2**0
                  CONTENTS, READONLY, DEBUGGING, OCTETS
  6 .debug_abbrev 000004a3  00000000  00000000  0000244a  2**0
                  CONTENTS, READONLY, DEBUGGING, OCTETS
  7 .debug_line   0000001d  00000000  00000000  000028ed  2**0
                  CONTENTS, READONLY, DEBUGGING, OCTETS
  8 .debug_str    00000196  00000000  00000000  0000290a  2**0
                  CONTENTS, READONLY, DEBUGGING, OCTETS

Disassembly of section .text:

00000000 <__vectors>:
       0:	0c 94 2a 00 	jmp	0x54	; 0x54 <__ctors_end>
       4:	0c 94 cd 07 	jmp	0xf9a	; 0xf9a <__vector_1>
       8:	0c 94 f6 07 	jmp	0xfec	; 0xfec <__vector_2>
       c:	0c 94 1f 08 	jmp	0x103e	; 0x103e <__vector_3>
      10:	0c 94 47 00 	jmp	0x8e	; 0x8e <__bad_interrupt>
      14:	0c 94 47 00 	jmp	0x8e	; 0x8e <__bad_interrupt>
      18:	0c 94 47 00 	jmp	0x8e	; 0x8e <__bad_interrupt>
      1c:	0c 94 47 00 	jmp	0x8e	; 0x8e <__bad_interrupt>
      20:	0c 94 47 00 	jmp	0x8e	; 0x8e <__bad_interrupt>
      24:	0c 94 47 00 	jmp	0x8e	; 0x8e <__bad_interrupt>
      28:	0c 94 47 00 	jmp	0x8e	; 0x8e <__bad_interrupt>
      2c:	0c 94 47 00 	jmp	0x8e	; 0x8e <__bad_interrupt>
      30:	0c 94 0c 09 	jmp	0x1218	; 0x1218 <__vector_12>
      34:	0c 94 ab 0a 	jmp	0x1556	; 0x1556 <__vector_13>
      38:	0c 94 03 0b 	jmp	0x1606	; 0x1606 <__vector_14>
      3c:	0c 94 da 0a 	jmp	0x15b4	; 0x15b4 <__vector_15>
      40:	0c 94 47 00 	jmp	0x8e	; 0x8e <__bad_interrupt>
      44:	0c 94 47 00 	jmp	0x8e	; 0x8e <__bad_interrupt>
      48:	0c 94 47 00 	jmp	0x8e	; 0x8e <__bad_interrupt>
      4c:	0c 94 47 00 	jmp	0x8e	; 0x8e <__bad_interrupt>
      50:	0c 94 47 00 	jmp	0x8e	; 0x8e <__bad_interrupt>

00000054 <__ctors_end>:
      54:	11 24       	eor	r1, r1
      56:	1f be       	out	0x3f, r1	; 63
      58:	cf e5       	ldi	r28, 0x5F	; 95
      5a:	d8 e0       	ldi	r29, 0x08	; 8
      5c:	de bf       	out	0x3e, r29	; 62
      5e:	cd bf       	out	0x3d, r28	; 61

00000060 <__do_copy_data>:
      60:	10 e0       	ldi	r17, 0x00	; 0

00000062 <.Loc.1>:
      62:	a0 e6       	ldi	r26, 0x60	; 96

00000064 <.Loc.2>:
      64:	b0 e0       	ldi	r27, 0x00	; 0

00000066 <.Loc.3>:
      66:	ea eb       	ldi	r30, 0xBA	; 186

00000068 <.Loc.4>:
      68:	fd e1       	ldi	r31, 0x1D	; 29

0000006a <.Loc.5>:
      6a:	02 c0       	rjmp	.+4      	; 0x70 <.L__do_copy_data_start>

0000006c <.L__do_copy_data_loop>:
      6c:	05 90       	lpm	r0, Z+

0000006e <.Loc.7>:
      6e:	0d 92       	st	X+, r0

00000070 <.L__do_copy_data_start>:
      70:	ac 3d       	cpi	r26, 0xDC	; 220

00000072 <.Loc.9>:
      72:	b1 07       	cpc	r27, r17

00000074 <.Loc.10>:
      74:	d9 f7       	brne	.-10     	; 0x6c <.L__do_copy_data_loop>

00000076 <__do_clear_bss>:
      76:	21 e0       	ldi	r18, 0x01	; 1

00000078 <.Loc.1>:
      78:	ac ed       	ldi	r26, 0xDC	; 220

0000007a <.Loc.2>:
      7a:	b0 e0       	ldi	r27, 0x00	; 0

0000007c <.Loc.3>:
      7c:	01 c0       	rjmp	.+2      	; 0x80 <.Loc.5>

0000007e <.Loc.4>:
      7e:	1d 92       	st	X+, r1

00000080 <.Loc.5>:
      80:	a5 37       	cpi	r26, 0x75	; 117

00000082 <.Loc.6>:
      82:	b2 07       	cpc	r27, r18

00000084 <.Loc.7>:
      84:	e1 f7       	brne	.-8      	; 0x7e <.Loc.4>

00000086 <L0^A>:
      86:	0e 94 2c 0b 	call	0x1658	; 0x1658 <main>
      8a:	0c 94 d4 0e 	jmp	0x1da8	; 0x1da8 <_exit>

0000008e <__bad_interrupt>:
      8e:	0c 94 00 00 	jmp	0	; 0x0 <__vectors>

00000092 <DCM_Init>:
      92:	41 e0       	ldi	r20, 0x01	; 1
      94:	65 e0       	ldi	r22, 0x05	; 5
      96:	83 e0       	ldi	r24, 0x03	; 3
      98:	0e 94 3b 06 	call	0xc76	; 0xc76 <DIO_InitPin>
      9c:	41 e0       	ldi	r20, 0x01	; 1
      9e:	66 e0       	ldi	r22, 0x06	; 6
      a0:	83 e0       	ldi	r24, 0x03	; 3
      a2:	0e 94 3b 06 	call	0xc76	; 0xc76 <DIO_InitPin>
      a6:	40 e0       	ldi	r20, 0x00	; 0
      a8:	65 e0       	ldi	r22, 0x05	; 5
      aa:	83 e0       	ldi	r24, 0x03	; 3
      ac:	0e 94 89 06 	call	0xd12	; 0xd12 <DIO_WritePin>
      b0:	40 e0       	ldi	r20, 0x00	; 0
      b2:	66 e0       	ldi	r22, 0x06	; 6
      b4:	83 e0       	ldi	r24, 0x03	; 3
      b6:	0c 94 89 06 	jmp	0xd12	; 0xd12 <DIO_WritePin>

000000ba <DCM_OpenGate>:
      ba:	41 e0       	ldi	r20, 0x01	; 1
      bc:	65 e0       	ldi	r22, 0x05	; 5
      be:	83 e0       	ldi	r24, 0x03	; 3
      c0:	0e 94 89 06 	call	0xd12	; 0xd12 <DIO_WritePin>
      c4:	40 e0       	ldi	r20, 0x00	; 0
      c6:	66 e0       	ldi	r22, 0x06	; 6
      c8:	83 e0       	ldi	r24, 0x03	; 3
      ca:	0e 94 89 06 	call	0xd12	; 0xd12 <DIO_WritePin>
      ce:	2f ef       	ldi	r18, 0xFF	; 255
      d0:	82 e5       	ldi	r24, 0x52	; 82
      d2:	97 e0       	ldi	r25, 0x07	; 7

000000d4 <.L1^B1>:
      d4:	21 50       	subi	r18, 0x01	; 1
      d6:	80 40       	sbci	r24, 0x00	; 0
      d8:	90 40       	sbci	r25, 0x00	; 0
      da:	e1 f7       	brne	.-8      	; 0xd4 <.L1^B1>
      dc:	00 c0       	rjmp	.+0      	; 0xde <L0^A>

000000de <L0^A>:
      de:	00 00       	nop
      e0:	40 e0       	ldi	r20, 0x00	; 0
      e2:	65 e0       	ldi	r22, 0x05	; 5
      e4:	83 e0       	ldi	r24, 0x03	; 3
      e6:	0e 94 89 06 	call	0xd12	; 0xd12 <DIO_WritePin>
      ea:	40 e0       	ldi	r20, 0x00	; 0
      ec:	66 e0       	ldi	r22, 0x06	; 6
      ee:	83 e0       	ldi	r24, 0x03	; 3
      f0:	0c 94 89 06 	jmp	0xd12	; 0xd12 <DIO_WritePin>

000000f4 <DCM_CloseGate>:
      f4:	40 e0       	ldi	r20, 0x00	; 0
      f6:	65 e0       	ldi	r22, 0x05	; 5
      f8:	83 e0       	ldi	r24, 0x03	; 3
      fa:	0e 94 89 06 	call	0xd12	; 0xd12 <DIO_WritePin>
      fe:	41 e0       	ldi	r20, 0x01	; 1
     100:	66 e0       	ldi	r22, 0x06	; 6
     102:	83 e0       	ldi	r24, 0x03	; 3
     104:	0e 94 89 06 	call	0xd12	; 0xd12 <DIO_WritePin>
     108:	2f ef       	ldi	r18, 0xFF	; 255
     10a:	82 e5       	ldi	r24, 0x52	; 82
     10c:	97 e0       	ldi	r25, 0x07	; 7

0000010e <.L1^B2>:
     10e:	21 50       	subi	r18, 0x01	; 1
     110:	80 40       	sbci	r24, 0x00	; 0
     112:	90 40       	sbci	r25, 0x00	; 0
     114:	e1 f7       	brne	.-8      	; 0x10e <.L1^B2>
     116:	00 c0       	rjmp	.+0      	; 0x118 <L0^A>

00000118 <L0^A>:
     118:	00 00       	nop
     11a:	40 e0       	ldi	r20, 0x00	; 0
     11c:	65 e0       	ldi	r22, 0x05	; 5
     11e:	83 e0       	ldi	r24, 0x03	; 3
     120:	0e 94 89 06 	call	0xd12	; 0xd12 <DIO_WritePin>
     124:	40 e0       	ldi	r20, 0x00	; 0
     126:	66 e0       	ldi	r22, 0x06	; 6
     128:	83 e0       	ldi	r24, 0x03	; 3
     12a:	0c 94 89 06 	jmp	0xd12	; 0xd12 <DIO_WritePin>

0000012e <DCM_Stop>:
     12e:	40 e0       	ldi	r20, 0x00	; 0
     130:	65 e0       	ldi	r22, 0x05	; 5
     132:	83 e0       	ldi	r24, 0x03	; 3
     134:	0e 94 89 06 	call	0xd12	; 0xd12 <DIO_WritePin>
     138:	40 e0       	ldi	r20, 0x00	; 0
     13a:	66 e0       	ldi	r22, 0x06	; 6
     13c:	83 e0       	ldi	r24, 0x03	; 3
     13e:	0c 94 89 06 	jmp	0xd12	; 0xd12 <DIO_WritePin>

00000142 <KeyPad_Init>:
     142:	ef 92       	push	r14
     144:	ff 92       	push	r15
     146:	0f 93       	push	r16
     148:	1f 93       	push	r17
     14a:	cf 93       	push	r28
     14c:	df 93       	push	r29
     14e:	c8 e7       	ldi	r28, 0x78	; 120
     150:	d0 e0       	ldi	r29, 0x00	; 0
     152:	9c e7       	ldi	r25, 0x7C	; 124
     154:	e9 2e       	mov	r14, r25
     156:	90 e0       	ldi	r25, 0x00	; 0
     158:	f9 2e       	mov	r15, r25

0000015a <.L2>:
     15a:	09 91       	ld	r16, Y+
     15c:	f7 01       	movw	r30, r14
     15e:	11 91       	ld	r17, Z+
     160:	7f 01       	movw	r14, r30
     162:	40 e0       	ldi	r20, 0x00	; 0
     164:	60 2f       	mov	r22, r16
     166:	81 2f       	mov	r24, r17
     168:	0e 94 3b 06 	call	0xc76	; 0xc76 <DIO_InitPin>
     16c:	41 e0       	ldi	r20, 0x01	; 1
     16e:	60 2f       	mov	r22, r16
     170:	81 2f       	mov	r24, r17
     172:	0e 94 89 06 	call	0xd12	; 0xd12 <DIO_WritePin>
     176:	f0 e0       	ldi	r31, 0x00	; 0
     178:	cc 37       	cpi	r28, 0x7C	; 124
     17a:	df 07       	cpc	r29, r31
     17c:	71 f7       	brne	.-36     	; 0x15a <.L2>
     17e:	c0 e7       	ldi	r28, 0x70	; 112
     180:	d0 e0       	ldi	r29, 0x00	; 0
     182:	84 e7       	ldi	r24, 0x74	; 116
     184:	e8 2e       	mov	r14, r24
     186:	80 e0       	ldi	r24, 0x00	; 0
     188:	f8 2e       	mov	r15, r24

0000018a <.L3>:
     18a:	09 91       	ld	r16, Y+
     18c:	f7 01       	movw	r30, r14
     18e:	11 91       	ld	r17, Z+
     190:	7f 01       	movw	r14, r30
     192:	41 e0       	ldi	r20, 0x01	; 1
     194:	60 2f       	mov	r22, r16
     196:	81 2f       	mov	r24, r17
     198:	0e 94 3b 06 	call	0xc76	; 0xc76 <DIO_InitPin>
     19c:	41 e0       	ldi	r20, 0x01	; 1
     19e:	60 2f       	mov	r22, r16
     1a0:	81 2f       	mov	r24, r17
     1a2:	0e 94 89 06 	call	0xd12	; 0xd12 <DIO_WritePin>
     1a6:	f0 e0       	ldi	r31, 0x00	; 0
     1a8:	c4 37       	cpi	r28, 0x74	; 116
     1aa:	df 07       	cpc	r29, r31
     1ac:	71 f7       	brne	.-36     	; 0x18a <.L3>
     1ae:	df 91       	pop	r29
     1b0:	cf 91       	pop	r28
     1b2:	1f 91       	pop	r17
     1b4:	0f 91       	pop	r16
     1b6:	ff 90       	pop	r15
     1b8:	ef 90       	pop	r14
     1ba:	08 95       	ret

000001bc <KeyPad_Getpressedkey>:
     1bc:	2f 92       	push	r2
     1be:	3f 92       	push	r3
     1c0:	4f 92       	push	r4
     1c2:	5f 92       	push	r5
     1c4:	6f 92       	push	r6
     1c6:	7f 92       	push	r7
     1c8:	8f 92       	push	r8
     1ca:	9f 92       	push	r9
     1cc:	af 92       	push	r10
     1ce:	bf 92       	push	r11
     1d0:	cf 92       	push	r12
     1d2:	df 92       	push	r13
     1d4:	ef 92       	push	r14
     1d6:	ff 92       	push	r15
     1d8:	0f 93       	push	r16
     1da:	1f 93       	push	r17
     1dc:	cf 93       	push	r28
     1de:	df 93       	push	r29
     1e0:	0f 92       	push	r0
     1e2:	cd b7       	in	r28, 0x3d	; 61
     1e4:	de b7       	in	r29, 0x3e	; 62
     1e6:	19 82       	std	Y+1, r1	; 0x01
     1e8:	50 e7       	ldi	r21, 0x70	; 112
     1ea:	85 2e       	mov	r8, r21
     1ec:	50 e0       	ldi	r21, 0x00	; 0
     1ee:	95 2e       	mov	r9, r21
     1f0:	64 e7       	ldi	r22, 0x74	; 116
     1f2:	66 2e       	mov	r6, r22
     1f4:	60 e0       	ldi	r22, 0x00	; 0
     1f6:	76 2e       	mov	r7, r22
     1f8:	a1 2c       	mov	r10, r1
     1fa:	b1 2c       	mov	r11, r1

000001fc <.L12>:
     1fc:	f4 01       	movw	r30, r8
     1fe:	20 80       	ld	r2, Z
     200:	f3 01       	movw	r30, r6
     202:	30 80       	ld	r3, Z
     204:	40 e0       	ldi	r20, 0x00	; 0
     206:	62 2d       	mov	r22, r2
     208:	83 2d       	mov	r24, r3
     20a:	0e 94 89 06 	call	0xd12	; 0xd12 <DIO_WritePin>
     20e:	38 e7       	ldi	r19, 0x78	; 120
     210:	c3 2e       	mov	r12, r19
     212:	30 e0       	ldi	r19, 0x00	; 0
     214:	d3 2e       	mov	r13, r19
     216:	4c e7       	ldi	r20, 0x7C	; 124
     218:	e4 2e       	mov	r14, r20
     21a:	40 e0       	ldi	r20, 0x00	; 0
     21c:	f4 2e       	mov	r15, r20
     21e:	00 e0       	ldi	r16, 0x00	; 0
     220:	10 e0       	ldi	r17, 0x00	; 0

00000222 <.L11>:
     222:	f6 01       	movw	r30, r12
     224:	50 80       	ld	r5, Z
     226:	f7 01       	movw	r30, r14
     228:	40 80       	ld	r4, Z
     22a:	ae 01       	movw	r20, r28
     22c:	4f 5f       	subi	r20, 0xFF	; 255
     22e:	5f 4f       	sbci	r21, 0xFF	; 255
     230:	65 2d       	mov	r22, r5
     232:	84 2d       	mov	r24, r4
     234:	0e 94 d7 06 	call	0xdae	; 0xdae <DIO_ReadPin>
     238:	89 81       	ldd	r24, Y+1	; 0x01
     23a:	81 15       	cp	r24, r1
     23c:	99 f1       	breq	.+102    	; 0x2a4 <.L17>
     23e:	9f ef       	ldi	r25, 0xFF	; 255
     240:	c9 1a       	sub	r12, r25
     242:	d9 0a       	sbc	r13, r25
     244:	ef ef       	ldi	r30, 0xFF	; 255
     246:	ee 1a       	sub	r14, r30
     248:	fe 0a       	sbc	r15, r30
     24a:	0f 5f       	subi	r16, 0xFF	; 255
     24c:	1f 4f       	sbci	r17, 0xFF	; 255
     24e:	04 30       	cpi	r16, 0x04	; 4
     250:	11 05       	cpc	r17, r1
     252:	39 f7       	brne	.-50     	; 0x222 <.L11>
     254:	ff ef       	ldi	r31, 0xFF	; 255
     256:	8f 1a       	sub	r8, r31
     258:	9f 0a       	sbc	r9, r31
     25a:	8f ef       	ldi	r24, 0xFF	; 255
     25c:	68 1a       	sub	r6, r24
     25e:	78 0a       	sbc	r7, r24
     260:	41 e0       	ldi	r20, 0x01	; 1
     262:	62 2d       	mov	r22, r2
     264:	83 2d       	mov	r24, r3
     266:	0e 94 89 06 	call	0xd12	; 0xd12 <DIO_WritePin>
     26a:	9f ef       	ldi	r25, 0xFF	; 255
     26c:	a9 1a       	sub	r10, r25
     26e:	b9 0a       	sbc	r11, r25
     270:	e4 e0       	ldi	r30, 0x04	; 4
     272:	ae 16       	cp	r10, r30
     274:	b1 04       	cpc	r11, r1
     276:	11 f6       	brne	.-124    	; 0x1fc <.L12>
     278:	1f ef       	ldi	r17, 0xFF	; 255

0000027a <.L7>:
     27a:	81 2f       	mov	r24, r17
     27c:	0f 90       	pop	r0
     27e:	df 91       	pop	r29
     280:	cf 91       	pop	r28
     282:	1f 91       	pop	r17
     284:	0f 91       	pop	r16
     286:	ff 90       	pop	r15
     288:	ef 90       	pop	r14
     28a:	df 90       	pop	r13
     28c:	cf 90       	pop	r12
     28e:	bf 90       	pop	r11
     290:	af 90       	pop	r10
     292:	9f 90       	pop	r9
     294:	8f 90       	pop	r8
     296:	7f 90       	pop	r7
     298:	6f 90       	pop	r6
     29a:	5f 90       	pop	r5
     29c:	4f 90       	pop	r4
     29e:	3f 90       	pop	r3
     2a0:	2f 90       	pop	r2
     2a2:	08 95       	ret

000002a4 <.L17>:
     2a4:	c5 01       	movw	r24, r10
     2a6:	88 0f       	add	r24, r24
     2a8:	99 1f       	adc	r25, r25
     2aa:	88 0f       	add	r24, r24
     2ac:	99 1f       	adc	r25, r25
     2ae:	80 5a       	subi	r24, 0xA0	; 160
     2b0:	9f 4f       	sbci	r25, 0xFF	; 255
     2b2:	fc 01       	movw	r30, r24
     2b4:	e0 0f       	add	r30, r16
     2b6:	f1 1f       	adc	r31, r17
     2b8:	10 81       	ld	r17, Z

000002ba <.L9>:
     2ba:	ae 01       	movw	r20, r28
     2bc:	4f 5f       	subi	r20, 0xFF	; 255
     2be:	5f 4f       	sbci	r21, 0xFF	; 255
     2c0:	65 2d       	mov	r22, r5
     2c2:	84 2d       	mov	r24, r4
     2c4:	0e 94 d7 06 	call	0xdae	; 0xdae <DIO_ReadPin>
     2c8:	89 81       	ldd	r24, Y+1	; 0x01
     2ca:	81 15       	cp	r24, r1
     2cc:	b1 f3       	breq	.-20     	; 0x2ba <.L9>
     2ce:	8f e3       	ldi	r24, 0x3F	; 63
     2d0:	9c e9       	ldi	r25, 0x9C	; 156

000002d2 <.L1^B1>:
     2d2:	01 97       	sbiw	r24, 0x01	; 1
     2d4:	f1 f7       	brne	.-4      	; 0x2d2 <.L1^B1>
     2d6:	00 c0       	rjmp	.+0      	; 0x2d8 <L0^A>

000002d8 <L0^A>:
     2d8:	00 00       	nop
     2da:	41 e0       	ldi	r20, 0x01	; 1
     2dc:	62 2d       	mov	r22, r2
     2de:	83 2d       	mov	r24, r3
     2e0:	0e 94 89 06 	call	0xd12	; 0xd12 <DIO_WritePin>
     2e4:	ca cf       	rjmp	.-108    	; 0x27a <.L7>

000002e6 <LCD_WriteData>:
     2e6:	cf 93       	push	r28
     2e8:	df 93       	push	r29
     2ea:	0f 92       	push	r0
     2ec:	cd b7       	in	r28, 0x3d	; 61
     2ee:	de b7       	in	r29, 0x3e	; 62
     2f0:	89 83       	std	Y+1, r24	; 0x01
     2f2:	61 30       	cpi	r22, 0x01	; 1
     2f4:	e1 f1       	breq	.+120    	; 0x36e <.L6>
     2f6:	20 f0       	brcs	.+8      	; 0x300 <.L7>
     2f8:	0f 90       	pop	r0
     2fa:	df 91       	pop	r29
     2fc:	cf 91       	pop	r28
     2fe:	08 95       	ret

00000300 <.L7>:
     300:	41 e0       	ldi	r20, 0x01	; 1
     302:	80 e0       	ldi	r24, 0x00	; 0
     304:	0e 94 89 06 	call	0xd12	; 0xd12 <DIO_WritePin>
     308:	40 e0       	ldi	r20, 0x00	; 0
     30a:	61 e0       	ldi	r22, 0x01	; 1
     30c:	80 e0       	ldi	r24, 0x00	; 0
     30e:	0e 94 89 06 	call	0xd12	; 0xd12 <DIO_WritePin>
     312:	69 81       	ldd	r22, Y+1	; 0x01
     314:	60 7f       	andi	r22, 0xF0	; 240
     316:	81 e0       	ldi	r24, 0x01	; 1
     318:	0e 94 c7 06 	call	0xd8e	; 0xd8e <DIO_WriteGroup>
     31c:	41 e0       	ldi	r20, 0x01	; 1
     31e:	62 e0       	ldi	r22, 0x02	; 2
     320:	80 e0       	ldi	r24, 0x00	; 0
     322:	0e 94 89 06 	call	0xd12	; 0xd12 <DIO_WritePin>
     326:	8f ec       	ldi	r24, 0xCF	; 207
     328:	97 e0       	ldi	r25, 0x07	; 7

0000032a <.L1^B1>:
     32a:	01 97       	sbiw	r24, 0x01	; 1
     32c:	f1 f7       	brne	.-4      	; 0x32a <.L1^B1>
     32e:	00 c0       	rjmp	.+0      	; 0x330 <L0^A>

00000330 <L0^A>:
     330:	00 00       	nop
     332:	40 e0       	ldi	r20, 0x00	; 0
     334:	62 e0       	ldi	r22, 0x02	; 2
     336:	80 e0       	ldi	r24, 0x00	; 0
     338:	0e 94 89 06 	call	0xd12	; 0xd12 <DIO_WritePin>
     33c:	69 81       	ldd	r22, Y+1	; 0x01
     33e:	62 95       	swap	r22
     340:	60 7f       	andi	r22, 0xF0	; 240

00000342 <.L4>:
     342:	81 e0       	ldi	r24, 0x01	; 1
     344:	0e 94 c7 06 	call	0xd8e	; 0xd8e <DIO_WriteGroup>
     348:	41 e0       	ldi	r20, 0x01	; 1
     34a:	62 e0       	ldi	r22, 0x02	; 2
     34c:	80 e0       	ldi	r24, 0x00	; 0
     34e:	0e 94 89 06 	call	0xd12	; 0xd12 <DIO_WritePin>
     352:	8f ec       	ldi	r24, 0xCF	; 207
     354:	97 e0       	ldi	r25, 0x07	; 7

00000356 <.L1^B2>:
     356:	01 97       	sbiw	r24, 0x01	; 1
     358:	f1 f7       	brne	.-4      	; 0x356 <.L1^B2>
     35a:	00 c0       	rjmp	.+0      	; 0x35c <L0^A>

0000035c <L0^A>:
     35c:	00 00       	nop
     35e:	40 e0       	ldi	r20, 0x00	; 0
     360:	62 e0       	ldi	r22, 0x02	; 2
     362:	80 e0       	ldi	r24, 0x00	; 0
     364:	0f 90       	pop	r0
     366:	df 91       	pop	r29
     368:	cf 91       	pop	r28
     36a:	0c 94 89 06 	jmp	0xd12	; 0xd12 <DIO_WritePin>

0000036e <.L6>:
     36e:	41 e0       	ldi	r20, 0x01	; 1
     370:	60 e0       	ldi	r22, 0x00	; 0
     372:	80 e0       	ldi	r24, 0x00	; 0
     374:	0e 94 89 06 	call	0xd12	; 0xd12 <DIO_WritePin>
     378:	40 e0       	ldi	r20, 0x00	; 0
     37a:	61 e0       	ldi	r22, 0x01	; 1
     37c:	80 e0       	ldi	r24, 0x00	; 0
     37e:	0e 94 89 06 	call	0xd12	; 0xd12 <DIO_WritePin>
     382:	69 81       	ldd	r22, Y+1	; 0x01
     384:	de cf       	rjmp	.-68     	; 0x342 <.L4>

00000386 <LCD_WriteInstruction>:
     386:	cf 93       	push	r28
     388:	df 93       	push	r29
     38a:	0f 92       	push	r0
     38c:	cd b7       	in	r28, 0x3d	; 61
     38e:	de b7       	in	r29, 0x3e	; 62
     390:	89 83       	std	Y+1, r24	; 0x01
     392:	61 30       	cpi	r22, 0x01	; 1
     394:	e1 f1       	breq	.+120    	; 0x40e <.L12>
     396:	20 f0       	brcs	.+8      	; 0x3a0 <.L13>
     398:	0f 90       	pop	r0
     39a:	df 91       	pop	r29
     39c:	cf 91       	pop	r28
     39e:	08 95       	ret

000003a0 <.L13>:
     3a0:	40 e0       	ldi	r20, 0x00	; 0
     3a2:	80 e0       	ldi	r24, 0x00	; 0
     3a4:	0e 94 89 06 	call	0xd12	; 0xd12 <DIO_WritePin>
     3a8:	40 e0       	ldi	r20, 0x00	; 0
     3aa:	61 e0       	ldi	r22, 0x01	; 1
     3ac:	80 e0       	ldi	r24, 0x00	; 0
     3ae:	0e 94 89 06 	call	0xd12	; 0xd12 <DIO_WritePin>
     3b2:	69 81       	ldd	r22, Y+1	; 0x01
     3b4:	60 7f       	andi	r22, 0xF0	; 240
     3b6:	81 e0       	ldi	r24, 0x01	; 1
     3b8:	0e 94 c7 06 	call	0xd8e	; 0xd8e <DIO_WriteGroup>
     3bc:	41 e0       	ldi	r20, 0x01	; 1
     3be:	62 e0       	ldi	r22, 0x02	; 2
     3c0:	80 e0       	ldi	r24, 0x00	; 0
     3c2:	0e 94 89 06 	call	0xd12	; 0xd12 <DIO_WritePin>
     3c6:	8f ec       	ldi	r24, 0xCF	; 207
     3c8:	97 e0       	ldi	r25, 0x07	; 7

000003ca <.L1^B3>:
     3ca:	01 97       	sbiw	r24, 0x01	; 1
     3cc:	f1 f7       	brne	.-4      	; 0x3ca <.L1^B3>
     3ce:	00 c0       	rjmp	.+0      	; 0x3d0 <L0^A>

000003d0 <L0^A>:
     3d0:	00 00       	nop
     3d2:	40 e0       	ldi	r20, 0x00	; 0
     3d4:	62 e0       	ldi	r22, 0x02	; 2
     3d6:	80 e0       	ldi	r24, 0x00	; 0
     3d8:	0e 94 89 06 	call	0xd12	; 0xd12 <DIO_WritePin>
     3dc:	69 81       	ldd	r22, Y+1	; 0x01
     3de:	62 95       	swap	r22
     3e0:	60 7f       	andi	r22, 0xF0	; 240

000003e2 <.L11>:
     3e2:	81 e0       	ldi	r24, 0x01	; 1
     3e4:	0e 94 c7 06 	call	0xd8e	; 0xd8e <DIO_WriteGroup>
     3e8:	41 e0       	ldi	r20, 0x01	; 1
     3ea:	62 e0       	ldi	r22, 0x02	; 2
     3ec:	80 e0       	ldi	r24, 0x00	; 0
     3ee:	0e 94 89 06 	call	0xd12	; 0xd12 <DIO_WritePin>
     3f2:	8f ec       	ldi	r24, 0xCF	; 207
     3f4:	97 e0       	ldi	r25, 0x07	; 7

000003f6 <.L1^B4>:
     3f6:	01 97       	sbiw	r24, 0x01	; 1
     3f8:	f1 f7       	brne	.-4      	; 0x3f6 <.L1^B4>
     3fa:	00 c0       	rjmp	.+0      	; 0x3fc <L0^A>

000003fc <L0^A>:
     3fc:	00 00       	nop
     3fe:	40 e0       	ldi	r20, 0x00	; 0
     400:	62 e0       	ldi	r22, 0x02	; 2
     402:	80 e0       	ldi	r24, 0x00	; 0
     404:	0f 90       	pop	r0
     406:	df 91       	pop	r29
     408:	cf 91       	pop	r28
     40a:	0c 94 89 06 	jmp	0xd12	; 0xd12 <DIO_WritePin>

0000040e <.L12>:
     40e:	40 e0       	ldi	r20, 0x00	; 0
     410:	60 e0       	ldi	r22, 0x00	; 0
     412:	80 e0       	ldi	r24, 0x00	; 0
     414:	0e 94 89 06 	call	0xd12	; 0xd12 <DIO_WritePin>
     418:	40 e0       	ldi	r20, 0x00	; 0
     41a:	61 e0       	ldi	r22, 0x01	; 1
     41c:	80 e0       	ldi	r24, 0x00	; 0
     41e:	0e 94 89 06 	call	0xd12	; 0xd12 <DIO_WritePin>
     422:	69 81       	ldd	r22, Y+1	; 0x01
     424:	de cf       	rjmp	.-68     	; 0x3e2 <.L11>

00000426 <LCD_Init>:
     426:	81 30       	cpi	r24, 0x01	; 1
     428:	09 f4       	brne	.+2      	; 0x42c <L0^A+0x2>

0000042a <L0^A>:
     42a:	50 c0       	rjmp	.+160    	; 0x4cc <.L18>
     42c:	08 f0       	brcs	.+2      	; 0x430 <.L19>
     42e:	08 95       	ret

00000430 <.L19>:
     430:	41 e0       	ldi	r20, 0x01	; 1
     432:	60 e0       	ldi	r22, 0x00	; 0
     434:	0e 94 3b 06 	call	0xc76	; 0xc76 <DIO_InitPin>
     438:	41 e0       	ldi	r20, 0x01	; 1
     43a:	61 e0       	ldi	r22, 0x01	; 1
     43c:	80 e0       	ldi	r24, 0x00	; 0
     43e:	0e 94 3b 06 	call	0xc76	; 0xc76 <DIO_InitPin>
     442:	41 e0       	ldi	r20, 0x01	; 1
     444:	62 e0       	ldi	r22, 0x02	; 2
     446:	80 e0       	ldi	r24, 0x00	; 0
     448:	0e 94 3b 06 	call	0xc76	; 0xc76 <DIO_InitPin>
     44c:	6f ef       	ldi	r22, 0xFF	; 255
     44e:	81 e0       	ldi	r24, 0x01	; 1
     450:	0e 94 79 06 	call	0xcf2	; 0xcf2 <DIO_InitGroup>
     454:	9f eb       	ldi	r25, 0xBF	; 191
     456:	2a ed       	ldi	r18, 0xDA	; 218
     458:	80 e0       	ldi	r24, 0x00	; 0

0000045a <.L1^B5>:
     45a:	91 50       	subi	r25, 0x01	; 1
     45c:	20 40       	sbci	r18, 0x00	; 0
     45e:	80 40       	sbci	r24, 0x00	; 0
     460:	e1 f7       	brne	.-8      	; 0x45a <.L1^B5>
     462:	00 c0       	rjmp	.+0      	; 0x464 <L0^A>

00000464 <L0^A>:
     464:	00 00       	nop
     466:	60 e0       	ldi	r22, 0x00	; 0
     468:	82 e0       	ldi	r24, 0x02	; 2
     46a:	0e 94 c3 01 	call	0x386	; 0x386 <LCD_WriteInstruction>
     46e:	8f ec       	ldi	r24, 0xCF	; 207
     470:	97 e0       	ldi	r25, 0x07	; 7

00000472 <.L1^B6>:
     472:	01 97       	sbiw	r24, 0x01	; 1
     474:	f1 f7       	brne	.-4      	; 0x472 <.L1^B6>
     476:	00 c0       	rjmp	.+0      	; 0x478 <L0^A>

00000478 <L0^A>:
     478:	00 00       	nop
     47a:	60 e0       	ldi	r22, 0x00	; 0
     47c:	88 e2       	ldi	r24, 0x28	; 40
     47e:	0e 94 c3 01 	call	0x386	; 0x386 <LCD_WriteInstruction>
     482:	8f ec       	ldi	r24, 0xCF	; 207
     484:	97 e0       	ldi	r25, 0x07	; 7

00000486 <.L1^B7>:
     486:	01 97       	sbiw	r24, 0x01	; 1
     488:	f1 f7       	brne	.-4      	; 0x486 <.L1^B7>
     48a:	00 c0       	rjmp	.+0      	; 0x48c <L0^A>

0000048c <L0^A>:
     48c:	00 00       	nop
     48e:	60 e0       	ldi	r22, 0x00	; 0
     490:	8c e0       	ldi	r24, 0x0C	; 12
     492:	0e 94 c3 01 	call	0x386	; 0x386 <LCD_WriteInstruction>
     496:	8f ec       	ldi	r24, 0xCF	; 207
     498:	97 e0       	ldi	r25, 0x07	; 7

0000049a <.L1^B8>:
     49a:	01 97       	sbiw	r24, 0x01	; 1
     49c:	f1 f7       	brne	.-4      	; 0x49a <.L1^B8>
     49e:	00 c0       	rjmp	.+0      	; 0x4a0 <L0^A>

000004a0 <L0^A>:
     4a0:	00 00       	nop
     4a2:	60 e0       	ldi	r22, 0x00	; 0
     4a4:	81 e0       	ldi	r24, 0x01	; 1
     4a6:	0e 94 c3 01 	call	0x386	; 0x386 <LCD_WriteInstruction>
     4aa:	8f e9       	ldi	r24, 0x9F	; 159
     4ac:	9f e0       	ldi	r25, 0x0F	; 15

000004ae <.L1^B9>:
     4ae:	01 97       	sbiw	r24, 0x01	; 1
     4b0:	f1 f7       	brne	.-4      	; 0x4ae <.L1^B9>
     4b2:	00 c0       	rjmp	.+0      	; 0x4b4 <L0^A>

000004b4 <L0^A>:
     4b4:	00 00       	nop
     4b6:	60 e0       	ldi	r22, 0x00	; 0

000004b8 <.L17>:
     4b8:	86 e0       	ldi	r24, 0x06	; 6
     4ba:	0e 94 c3 01 	call	0x386	; 0x386 <LCD_WriteInstruction>
     4be:	8f ec       	ldi	r24, 0xCF	; 207
     4c0:	97 e0       	ldi	r25, 0x07	; 7

000004c2 <.L1^B10>:
     4c2:	01 97       	sbiw	r24, 0x01	; 1
     4c4:	f1 f7       	brne	.-4      	; 0x4c2 <.L1^B10>
     4c6:	00 c0       	rjmp	.+0      	; 0x4c8 <L0^A>

000004c8 <L0^A>:
     4c8:	00 00       	nop
     4ca:	08 95       	ret

000004cc <.L18>:
     4cc:	41 e0       	ldi	r20, 0x01	; 1
     4ce:	60 e0       	ldi	r22, 0x00	; 0
     4d0:	80 e0       	ldi	r24, 0x00	; 0
     4d2:	0e 94 3b 06 	call	0xc76	; 0xc76 <DIO_InitPin>
     4d6:	41 e0       	ldi	r20, 0x01	; 1
     4d8:	61 e0       	ldi	r22, 0x01	; 1
     4da:	80 e0       	ldi	r24, 0x00	; 0
     4dc:	0e 94 3b 06 	call	0xc76	; 0xc76 <DIO_InitPin>
     4e0:	41 e0       	ldi	r20, 0x01	; 1
     4e2:	62 e0       	ldi	r22, 0x02	; 2
     4e4:	80 e0       	ldi	r24, 0x00	; 0
     4e6:	0e 94 3b 06 	call	0xc76	; 0xc76 <DIO_InitPin>
     4ea:	6f ef       	ldi	r22, 0xFF	; 255
     4ec:	81 e0       	ldi	r24, 0x01	; 1
     4ee:	0e 94 79 06 	call	0xcf2	; 0xcf2 <DIO_InitGroup>
     4f2:	2f eb       	ldi	r18, 0xBF	; 191
     4f4:	8a ed       	ldi	r24, 0xDA	; 218
     4f6:	90 e0       	ldi	r25, 0x00	; 0

000004f8 <.L1^B11>:
     4f8:	21 50       	subi	r18, 0x01	; 1
     4fa:	80 40       	sbci	r24, 0x00	; 0
     4fc:	90 40       	sbci	r25, 0x00	; 0
     4fe:	e1 f7       	brne	.-8      	; 0x4f8 <.L1^B11>
     500:	00 c0       	rjmp	.+0      	; 0x502 <L0^A>

00000502 <L0^A>:
     502:	00 00       	nop
     504:	61 e0       	ldi	r22, 0x01	; 1
     506:	88 e3       	ldi	r24, 0x38	; 56
     508:	0e 94 c3 01 	call	0x386	; 0x386 <LCD_WriteInstruction>
     50c:	8f ec       	ldi	r24, 0xCF	; 207
     50e:	97 e0       	ldi	r25, 0x07	; 7

00000510 <.L1^B12>:
     510:	01 97       	sbiw	r24, 0x01	; 1
     512:	f1 f7       	brne	.-4      	; 0x510 <.L1^B12>
     514:	00 c0       	rjmp	.+0      	; 0x516 <L0^A>

00000516 <L0^A>:
     516:	00 00       	nop
     518:	61 e0       	ldi	r22, 0x01	; 1
     51a:	8e e0       	ldi	r24, 0x0E	; 14
     51c:	0e 94 c3 01 	call	0x386	; 0x386 <LCD_WriteInstruction>
     520:	8f ec       	ldi	r24, 0xCF	; 207
     522:	97 e0       	ldi	r25, 0x07	; 7

00000524 <.L1^B13>:
     524:	01 97       	sbiw	r24, 0x01	; 1
     526:	f1 f7       	brne	.-4      	; 0x524 <.L1^B13>
     528:	00 c0       	rjmp	.+0      	; 0x52a <L0^A>

0000052a <L0^A>:
     52a:	00 00       	nop
     52c:	61 e0       	ldi	r22, 0x01	; 1
     52e:	81 e0       	ldi	r24, 0x01	; 1
     530:	0e 94 c3 01 	call	0x386	; 0x386 <LCD_WriteInstruction>
     534:	8f e9       	ldi	r24, 0x9F	; 159
     536:	9f e0       	ldi	r25, 0x0F	; 15

00000538 <.L1^B14>:
     538:	01 97       	sbiw	r24, 0x01	; 1
     53a:	f1 f7       	brne	.-4      	; 0x538 <.L1^B14>
     53c:	00 c0       	rjmp	.+0      	; 0x53e <L0^A>

0000053e <L0^A>:
     53e:	00 00       	nop
     540:	61 e0       	ldi	r22, 0x01	; 1
     542:	ba cf       	rjmp	.-140    	; 0x4b8 <.L17>

00000544 <LCD_WriteString>:
     544:	0f 93       	push	r16
     546:	1f 93       	push	r17
     548:	cf 93       	push	r28
     54a:	df 93       	push	r29
     54c:	00 d0       	rcall	.+0      	; 0x54e <L0^A>

0000054e <L0^A>:
     54e:	cd b7       	in	r28, 0x3d	; 61
     550:	de b7       	in	r29, 0x3e	; 62
     552:	8c 01       	movw	r16, r24
     554:	69 83       	std	Y+1, r22	; 0x01
     556:	00 97       	sbiw	r24, 0x00	; 0
     558:	91 f0       	breq	.+36     	; 0x57e <.L20>
     55a:	fc 01       	movw	r30, r24
     55c:	80 81       	ld	r24, Z
     55e:	81 15       	cp	r24, r1
     560:	71 f0       	breq	.+28     	; 0x57e <.L20>
     562:	1a 82       	std	Y+2, r1	; 0x02

00000564 <.L22>:
     564:	69 81       	ldd	r22, Y+1	; 0x01
     566:	0e 94 73 01 	call	0x2e6	; 0x2e6 <LCD_WriteData>
     56a:	fa 81       	ldd	r31, Y+2	; 0x02
     56c:	ff 5f       	subi	r31, 0xFF	; 255
     56e:	fa 83       	std	Y+2, r31	; 0x02
     570:	f8 01       	movw	r30, r16
     572:	8a 81       	ldd	r24, Y+2	; 0x02
     574:	e8 0f       	add	r30, r24
     576:	f1 1d       	adc	r31, r1
     578:	80 81       	ld	r24, Z
     57a:	81 11       	cpse	r24, r1
     57c:	f3 cf       	rjmp	.-26     	; 0x564 <.L22>

0000057e <.L20>:
     57e:	0f 90       	pop	r0
     580:	0f 90       	pop	r0
     582:	df 91       	pop	r29
     584:	cf 91       	pop	r28
     586:	1f 91       	pop	r17
     588:	0f 91       	pop	r16
     58a:	08 95       	ret

0000058c <LCD_GotoXY>:
     58c:	81 30       	cpi	r24, 0x01	; 1
     58e:	58 f0       	brcs	.+22     	; 0x5a6 <.L31>
     590:	31 f4       	brne	.+12     	; 0x59e <.L34>
     592:	80 e4       	ldi	r24, 0x40	; 64
     594:	86 0f       	add	r24, r22
     596:	80 68       	ori	r24, 0x80	; 128
     598:	60 e0       	ldi	r22, 0x00	; 0
     59a:	0c 94 c3 01 	jmp	0x386	; 0x386 <LCD_WriteInstruction>

0000059e <.L34>:
     59e:	80 e8       	ldi	r24, 0x80	; 128
     5a0:	60 e0       	ldi	r22, 0x00	; 0
     5a2:	0c 94 c3 01 	jmp	0x386	; 0x386 <LCD_WriteInstruction>

000005a6 <.L31>:
     5a6:	86 2f       	mov	r24, r22
     5a8:	80 68       	ori	r24, 0x80	; 128
     5aa:	60 e0       	ldi	r22, 0x00	; 0
     5ac:	0c 94 c3 01 	jmp	0x386	; 0x386 <LCD_WriteInstruction>

000005b0 <LCD_WriteNumber>:
     5b0:	ff 92       	push	r15
     5b2:	0f 93       	push	r16
     5b4:	1f 93       	push	r17
     5b6:	cf 93       	push	r28
     5b8:	df 93       	push	r29
     5ba:	cd b7       	in	r28, 0x3d	; 61
     5bc:	de b7       	in	r29, 0x3e	; 62
     5be:	2c 97       	sbiw	r28, 0x0c	; 12
     5c0:	0f b6       	in	r0, 0x3f	; 63
     5c2:	f8 94       	cli
     5c4:	de bf       	out	0x3e, r29	; 62
     5c6:	0f be       	out	0x3f, r0	; 63
     5c8:	cd bf       	out	0x3d, r28	; 61
     5ca:	4c 87       	std	Y+12, r20	; 0x0c
     5cc:	9f 93       	push	r25
     5ce:	8f 93       	push	r24
     5d0:	7f 93       	push	r23
     5d2:	6f 93       	push	r22
     5d4:	8b e8       	ldi	r24, 0x8B	; 139
     5d6:	90 e0       	ldi	r25, 0x00	; 0
     5d8:	9f 93       	push	r25
     5da:	8f 93       	push	r24
     5dc:	8e 01       	movw	r16, r28
     5de:	0f 5f       	subi	r16, 0xFF	; 255
     5e0:	1f 4f       	sbci	r17, 0xFF	; 255
     5e2:	1f 93       	push	r17
     5e4:	0f 93       	push	r16
     5e6:	0e 94 dc 0b 	call	0x17b8	; 0x17b8 <sprintf>
     5ea:	89 81       	ldd	r24, Y+1	; 0x01
     5ec:	0f b6       	in	r0, 0x3f	; 63
     5ee:	f8 94       	cli
     5f0:	de bf       	out	0x3e, r29	; 62
     5f2:	0f be       	out	0x3f, r0	; 63
     5f4:	cd bf       	out	0x3d, r28	; 61
     5f6:	81 15       	cp	r24, r1
     5f8:	59 f0       	breq	.+22     	; 0x610 <.L35>
     5fa:	f1 2c       	mov	r15, r1

000005fc <.L37>:
     5fc:	6c 85       	ldd	r22, Y+12	; 0x0c
     5fe:	0e 94 73 01 	call	0x2e6	; 0x2e6 <LCD_WriteData>
     602:	f3 94       	inc	r15
     604:	f8 01       	movw	r30, r16
     606:	ef 0d       	add	r30, r15
     608:	f1 1d       	adc	r31, r1
     60a:	80 81       	ld	r24, Z
     60c:	81 11       	cpse	r24, r1
     60e:	f6 cf       	rjmp	.-20     	; 0x5fc <.L37>

00000610 <.L35>:
     610:	2c 96       	adiw	r28, 0x0c	; 12
     612:	0f b6       	in	r0, 0x3f	; 63
     614:	f8 94       	cli
     616:	de bf       	out	0x3e, r29	; 62
     618:	0f be       	out	0x3f, r0	; 63
     61a:	cd bf       	out	0x3d, r28	; 61
     61c:	df 91       	pop	r29
     61e:	cf 91       	pop	r28
     620:	1f 91       	pop	r17
     622:	0f 91       	pop	r16
     624:	ff 90       	pop	r15
     626:	08 95       	ret

00000628 <Led_Init>:
     628:	41 e0       	ldi	r20, 0x01	; 1
     62a:	0c 94 3b 06 	jmp	0xc76	; 0xc76 <DIO_InitPin>

0000062e <Led_on>:
     62e:	41 30       	cpi	r20, 0x01	; 1
     630:	21 f0       	breq	.+8      	; 0x63a <.L6>
     632:	42 30       	cpi	r20, 0x02	; 2
     634:	09 f0       	breq	.+2      	; 0x638 <.L7>
     636:	08 95       	ret

00000638 <.L7>:
     638:	40 e0       	ldi	r20, 0x00	; 0

0000063a <.L6>:
     63a:	0c 94 89 06 	jmp	0xd12	; 0xd12 <DIO_WritePin>

0000063e <Led_off>:
     63e:	41 30       	cpi	r20, 0x01	; 1
     640:	19 f0       	breq	.+6      	; 0x648 <.L11>
     642:	42 30       	cpi	r20, 0x02	; 2
     644:	21 f0       	breq	.+8      	; 0x64e <.L12>
     646:	08 95       	ret

00000648 <.L11>:
     648:	40 e0       	ldi	r20, 0x00	; 0
     64a:	0c 94 89 06 	jmp	0xd12	; 0xd12 <DIO_WritePin>

0000064e <.L12>:
     64e:	41 e0       	ldi	r20, 0x01	; 1
     650:	0c 94 89 06 	jmp	0xd12	; 0xd12 <DIO_WritePin>

00000654 <RFID_Init>:
     654:	cf 93       	push	r28
     656:	df 93       	push	r29
     658:	0f 92       	push	r0
     65a:	cd b7       	in	r28, 0x3d	; 61
     65c:	de b7       	in	r29, 0x3e	; 62
     65e:	41 e0       	ldi	r20, 0x01	; 1
     660:	62 e0       	ldi	r22, 0x02	; 2
     662:	81 e0       	ldi	r24, 0x01	; 1
     664:	0e 94 89 06 	call	0xd12	; 0xd12 <DIO_WritePin>
     668:	41 e0       	ldi	r20, 0x01	; 1
     66a:	62 e0       	ldi	r22, 0x02	; 2
     66c:	83 e0       	ldi	r24, 0x03	; 3
     66e:	0e 94 89 06 	call	0xd12	; 0xd12 <DIO_WritePin>
     672:	41 e0       	ldi	r20, 0x01	; 1
     674:	62 e0       	ldi	r22, 0x02	; 2
     676:	81 e0       	ldi	r24, 0x01	; 1
     678:	0e 94 89 06 	call	0xd12	; 0xd12 <DIO_WritePin>
     67c:	40 e0       	ldi	r20, 0x00	; 0
     67e:	62 e0       	ldi	r22, 0x02	; 2
     680:	83 e0       	ldi	r24, 0x03	; 3
     682:	0e 94 89 06 	call	0xd12	; 0xd12 <DIO_WritePin>
     686:	8f e0       	ldi	r24, 0x0F	; 15
     688:	97 e2       	ldi	r25, 0x27	; 39

0000068a <.L1^B1>:
     68a:	01 97       	sbiw	r24, 0x01	; 1
     68c:	f1 f7       	brne	.-4      	; 0x68a <.L1^B1>
     68e:	00 c0       	rjmp	.+0      	; 0x690 <L0^A>

00000690 <L0^A>:
     690:	00 00       	nop
     692:	41 e0       	ldi	r20, 0x01	; 1
     694:	62 e0       	ldi	r22, 0x02	; 2
     696:	83 e0       	ldi	r24, 0x03	; 3
     698:	0e 94 89 06 	call	0xd12	; 0xd12 <DIO_WritePin>
     69c:	9f e7       	ldi	r25, 0x7F	; 127
     69e:	28 e3       	ldi	r18, 0x38	; 56
     6a0:	81 e0       	ldi	r24, 0x01	; 1

000006a2 <.L1^B2>:
     6a2:	91 50       	subi	r25, 0x01	; 1
     6a4:	20 40       	sbci	r18, 0x00	; 0
     6a6:	80 40       	sbci	r24, 0x00	; 0
     6a8:	e1 f7       	brne	.-8      	; 0x6a2 <.L1^B2>
     6aa:	00 c0       	rjmp	.+0      	; 0x6ac <L0^A>

000006ac <L0^A>:
     6ac:	00 00       	nop
     6ae:	40 e0       	ldi	r20, 0x00	; 0
     6b0:	62 e0       	ldi	r22, 0x02	; 2
     6b2:	81 e0       	ldi	r24, 0x01	; 1
     6b4:	0e 94 89 06 	call	0xd12	; 0xd12 <DIO_WritePin>
     6b8:	82 e0       	ldi	r24, 0x02	; 2
     6ba:	0e 94 35 09 	call	0x126a	; 0x126a <SPI_Transfer>
     6be:	8f e0       	ldi	r24, 0x0F	; 15
     6c0:	0e 94 35 09 	call	0x126a	; 0x126a <SPI_Transfer>
     6c4:	41 e0       	ldi	r20, 0x01	; 1
     6c6:	62 e0       	ldi	r22, 0x02	; 2
     6c8:	81 e0       	ldi	r24, 0x01	; 1
     6ca:	0e 94 89 06 	call	0xd12	; 0xd12 <DIO_WritePin>
     6ce:	9f e7       	ldi	r25, 0x7F	; 127
     6d0:	28 e3       	ldi	r18, 0x38	; 56
     6d2:	81 e0       	ldi	r24, 0x01	; 1

000006d4 <.L1^B3>:
     6d4:	91 50       	subi	r25, 0x01	; 1
     6d6:	20 40       	sbci	r18, 0x00	; 0
     6d8:	80 40       	sbci	r24, 0x00	; 0
     6da:	e1 f7       	brne	.-8      	; 0x6d4 <.L1^B3>
     6dc:	00 c0       	rjmp	.+0      	; 0x6de <L0^A>

000006de <L0^A>:
     6de:	00 00       	nop
     6e0:	40 e0       	ldi	r20, 0x00	; 0
     6e2:	62 e0       	ldi	r22, 0x02	; 2
     6e4:	81 e0       	ldi	r24, 0x01	; 1
     6e6:	0e 94 89 06 	call	0xd12	; 0xd12 <DIO_WritePin>
     6ea:	84 e5       	ldi	r24, 0x54	; 84
     6ec:	0e 94 35 09 	call	0x126a	; 0x126a <SPI_Transfer>
     6f0:	8d e8       	ldi	r24, 0x8D	; 141
     6f2:	0e 94 35 09 	call	0x126a	; 0x126a <SPI_Transfer>
     6f6:	41 e0       	ldi	r20, 0x01	; 1
     6f8:	62 e0       	ldi	r22, 0x02	; 2
     6fa:	81 e0       	ldi	r24, 0x01	; 1
     6fc:	0e 94 89 06 	call	0xd12	; 0xd12 <DIO_WritePin>
     700:	40 e0       	ldi	r20, 0x00	; 0
     702:	62 e0       	ldi	r22, 0x02	; 2
     704:	81 e0       	ldi	r24, 0x01	; 1
     706:	0e 94 89 06 	call	0xd12	; 0xd12 <DIO_WritePin>
     70a:	86 e5       	ldi	r24, 0x56	; 86
     70c:	0e 94 35 09 	call	0x126a	; 0x126a <SPI_Transfer>
     710:	8e e3       	ldi	r24, 0x3E	; 62
     712:	0e 94 35 09 	call	0x126a	; 0x126a <SPI_Transfer>
     716:	41 e0       	ldi	r20, 0x01	; 1
     718:	62 e0       	ldi	r22, 0x02	; 2
     71a:	81 e0       	ldi	r24, 0x01	; 1
     71c:	0e 94 89 06 	call	0xd12	; 0xd12 <DIO_WritePin>
     720:	40 e0       	ldi	r20, 0x00	; 0
     722:	62 e0       	ldi	r22, 0x02	; 2
     724:	81 e0       	ldi	r24, 0x01	; 1
     726:	0e 94 89 06 	call	0xd12	; 0xd12 <DIO_WritePin>
     72a:	8a e5       	ldi	r24, 0x5A	; 90
     72c:	0e 94 35 09 	call	0x126a	; 0x126a <SPI_Transfer>
     730:	8e e1       	ldi	r24, 0x1E	; 30
     732:	0e 94 35 09 	call	0x126a	; 0x126a <SPI_Transfer>
     736:	41 e0       	ldi	r20, 0x01	; 1
     738:	62 e0       	ldi	r22, 0x02	; 2
     73a:	81 e0       	ldi	r24, 0x01	; 1
     73c:	0e 94 89 06 	call	0xd12	; 0xd12 <DIO_WritePin>
     740:	40 e0       	ldi	r20, 0x00	; 0
     742:	62 e0       	ldi	r22, 0x02	; 2
     744:	81 e0       	ldi	r24, 0x01	; 1
     746:	0e 94 89 06 	call	0xd12	; 0xd12 <DIO_WritePin>
     74a:	88 e5       	ldi	r24, 0x58	; 88
     74c:	0e 94 35 09 	call	0x126a	; 0x126a <SPI_Transfer>
     750:	80 e0       	ldi	r24, 0x00	; 0
     752:	0e 94 35 09 	call	0x126a	; 0x126a <SPI_Transfer>
     756:	41 e0       	ldi	r20, 0x01	; 1
     758:	62 e0       	ldi	r22, 0x02	; 2
     75a:	81 e0       	ldi	r24, 0x01	; 1
     75c:	0e 94 89 06 	call	0xd12	; 0xd12 <DIO_WritePin>
     760:	40 e0       	ldi	r20, 0x00	; 0
     762:	62 e0       	ldi	r22, 0x02	; 2
     764:	81 e0       	ldi	r24, 0x01	; 1
     766:	0e 94 89 06 	call	0xd12	; 0xd12 <DIO_WritePin>
     76a:	8a e2       	ldi	r24, 0x2A	; 42
     76c:	0e 94 35 09 	call	0x126a	; 0x126a <SPI_Transfer>
     770:	80 e4       	ldi	r24, 0x40	; 64
     772:	0e 94 35 09 	call	0x126a	; 0x126a <SPI_Transfer>
     776:	41 e0       	ldi	r20, 0x01	; 1
     778:	62 e0       	ldi	r22, 0x02	; 2
     77a:	81 e0       	ldi	r24, 0x01	; 1
     77c:	0e 94 89 06 	call	0xd12	; 0xd12 <DIO_WritePin>
     780:	40 e0       	ldi	r20, 0x00	; 0
     782:	62 e0       	ldi	r22, 0x02	; 2
     784:	81 e0       	ldi	r24, 0x01	; 1
     786:	0e 94 89 06 	call	0xd12	; 0xd12 <DIO_WritePin>
     78a:	82 e2       	ldi	r24, 0x22	; 34
     78c:	0e 94 35 09 	call	0x126a	; 0x126a <SPI_Transfer>
     790:	83 e0       	ldi	r24, 0x03	; 3
     792:	0e 94 35 09 	call	0x126a	; 0x126a <SPI_Transfer>
     796:	41 e0       	ldi	r20, 0x01	; 1
     798:	62 e0       	ldi	r22, 0x02	; 2
     79a:	81 e0       	ldi	r24, 0x01	; 1
     79c:	0e 94 89 06 	call	0xd12	; 0xd12 <DIO_WritePin>
     7a0:	40 e0       	ldi	r20, 0x00	; 0
     7a2:	62 e0       	ldi	r22, 0x02	; 2
     7a4:	81 e0       	ldi	r24, 0x01	; 1
     7a6:	0e 94 89 06 	call	0xd12	; 0xd12 <DIO_WritePin>
     7aa:	88 ea       	ldi	r24, 0xA8	; 168
     7ac:	0e 94 35 09 	call	0x126a	; 0x126a <SPI_Transfer>
     7b0:	80 e0       	ldi	r24, 0x00	; 0
     7b2:	0e 94 35 09 	call	0x126a	; 0x126a <SPI_Transfer>
     7b6:	89 83       	std	Y+1, r24	; 0x01
     7b8:	41 e0       	ldi	r20, 0x01	; 1
     7ba:	62 e0       	ldi	r22, 0x02	; 2
     7bc:	81 e0       	ldi	r24, 0x01	; 1
     7be:	0e 94 89 06 	call	0xd12	; 0xd12 <DIO_WritePin>
     7c2:	89 81       	ldd	r24, Y+1	; 0x01
     7c4:	83 70       	andi	r24, 0x03	; 3
     7c6:	21 f0       	breq	.+8      	; 0x7d0 <.L4>
     7c8:	0f 90       	pop	r0
     7ca:	df 91       	pop	r29
     7cc:	cf 91       	pop	r28
     7ce:	08 95       	ret

000007d0 <.L4>:
     7d0:	40 e0       	ldi	r20, 0x00	; 0
     7d2:	62 e0       	ldi	r22, 0x02	; 2
     7d4:	81 e0       	ldi	r24, 0x01	; 1
     7d6:	0e 94 89 06 	call	0xd12	; 0xd12 <DIO_WritePin>
     7da:	88 e2       	ldi	r24, 0x28	; 40
     7dc:	0e 94 35 09 	call	0x126a	; 0x126a <SPI_Transfer>
     7e0:	89 81       	ldd	r24, Y+1	; 0x01
     7e2:	83 60       	ori	r24, 0x03	; 3
     7e4:	0e 94 35 09 	call	0x126a	; 0x126a <SPI_Transfer>
     7e8:	41 e0       	ldi	r20, 0x01	; 1
     7ea:	62 e0       	ldi	r22, 0x02	; 2
     7ec:	81 e0       	ldi	r24, 0x01	; 1
     7ee:	0f 90       	pop	r0
     7f0:	df 91       	pop	r29
     7f2:	cf 91       	pop	r28
     7f4:	0c 94 89 06 	jmp	0xd12	; 0xd12 <DIO_WritePin>

000007f8 <RFID_WriteRegister>:
     7f8:	cf 93       	push	r28
     7fa:	df 93       	push	r29
     7fc:	00 d0       	rcall	.+0      	; 0x7fe <L0^A>

000007fe <L0^A>:
     7fe:	cd b7       	in	r28, 0x3d	; 61
     800:	de b7       	in	r29, 0x3e	; 62
     802:	89 83       	std	Y+1, r24	; 0x01
     804:	6a 83       	std	Y+2, r22	; 0x02
     806:	40 e0       	ldi	r20, 0x00	; 0
     808:	62 e0       	ldi	r22, 0x02	; 2
     80a:	81 e0       	ldi	r24, 0x01	; 1
     80c:	0e 94 89 06 	call	0xd12	; 0xd12 <DIO_WritePin>
     810:	89 81       	ldd	r24, Y+1	; 0x01
     812:	88 0f       	add	r24, r24
     814:	8e 77       	andi	r24, 0x7E	; 126
     816:	0e 94 35 09 	call	0x126a	; 0x126a <SPI_Transfer>
     81a:	8a 81       	ldd	r24, Y+2	; 0x02
     81c:	0e 94 35 09 	call	0x126a	; 0x126a <SPI_Transfer>
     820:	41 e0       	ldi	r20, 0x01	; 1
     822:	62 e0       	ldi	r22, 0x02	; 2
     824:	81 e0       	ldi	r24, 0x01	; 1
     826:	0f 90       	pop	r0
     828:	0f 90       	pop	r0
     82a:	df 91       	pop	r29
     82c:	cf 91       	pop	r28
     82e:	0c 94 89 06 	jmp	0xd12	; 0xd12 <DIO_WritePin>

00000832 <RFID_ReadRegister>:
     832:	cf 93       	push	r28
     834:	df 93       	push	r29
     836:	0f 92       	push	r0
     838:	cd b7       	in	r28, 0x3d	; 61
     83a:	de b7       	in	r29, 0x3e	; 62
     83c:	89 83       	std	Y+1, r24	; 0x01
     83e:	40 e0       	ldi	r20, 0x00	; 0
     840:	62 e0       	ldi	r22, 0x02	; 2
     842:	81 e0       	ldi	r24, 0x01	; 1
     844:	0e 94 89 06 	call	0xd12	; 0xd12 <DIO_WritePin>
     848:	89 81       	ldd	r24, Y+1	; 0x01
     84a:	88 0f       	add	r24, r24
     84c:	8e 77       	andi	r24, 0x7E	; 126
     84e:	80 68       	ori	r24, 0x80	; 128
     850:	0e 94 35 09 	call	0x126a	; 0x126a <SPI_Transfer>
     854:	80 e0       	ldi	r24, 0x00	; 0
     856:	0e 94 35 09 	call	0x126a	; 0x126a <SPI_Transfer>
     85a:	89 83       	std	Y+1, r24	; 0x01
     85c:	41 e0       	ldi	r20, 0x01	; 1
     85e:	62 e0       	ldi	r22, 0x02	; 2
     860:	81 e0       	ldi	r24, 0x01	; 1
     862:	0e 94 89 06 	call	0xd12	; 0xd12 <DIO_WritePin>
     866:	89 81       	ldd	r24, Y+1	; 0x01
     868:	0f 90       	pop	r0
     86a:	df 91       	pop	r29
     86c:	cf 91       	pop	r28
     86e:	08 95       	ret

00000870 <RFID_GetUID>:
     870:	cf 93       	push	r28
     872:	df 93       	push	r29
     874:	00 d0       	rcall	.+0      	; 0x876 <L0^A>

00000876 <L0^A>:
     876:	00 d0       	rcall	.+0      	; 0x878 <L0^A>

00000878 <L0^A>:
     878:	00 d0       	rcall	.+0      	; 0x87a <L0^A>

0000087a <L0^A>:
     87a:	0f 92       	push	r0
     87c:	cd b7       	in	r28, 0x3d	; 61
     87e:	de b7       	in	r29, 0x3e	; 62
     880:	89 83       	std	Y+1, r24	; 0x01
     882:	9a 83       	std	Y+2, r25	; 0x02
     884:	40 e0       	ldi	r20, 0x00	; 0
     886:	62 e0       	ldi	r22, 0x02	; 2
     888:	81 e0       	ldi	r24, 0x01	; 1
     88a:	0e 94 89 06 	call	0xd12	; 0xd12 <DIO_WritePin>
     88e:	84 e0       	ldi	r24, 0x04	; 4
     890:	0e 94 35 09 	call	0x126a	; 0x126a <SPI_Transfer>
     894:	81 e3       	ldi	r24, 0x31	; 49
     896:	0e 94 35 09 	call	0x126a	; 0x126a <SPI_Transfer>
     89a:	41 e0       	ldi	r20, 0x01	; 1
     89c:	62 e0       	ldi	r22, 0x02	; 2
     89e:	81 e0       	ldi	r24, 0x01	; 1
     8a0:	0e 94 89 06 	call	0xd12	; 0xd12 <DIO_WritePin>
     8a4:	40 e0       	ldi	r20, 0x00	; 0
     8a6:	62 e0       	ldi	r22, 0x02	; 2
     8a8:	81 e0       	ldi	r24, 0x01	; 1
     8aa:	0e 94 89 06 	call	0xd12	; 0xd12 <DIO_WritePin>
     8ae:	88 e0       	ldi	r24, 0x08	; 8
     8b0:	0e 94 35 09 	call	0x126a	; 0x126a <SPI_Transfer>
     8b4:	8f e7       	ldi	r24, 0x7F	; 127
     8b6:	0e 94 35 09 	call	0x126a	; 0x126a <SPI_Transfer>
     8ba:	41 e0       	ldi	r20, 0x01	; 1
     8bc:	62 e0       	ldi	r22, 0x02	; 2
     8be:	81 e0       	ldi	r24, 0x01	; 1
     8c0:	0e 94 89 06 	call	0xd12	; 0xd12 <DIO_WritePin>
     8c4:	40 e0       	ldi	r20, 0x00	; 0
     8c6:	62 e0       	ldi	r22, 0x02	; 2
     8c8:	81 e0       	ldi	r24, 0x01	; 1
     8ca:	0e 94 89 06 	call	0xd12	; 0xd12 <DIO_WritePin>
     8ce:	84 e1       	ldi	r24, 0x14	; 20
     8d0:	0e 94 35 09 	call	0x126a	; 0x126a <SPI_Transfer>
     8d4:	80 e1       	ldi	r24, 0x10	; 16
     8d6:	0e 94 35 09 	call	0x126a	; 0x126a <SPI_Transfer>
     8da:	41 e0       	ldi	r20, 0x01	; 1
     8dc:	62 e0       	ldi	r22, 0x02	; 2
     8de:	81 e0       	ldi	r24, 0x01	; 1
     8e0:	0e 94 89 06 	call	0xd12	; 0xd12 <DIO_WritePin>
     8e4:	40 e0       	ldi	r20, 0x00	; 0
     8e6:	62 e0       	ldi	r22, 0x02	; 2
     8e8:	81 e0       	ldi	r24, 0x01	; 1
     8ea:	0e 94 89 06 	call	0xd12	; 0xd12 <DIO_WritePin>
     8ee:	82 e0       	ldi	r24, 0x02	; 2
     8f0:	0e 94 35 09 	call	0x126a	; 0x126a <SPI_Transfer>
     8f4:	80 e0       	ldi	r24, 0x00	; 0
     8f6:	0e 94 35 09 	call	0x126a	; 0x126a <SPI_Transfer>
     8fa:	41 e0       	ldi	r20, 0x01	; 1
     8fc:	62 e0       	ldi	r22, 0x02	; 2
     8fe:	81 e0       	ldi	r24, 0x01	; 1
     900:	0e 94 89 06 	call	0xd12	; 0xd12 <DIO_WritePin>
     904:	40 e0       	ldi	r20, 0x00	; 0
     906:	62 e0       	ldi	r22, 0x02	; 2
     908:	81 e0       	ldi	r24, 0x01	; 1
     90a:	0e 94 89 06 	call	0xd12	; 0xd12 <DIO_WritePin>
     90e:	82 e1       	ldi	r24, 0x12	; 18
     910:	0e 94 35 09 	call	0x126a	; 0x126a <SPI_Transfer>
     914:	86 e2       	ldi	r24, 0x26	; 38
     916:	0e 94 35 09 	call	0x126a	; 0x126a <SPI_Transfer>
     91a:	41 e0       	ldi	r20, 0x01	; 1
     91c:	62 e0       	ldi	r22, 0x02	; 2
     91e:	81 e0       	ldi	r24, 0x01	; 1
     920:	0e 94 89 06 	call	0xd12	; 0xd12 <DIO_WritePin>
     924:	40 e0       	ldi	r20, 0x00	; 0
     926:	62 e0       	ldi	r22, 0x02	; 2
     928:	81 e0       	ldi	r24, 0x01	; 1
     92a:	0e 94 89 06 	call	0xd12	; 0xd12 <DIO_WritePin>
     92e:	8a e1       	ldi	r24, 0x1A	; 26
     930:	0e 94 35 09 	call	0x126a	; 0x126a <SPI_Transfer>
     934:	87 e0       	ldi	r24, 0x07	; 7
     936:	0e 94 35 09 	call	0x126a	; 0x126a <SPI_Transfer>
     93a:	41 e0       	ldi	r20, 0x01	; 1
     93c:	62 e0       	ldi	r22, 0x02	; 2
     93e:	81 e0       	ldi	r24, 0x01	; 1
     940:	0e 94 89 06 	call	0xd12	; 0xd12 <DIO_WritePin>
     944:	40 e0       	ldi	r20, 0x00	; 0
     946:	62 e0       	ldi	r22, 0x02	; 2
     948:	81 e0       	ldi	r24, 0x01	; 1
     94a:	0e 94 89 06 	call	0xd12	; 0xd12 <DIO_WritePin>
     94e:	82 e0       	ldi	r24, 0x02	; 2
     950:	0e 94 35 09 	call	0x126a	; 0x126a <SPI_Transfer>
     954:	8c e0       	ldi	r24, 0x0C	; 12
     956:	0e 94 35 09 	call	0x126a	; 0x126a <SPI_Transfer>
     95a:	41 e0       	ldi	r20, 0x01	; 1
     95c:	62 e0       	ldi	r22, 0x02	; 2
     95e:	81 e0       	ldi	r24, 0x01	; 1
     960:	0e 94 89 06 	call	0xd12	; 0xd12 <DIO_WritePin>
     964:	40 e0       	ldi	r20, 0x00	; 0
     966:	62 e0       	ldi	r22, 0x02	; 2
     968:	81 e0       	ldi	r24, 0x01	; 1
     96a:	0e 94 89 06 	call	0xd12	; 0xd12 <DIO_WritePin>
     96e:	8a e1       	ldi	r24, 0x1A	; 26
     970:	0e 94 35 09 	call	0x126a	; 0x126a <SPI_Transfer>
     974:	87 e8       	ldi	r24, 0x87	; 135
     976:	0e 94 35 09 	call	0x126a	; 0x126a <SPI_Transfer>
     97a:	41 e0       	ldi	r20, 0x01	; 1
     97c:	62 e0       	ldi	r22, 0x02	; 2
     97e:	81 e0       	ldi	r24, 0x01	; 1
     980:	0e 94 89 06 	call	0xd12	; 0xd12 <DIO_WritePin>
     984:	1c 82       	std	Y+4, r1	; 0x04
     986:	07 c0       	rjmp	.+14     	; 0x996 <.L11>

00000988 <.L24>:
     988:	20 fd       	sbrc	r18, 0
     98a:	2f c0       	rjmp	.+94     	; 0x9ea <.L12>
     98c:	3c 81       	ldd	r19, Y+4	; 0x04
     98e:	3f 5f       	subi	r19, 0xFF	; 255
     990:	3c 83       	std	Y+4, r19	; 0x04
     992:	34 36       	cpi	r19, 0x64	; 100
     994:	51 f1       	breq	.+84     	; 0x9ea <.L12>

00000996 <.L11>:
     996:	40 e0       	ldi	r20, 0x00	; 0
     998:	62 e0       	ldi	r22, 0x02	; 2
     99a:	81 e0       	ldi	r24, 0x01	; 1
     99c:	0e 94 89 06 	call	0xd12	; 0xd12 <DIO_WritePin>
     9a0:	88 e8       	ldi	r24, 0x88	; 136
     9a2:	0e 94 35 09 	call	0x126a	; 0x126a <SPI_Transfer>
     9a6:	80 e0       	ldi	r24, 0x00	; 0
     9a8:	0e 94 35 09 	call	0x126a	; 0x126a <SPI_Transfer>
     9ac:	8b 83       	std	Y+3, r24	; 0x03
     9ae:	41 e0       	ldi	r20, 0x01	; 1
     9b0:	62 e0       	ldi	r22, 0x02	; 2
     9b2:	81 e0       	ldi	r24, 0x01	; 1
     9b4:	0e 94 89 06 	call	0xd12	; 0xd12 <DIO_WritePin>
     9b8:	2b 81       	ldd	r18, Y+3	; 0x03
     9ba:	25 ff       	sbrs	r18, 5
     9bc:	e5 cf       	rjmp	.-54     	; 0x988 <.L24>
     9be:	40 e0       	ldi	r20, 0x00	; 0
     9c0:	62 e0       	ldi	r22, 0x02	; 2
     9c2:	81 e0       	ldi	r24, 0x01	; 1
     9c4:	0e 94 89 06 	call	0xd12	; 0xd12 <DIO_WritePin>
     9c8:	8c e8       	ldi	r24, 0x8C	; 140
     9ca:	0e 94 35 09 	call	0x126a	; 0x126a <SPI_Transfer>
     9ce:	80 e0       	ldi	r24, 0x00	; 0
     9d0:	0e 94 35 09 	call	0x126a	; 0x126a <SPI_Transfer>
     9d4:	8b 83       	std	Y+3, r24	; 0x03
     9d6:	41 e0       	ldi	r20, 0x01	; 1
     9d8:	62 e0       	ldi	r22, 0x02	; 2
     9da:	81 e0       	ldi	r24, 0x01	; 1
     9dc:	0e 94 89 06 	call	0xd12	; 0xd12 <DIO_WritePin>
     9e0:	3b 81       	ldd	r19, Y+3	; 0x03
     9e2:	3b 71       	andi	r19, 0x1B	; 27
     9e4:	3b 83       	std	Y+3, r19	; 0x03
     9e6:	31 15       	cp	r19, r1
     9e8:	51 f0       	breq	.+20     	; 0x9fe <.L25>

000009ea <.L12>:
     9ea:	80 e0       	ldi	r24, 0x00	; 0

000009ec <.L7>:
     9ec:	27 96       	adiw	r28, 0x07	; 7
     9ee:	0f b6       	in	r0, 0x3f	; 63
     9f0:	f8 94       	cli
     9f2:	de bf       	out	0x3e, r29	; 62
     9f4:	0f be       	out	0x3f, r0	; 63
     9f6:	cd bf       	out	0x3d, r28	; 61
     9f8:	df 91       	pop	r29
     9fa:	cf 91       	pop	r28
     9fc:	08 95       	ret

000009fe <.L25>:
     9fe:	40 e0       	ldi	r20, 0x00	; 0
     a00:	62 e0       	ldi	r22, 0x02	; 2
     a02:	81 e0       	ldi	r24, 0x01	; 1
     a04:	0e 94 89 06 	call	0xd12	; 0xd12 <DIO_WritePin>
     a08:	84 e1       	ldi	r24, 0x14	; 20
     a0a:	0e 94 35 09 	call	0x126a	; 0x126a <SPI_Transfer>
     a0e:	80 e1       	ldi	r24, 0x10	; 16
     a10:	0e 94 35 09 	call	0x126a	; 0x126a <SPI_Transfer>
     a14:	41 e0       	ldi	r20, 0x01	; 1
     a16:	62 e0       	ldi	r22, 0x02	; 2
     a18:	81 e0       	ldi	r24, 0x01	; 1
     a1a:	0e 94 89 06 	call	0xd12	; 0xd12 <DIO_WritePin>
     a1e:	40 e0       	ldi	r20, 0x00	; 0
     a20:	62 e0       	ldi	r22, 0x02	; 2
     a22:	81 e0       	ldi	r24, 0x01	; 1
     a24:	0e 94 89 06 	call	0xd12	; 0xd12 <DIO_WritePin>
     a28:	88 e0       	ldi	r24, 0x08	; 8
     a2a:	0e 94 35 09 	call	0x126a	; 0x126a <SPI_Transfer>
     a2e:	8f e7       	ldi	r24, 0x7F	; 127
     a30:	0e 94 35 09 	call	0x126a	; 0x126a <SPI_Transfer>
     a34:	41 e0       	ldi	r20, 0x01	; 1
     a36:	62 e0       	ldi	r22, 0x02	; 2
     a38:	81 e0       	ldi	r24, 0x01	; 1
     a3a:	0e 94 89 06 	call	0xd12	; 0xd12 <DIO_WritePin>
     a3e:	40 e0       	ldi	r20, 0x00	; 0
     a40:	62 e0       	ldi	r22, 0x02	; 2
     a42:	81 e0       	ldi	r24, 0x01	; 1
     a44:	0e 94 89 06 	call	0xd12	; 0xd12 <DIO_WritePin>
     a48:	82 e1       	ldi	r24, 0x12	; 18
     a4a:	0e 94 35 09 	call	0x126a	; 0x126a <SPI_Transfer>
     a4e:	83 e9       	ldi	r24, 0x93	; 147
     a50:	0e 94 35 09 	call	0x126a	; 0x126a <SPI_Transfer>
     a54:	41 e0       	ldi	r20, 0x01	; 1
     a56:	62 e0       	ldi	r22, 0x02	; 2
     a58:	81 e0       	ldi	r24, 0x01	; 1
     a5a:	0e 94 89 06 	call	0xd12	; 0xd12 <DIO_WritePin>
     a5e:	40 e0       	ldi	r20, 0x00	; 0
     a60:	62 e0       	ldi	r22, 0x02	; 2
     a62:	81 e0       	ldi	r24, 0x01	; 1
     a64:	0e 94 89 06 	call	0xd12	; 0xd12 <DIO_WritePin>
     a68:	82 e1       	ldi	r24, 0x12	; 18
     a6a:	0e 94 35 09 	call	0x126a	; 0x126a <SPI_Transfer>
     a6e:	80 e2       	ldi	r24, 0x20	; 32
     a70:	0e 94 35 09 	call	0x126a	; 0x126a <SPI_Transfer>
     a74:	41 e0       	ldi	r20, 0x01	; 1
     a76:	62 e0       	ldi	r22, 0x02	; 2
     a78:	81 e0       	ldi	r24, 0x01	; 1
     a7a:	0e 94 89 06 	call	0xd12	; 0xd12 <DIO_WritePin>
     a7e:	40 e0       	ldi	r20, 0x00	; 0
     a80:	62 e0       	ldi	r22, 0x02	; 2
     a82:	81 e0       	ldi	r24, 0x01	; 1
     a84:	0e 94 89 06 	call	0xd12	; 0xd12 <DIO_WritePin>
     a88:	8a e1       	ldi	r24, 0x1A	; 26
     a8a:	0e 94 35 09 	call	0x126a	; 0x126a <SPI_Transfer>
     a8e:	80 e0       	ldi	r24, 0x00	; 0
     a90:	0e 94 35 09 	call	0x126a	; 0x126a <SPI_Transfer>
     a94:	41 e0       	ldi	r20, 0x01	; 1
     a96:	62 e0       	ldi	r22, 0x02	; 2
     a98:	81 e0       	ldi	r24, 0x01	; 1
     a9a:	0e 94 89 06 	call	0xd12	; 0xd12 <DIO_WritePin>
     a9e:	40 e0       	ldi	r20, 0x00	; 0
     aa0:	62 e0       	ldi	r22, 0x02	; 2
     aa2:	81 e0       	ldi	r24, 0x01	; 1
     aa4:	0e 94 89 06 	call	0xd12	; 0xd12 <DIO_WritePin>
     aa8:	82 e0       	ldi	r24, 0x02	; 2
     aaa:	0e 94 35 09 	call	0x126a	; 0x126a <SPI_Transfer>
     aae:	8c e0       	ldi	r24, 0x0C	; 12
     ab0:	0e 94 35 09 	call	0x126a	; 0x126a <SPI_Transfer>
     ab4:	41 e0       	ldi	r20, 0x01	; 1
     ab6:	62 e0       	ldi	r22, 0x02	; 2
     ab8:	81 e0       	ldi	r24, 0x01	; 1
     aba:	0e 94 89 06 	call	0xd12	; 0xd12 <DIO_WritePin>
     abe:	40 e0       	ldi	r20, 0x00	; 0
     ac0:	62 e0       	ldi	r22, 0x02	; 2
     ac2:	81 e0       	ldi	r24, 0x01	; 1
     ac4:	0e 94 89 06 	call	0xd12	; 0xd12 <DIO_WritePin>
     ac8:	8a e1       	ldi	r24, 0x1A	; 26
     aca:	0e 94 35 09 	call	0x126a	; 0x126a <SPI_Transfer>
     ace:	80 e8       	ldi	r24, 0x80	; 128
     ad0:	0e 94 35 09 	call	0x126a	; 0x126a <SPI_Transfer>
     ad4:	41 e0       	ldi	r20, 0x01	; 1
     ad6:	62 e0       	ldi	r22, 0x02	; 2
     ad8:	81 e0       	ldi	r24, 0x01	; 1
     ada:	0e 94 89 06 	call	0xd12	; 0xd12 <DIO_WritePin>
     ade:	08 c0       	rjmp	.+16     	; 0xaf0 <.L14>

00000ae0 <.L26>:
     ae0:	80 fd       	sbrc	r24, 0
     ae2:	83 cf       	rjmp	.-250    	; 0x9ea <.L12>
     ae4:	9b 81       	ldd	r25, Y+3	; 0x03
     ae6:	9f 5f       	subi	r25, 0xFF	; 255
     ae8:	9b 83       	std	Y+3, r25	; 0x03
     aea:	94 36       	cpi	r25, 0x64	; 100
     aec:	09 f4       	brne	.+2      	; 0xaf0 <.L14>

00000aee <L0^A>:
     aee:	7d cf       	rjmp	.-262    	; 0x9ea <.L12>

00000af0 <.L14>:
     af0:	40 e0       	ldi	r20, 0x00	; 0
     af2:	62 e0       	ldi	r22, 0x02	; 2
     af4:	81 e0       	ldi	r24, 0x01	; 1
     af6:	0e 94 89 06 	call	0xd12	; 0xd12 <DIO_WritePin>
     afa:	88 e8       	ldi	r24, 0x88	; 136
     afc:	0e 94 35 09 	call	0x126a	; 0x126a <SPI_Transfer>
     b00:	80 e0       	ldi	r24, 0x00	; 0
     b02:	0e 94 35 09 	call	0x126a	; 0x126a <SPI_Transfer>
     b06:	8c 83       	std	Y+4, r24	; 0x04
     b08:	41 e0       	ldi	r20, 0x01	; 1
     b0a:	62 e0       	ldi	r22, 0x02	; 2
     b0c:	81 e0       	ldi	r24, 0x01	; 1
     b0e:	0e 94 89 06 	call	0xd12	; 0xd12 <DIO_WritePin>
     b12:	8c 81       	ldd	r24, Y+4	; 0x04
     b14:	85 ff       	sbrs	r24, 5
     b16:	e4 cf       	rjmp	.-56     	; 0xae0 <.L26>
     b18:	40 e0       	ldi	r20, 0x00	; 0
     b1a:	62 e0       	ldi	r22, 0x02	; 2
     b1c:	81 e0       	ldi	r24, 0x01	; 1
     b1e:	0e 94 89 06 	call	0xd12	; 0xd12 <DIO_WritePin>
     b22:	8c e8       	ldi	r24, 0x8C	; 140
     b24:	0e 94 35 09 	call	0x126a	; 0x126a <SPI_Transfer>
     b28:	80 e0       	ldi	r24, 0x00	; 0
     b2a:	0e 94 35 09 	call	0x126a	; 0x126a <SPI_Transfer>
     b2e:	8b 83       	std	Y+3, r24	; 0x03
     b30:	41 e0       	ldi	r20, 0x01	; 1
     b32:	62 e0       	ldi	r22, 0x02	; 2
     b34:	81 e0       	ldi	r24, 0x01	; 1
     b36:	0e 94 89 06 	call	0xd12	; 0xd12 <DIO_WritePin>
     b3a:	2b 81       	ldd	r18, Y+3	; 0x03
     b3c:	2b 71       	andi	r18, 0x1B	; 27
     b3e:	09 f0       	breq	.+2      	; 0xb42 <L0^A+0x2>

00000b40 <L0^A>:
     b40:	54 cf       	rjmp	.-344    	; 0x9ea <.L12>
     b42:	40 e0       	ldi	r20, 0x00	; 0
     b44:	62 e0       	ldi	r22, 0x02	; 2
     b46:	81 e0       	ldi	r24, 0x01	; 1
     b48:	0e 94 89 06 	call	0xd12	; 0xd12 <DIO_WritePin>
     b4c:	84 e9       	ldi	r24, 0x94	; 148
     b4e:	0e 94 35 09 	call	0x126a	; 0x126a <SPI_Transfer>
     b52:	80 e0       	ldi	r24, 0x00	; 0
     b54:	0e 94 35 09 	call	0x126a	; 0x126a <SPI_Transfer>
     b58:	8b 83       	std	Y+3, r24	; 0x03
     b5a:	41 e0       	ldi	r20, 0x01	; 1
     b5c:	62 e0       	ldi	r22, 0x02	; 2
     b5e:	81 e0       	ldi	r24, 0x01	; 1
     b60:	0e 94 89 06 	call	0xd12	; 0xd12 <DIO_WritePin>
     b64:	eb 81       	ldd	r30, Y+3	; 0x03
     b66:	e5 30       	cpi	r30, 0x05	; 5
     b68:	08 f4       	brcc	.+2      	; 0xb6c <L0^A+0x2>

00000b6a <L0^A>:
     b6a:	3f cf       	rjmp	.-386    	; 0x9ea <.L12>
     b6c:	29 81       	ldd	r18, Y+1	; 0x01
     b6e:	3a 81       	ldd	r19, Y+2	; 0x02
     b70:	2e 83       	std	Y+6, r18	; 0x06
     b72:	3f 83       	std	Y+7, r19	; 0x07
     b74:	c9 01       	movw	r24, r18
     b76:	04 96       	adiw	r24, 0x04	; 4
     b78:	8c 83       	std	Y+4, r24	; 0x04
     b7a:	9d 83       	std	Y+5, r25	; 0x05

00000b7c <.L15>:
     b7c:	40 e0       	ldi	r20, 0x00	; 0
     b7e:	62 e0       	ldi	r22, 0x02	; 2
     b80:	81 e0       	ldi	r24, 0x01	; 1
     b82:	0e 94 89 06 	call	0xd12	; 0xd12 <DIO_WritePin>
     b86:	82 e9       	ldi	r24, 0x92	; 146
     b88:	0e 94 35 09 	call	0x126a	; 0x126a <SPI_Transfer>
     b8c:	80 e0       	ldi	r24, 0x00	; 0
     b8e:	0e 94 35 09 	call	0x126a	; 0x126a <SPI_Transfer>
     b92:	8b 83       	std	Y+3, r24	; 0x03
     b94:	41 e0       	ldi	r20, 0x01	; 1
     b96:	62 e0       	ldi	r22, 0x02	; 2
     b98:	81 e0       	ldi	r24, 0x01	; 1
     b9a:	0e 94 89 06 	call	0xd12	; 0xd12 <DIO_WritePin>
     b9e:	ee 81       	ldd	r30, Y+6	; 0x06
     ba0:	ff 81       	ldd	r31, Y+7	; 0x07
     ba2:	2b 81       	ldd	r18, Y+3	; 0x03
     ba4:	21 93       	st	Z+, r18
     ba6:	ee 83       	std	Y+6, r30	; 0x06
     ba8:	ff 83       	std	Y+7, r31	; 0x07
     baa:	8c 81       	ldd	r24, Y+4	; 0x04
     bac:	9d 81       	ldd	r25, Y+5	; 0x05
     bae:	8e 17       	cp	r24, r30
     bb0:	9f 07       	cpc	r25, r31
     bb2:	21 f7       	brne	.-56     	; 0xb7c <.L15>
     bb4:	40 e0       	ldi	r20, 0x00	; 0
     bb6:	62 e0       	ldi	r22, 0x02	; 2
     bb8:	81 e0       	ldi	r24, 0x01	; 1
     bba:	0e 94 89 06 	call	0xd12	; 0xd12 <DIO_WritePin>
     bbe:	82 e9       	ldi	r24, 0x92	; 146
     bc0:	0e 94 35 09 	call	0x126a	; 0x126a <SPI_Transfer>
     bc4:	80 e0       	ldi	r24, 0x00	; 0
     bc6:	0e 94 35 09 	call	0x126a	; 0x126a <SPI_Transfer>
     bca:	8b 83       	std	Y+3, r24	; 0x03
     bcc:	41 e0       	ldi	r20, 0x01	; 1
     bce:	62 e0       	ldi	r22, 0x02	; 2
     bd0:	81 e0       	ldi	r24, 0x01	; 1
     bd2:	0e 94 89 06 	call	0xd12	; 0xd12 <DIO_WritePin>
     bd6:	e9 81       	ldd	r30, Y+1	; 0x01
     bd8:	fa 81       	ldd	r31, Y+2	; 0x02
     bda:	90 81       	ld	r25, Z
     bdc:	81 81       	ldd	r24, Z+1	; 0x01
     bde:	98 27       	eor	r25, r24
     be0:	82 81       	ldd	r24, Z+2	; 0x02
     be2:	98 27       	eor	r25, r24
     be4:	83 81       	ldd	r24, Z+3	; 0x03
     be6:	98 27       	eor	r25, r24
     be8:	81 e0       	ldi	r24, 0x01	; 1
     bea:	fb 81       	ldd	r31, Y+3	; 0x03
     bec:	9f 13       	cpse	r25, r31
     bee:	80 e0       	ldi	r24, 0x00	; 0
     bf0:	88 0f       	add	r24, r24
     bf2:	88 0f       	add	r24, r24
     bf4:	fb ce       	rjmp	.-522    	; 0x9ec <.L7>

00000bf6 <ADC_Init>:
     bf6:	81 30       	cpi	r24, 0x01	; 1
     bf8:	a1 f0       	breq	.+40     	; 0xc22 <.L2>
     bfa:	83 30       	cpi	r24, 0x03	; 3
     bfc:	51 f0       	breq	.+20     	; 0xc12 <.L3>
     bfe:	81 11       	cpse	r24, r1
     c00:	02 c0       	rjmp	.+4      	; 0xc06 <.L4>
     c02:	3e 98       	cbi	0x07, 6	; 7
     c04:	3f 98       	cbi	0x07, 7	; 7

00000c06 <.L4>:
     c06:	86 b1       	in	r24, 0x06	; 6
     c08:	88 7f       	andi	r24, 0xF8	; 248
     c0a:	86 60       	ori	r24, 0x06	; 6
     c0c:	86 b9       	out	0x06, r24	; 6
     c0e:	37 9a       	sbi	0x06, 7	; 6
     c10:	08 95       	ret

00000c12 <.L3>:
     c12:	3e 9a       	sbi	0x07, 6	; 7
     c14:	3f 9a       	sbi	0x07, 7	; 7
     c16:	86 b1       	in	r24, 0x06	; 6
     c18:	88 7f       	andi	r24, 0xF8	; 248
     c1a:	86 60       	ori	r24, 0x06	; 6
     c1c:	86 b9       	out	0x06, r24	; 6
     c1e:	37 9a       	sbi	0x06, 7	; 6
     c20:	08 95       	ret

00000c22 <.L2>:
     c22:	3e 9a       	sbi	0x07, 6	; 7
     c24:	3f 98       	cbi	0x07, 7	; 7
     c26:	86 b1       	in	r24, 0x06	; 6
     c28:	88 7f       	andi	r24, 0xF8	; 248
     c2a:	86 60       	ori	r24, 0x06	; 6
     c2c:	86 b9       	out	0x06, r24	; 6
     c2e:	37 9a       	sbi	0x06, 7	; 6
     c30:	08 95       	ret

00000c32 <ADC_Enable>:
     c32:	37 9a       	sbi	0x06, 7	; 6
     c34:	08 95       	ret

00000c36 <ADC_Disable>:
     c36:	37 98       	cbi	0x06, 7	; 6
     c38:	08 95       	ret

00000c3a <ADC_Adjust>:
     c3a:	81 30       	cpi	r24, 0x01	; 1
     c3c:	10 f4       	brcc	.+4      	; 0xc42 <.L9>
     c3e:	3d 98       	cbi	0x07, 5	; 7
     c40:	08 95       	ret

00000c42 <.L9>:
     c42:	09 f0       	breq	.+2      	; 0xc46 <.L11>
     c44:	08 95       	ret

00000c46 <.L11>:
     c46:	3d 9a       	sbi	0x07, 5	; 7
     c48:	08 95       	ret

00000c4a <ADC_Channel>:
     c4a:	97 b1       	in	r25, 0x07	; 7
     c4c:	90 7e       	andi	r25, 0xE0	; 224
     c4e:	89 2b       	or	r24, r25
     c50:	87 b9       	out	0x07, r24	; 7
     c52:	08 95       	ret

00000c54 <ADC_StartConversion>:
     c54:	81 11       	cpse	r24, r1
     c56:	01 c0       	rjmp	.+2      	; 0xc5a <.L13>
     c58:	36 9a       	sbi	0x06, 6	; 6

00000c5a <.L13>:
     c5a:	08 95       	ret

00000c5c <ADC_Prescaler>:
     c5c:	96 b1       	in	r25, 0x06	; 6
     c5e:	98 7f       	andi	r25, 0xF8	; 248
     c60:	89 2b       	or	r24, r25
     c62:	86 b9       	out	0x06, r24	; 6
     c64:	08 95       	ret

00000c66 <ADC_ReadResult>:
     c66:	36 9a       	sbi	0x06, 6	; 6

00000c68 <.L17>:
     c68:	34 9b       	sbis	0x06, 4	; 6
     c6a:	fe cf       	rjmp	.-4      	; 0xc68 <.L17>
     c6c:	34 9a       	sbi	0x06, 4	; 6
     c6e:	84 b1       	in	r24, 0x04	; 4
     c70:	25 b1       	in	r18, 0x05	; 5
     c72:	92 2f       	mov	r25, r18
     c74:	08 95       	ret

00000c76 <DIO_InitPin>:
     c76:	84 30       	cpi	r24, 0x04	; 4
     c78:	c0 f4       	brcc	.+48     	; 0xcaa <.L1>
     c7a:	68 30       	cpi	r22, 0x08	; 8
     c7c:	b0 f4       	brcc	.+44     	; 0xcaa <.L1>
     c7e:	41 30       	cpi	r20, 0x01	; 1
     c80:	a9 f0       	breq	.+42     	; 0xcac <.L11>
     c82:	98 f4       	brcc	.+38     	; 0xcaa <.L1>
     c84:	21 e0       	ldi	r18, 0x01	; 1
     c86:	01 c0       	rjmp	.+2      	; 0xc8a <.L2^B1>

00000c88 <.L1^B1>:
     c88:	22 0f       	add	r18, r18

00000c8a <.L2^B1>:
     c8a:	6a 95       	dec	r22
     c8c:	ea f7       	brpl	.-6      	; 0xc88 <.L1^B1>
     c8e:	20 95       	com	r18
     c90:	82 30       	cpi	r24, 0x02	; 2
     c92:	39 f1       	breq	.+78     	; 0xce2 <.L7>
     c94:	83 30       	cpi	r24, 0x03	; 3
     c96:	31 f0       	breq	.+12     	; 0xca4 <.L8>
     c98:	81 30       	cpi	r24, 0x01	; 1
     c9a:	39 f1       	breq	.+78     	; 0xcea <.L9>
     c9c:	8a b3       	in	r24, 0x1a	; 26
     c9e:	82 23       	and	r24, r18
     ca0:	8a bb       	out	0x1a, r24	; 26
     ca2:	08 95       	ret

00000ca4 <.L8>:
     ca4:	81 b3       	in	r24, 0x11	; 17
     ca6:	82 23       	and	r24, r18
     ca8:	81 bb       	out	0x11, r24	; 17

00000caa <.L1>:
     caa:	08 95       	ret

00000cac <.L11>:
     cac:	21 e0       	ldi	r18, 0x01	; 1
     cae:	01 c0       	rjmp	.+2      	; 0xcb2 <.L2^B2>

00000cb0 <.L1^B2>:
     cb0:	22 0f       	add	r18, r18

00000cb2 <.L2^B2>:
     cb2:	6a 95       	dec	r22
     cb4:	ea f7       	brpl	.-6      	; 0xcb0 <.L1^B2>
     cb6:	82 30       	cpi	r24, 0x02	; 2
     cb8:	61 f0       	breq	.+24     	; 0xcd2 <.L4>
     cba:	83 30       	cpi	r24, 0x03	; 3
     cbc:	31 f0       	breq	.+12     	; 0xcca <.L5>
     cbe:	81 30       	cpi	r24, 0x01	; 1
     cc0:	61 f0       	breq	.+24     	; 0xcda <.L6>
     cc2:	8a b3       	in	r24, 0x1a	; 26
     cc4:	82 2b       	or	r24, r18
     cc6:	8a bb       	out	0x1a, r24	; 26
     cc8:	08 95       	ret

00000cca <.L5>:
     cca:	81 b3       	in	r24, 0x11	; 17
     ccc:	82 2b       	or	r24, r18
     cce:	81 bb       	out	0x11, r24	; 17
     cd0:	08 95       	ret

00000cd2 <.L4>:
     cd2:	84 b3       	in	r24, 0x14	; 20
     cd4:	82 2b       	or	r24, r18
     cd6:	84 bb       	out	0x14, r24	; 20
     cd8:	08 95       	ret

00000cda <.L6>:
     cda:	87 b3       	in	r24, 0x17	; 23
     cdc:	82 2b       	or	r24, r18
     cde:	87 bb       	out	0x17, r24	; 23
     ce0:	08 95       	ret

00000ce2 <.L7>:
     ce2:	84 b3       	in	r24, 0x14	; 20
     ce4:	82 23       	and	r24, r18
     ce6:	84 bb       	out	0x14, r24	; 20
     ce8:	08 95       	ret

00000cea <.L9>:
     cea:	87 b3       	in	r24, 0x17	; 23
     cec:	82 23       	and	r24, r18
     cee:	87 bb       	out	0x17, r24	; 23
     cf0:	08 95       	ret

00000cf2 <DIO_InitGroup>:
     cf2:	82 30       	cpi	r24, 0x02	; 2
     cf4:	49 f0       	breq	.+18     	; 0xd08 <.L13>
     cf6:	20 f4       	brcc	.+8      	; 0xd00 <.L14>
     cf8:	81 15       	cp	r24, r1
     cfa:	41 f0       	breq	.+16     	; 0xd0c <.L20>
     cfc:	67 bb       	out	0x17, r22	; 23
     cfe:	08 95       	ret

00000d00 <.L14>:
     d00:	83 30       	cpi	r24, 0x03	; 3
     d02:	31 f4       	brne	.+12     	; 0xd10 <.L21>
     d04:	61 bb       	out	0x11, r22	; 17
     d06:	08 95       	ret

00000d08 <.L13>:
     d08:	64 bb       	out	0x14, r22	; 20
     d0a:	08 95       	ret

00000d0c <.L20>:
     d0c:	6a bb       	out	0x1a, r22	; 26
     d0e:	08 95       	ret

00000d10 <.L21>:
     d10:	08 95       	ret

00000d12 <DIO_WritePin>:
     d12:	84 30       	cpi	r24, 0x04	; 4
     d14:	c0 f4       	brcc	.+48     	; 0xd46 <.L22>
     d16:	68 30       	cpi	r22, 0x08	; 8
     d18:	b0 f4       	brcc	.+44     	; 0xd46 <.L22>
     d1a:	41 30       	cpi	r20, 0x01	; 1
     d1c:	a9 f0       	breq	.+42     	; 0xd48 <.L31>
     d1e:	98 f4       	brcc	.+38     	; 0xd46 <.L22>
     d20:	21 e0       	ldi	r18, 0x01	; 1
     d22:	01 c0       	rjmp	.+2      	; 0xd26 <.L2^B3>

00000d24 <.L1^B3>:
     d24:	22 0f       	add	r18, r18

00000d26 <.L2^B3>:
     d26:	6a 95       	dec	r22
     d28:	ea f7       	brpl	.-6      	; 0xd24 <.L1^B3>
     d2a:	20 95       	com	r18
     d2c:	82 30       	cpi	r24, 0x02	; 2
     d2e:	39 f1       	breq	.+78     	; 0xd7e <.L28>
     d30:	83 30       	cpi	r24, 0x03	; 3
     d32:	31 f0       	breq	.+12     	; 0xd40 <.L29>
     d34:	81 30       	cpi	r24, 0x01	; 1
     d36:	39 f1       	breq	.+78     	; 0xd86 <.L30>
     d38:	8b b3       	in	r24, 0x1b	; 27
     d3a:	82 23       	and	r24, r18
     d3c:	8b bb       	out	0x1b, r24	; 27
     d3e:	08 95       	ret

00000d40 <.L29>:
     d40:	82 b3       	in	r24, 0x12	; 18
     d42:	82 23       	and	r24, r18
     d44:	82 bb       	out	0x12, r24	; 18

00000d46 <.L22>:
     d46:	08 95       	ret

00000d48 <.L31>:
     d48:	21 e0       	ldi	r18, 0x01	; 1
     d4a:	01 c0       	rjmp	.+2      	; 0xd4e <.L2^B4>

00000d4c <.L1^B4>:
     d4c:	22 0f       	add	r18, r18

00000d4e <.L2^B4>:
     d4e:	6a 95       	dec	r22
     d50:	ea f7       	brpl	.-6      	; 0xd4c <.L1^B4>
     d52:	82 30       	cpi	r24, 0x02	; 2
     d54:	61 f0       	breq	.+24     	; 0xd6e <.L25>
     d56:	83 30       	cpi	r24, 0x03	; 3
     d58:	31 f0       	breq	.+12     	; 0xd66 <.L26>
     d5a:	81 30       	cpi	r24, 0x01	; 1
     d5c:	61 f0       	breq	.+24     	; 0xd76 <.L27>
     d5e:	8b b3       	in	r24, 0x1b	; 27
     d60:	82 2b       	or	r24, r18
     d62:	8b bb       	out	0x1b, r24	; 27
     d64:	08 95       	ret

00000d66 <.L26>:
     d66:	82 b3       	in	r24, 0x12	; 18
     d68:	82 2b       	or	r24, r18
     d6a:	82 bb       	out	0x12, r24	; 18
     d6c:	08 95       	ret

00000d6e <.L25>:
     d6e:	85 b3       	in	r24, 0x15	; 21
     d70:	82 2b       	or	r24, r18
     d72:	85 bb       	out	0x15, r24	; 21
     d74:	08 95       	ret

00000d76 <.L27>:
     d76:	88 b3       	in	r24, 0x18	; 24
     d78:	82 2b       	or	r24, r18
     d7a:	88 bb       	out	0x18, r24	; 24
     d7c:	08 95       	ret

00000d7e <.L28>:
     d7e:	85 b3       	in	r24, 0x15	; 21
     d80:	82 23       	and	r24, r18
     d82:	85 bb       	out	0x15, r24	; 21
     d84:	08 95       	ret

00000d86 <.L30>:
     d86:	88 b3       	in	r24, 0x18	; 24
     d88:	82 23       	and	r24, r18
     d8a:	88 bb       	out	0x18, r24	; 24
     d8c:	08 95       	ret

00000d8e <DIO_WriteGroup>:
     d8e:	82 30       	cpi	r24, 0x02	; 2
     d90:	49 f0       	breq	.+18     	; 0xda4 <.L33>
     d92:	20 f4       	brcc	.+8      	; 0xd9c <.L34>
     d94:	81 15       	cp	r24, r1
     d96:	41 f0       	breq	.+16     	; 0xda8 <.L40>
     d98:	68 bb       	out	0x18, r22	; 24
     d9a:	08 95       	ret

00000d9c <.L34>:
     d9c:	83 30       	cpi	r24, 0x03	; 3
     d9e:	31 f4       	brne	.+12     	; 0xdac <.L41>
     da0:	62 bb       	out	0x12, r22	; 18
     da2:	08 95       	ret

00000da4 <.L33>:
     da4:	65 bb       	out	0x15, r22	; 21
     da6:	08 95       	ret

00000da8 <.L40>:
     da8:	6b bb       	out	0x1b, r22	; 27
     daa:	08 95       	ret

00000dac <.L41>:
     dac:	08 95       	ret

00000dae <DIO_ReadPin>:
     dae:	41 15       	cp	r20, r1
     db0:	51 05       	cpc	r21, r1
     db2:	a1 f0       	breq	.+40     	; 0xddc <.L42>
     db4:	84 30       	cpi	r24, 0x04	; 4
     db6:	90 f4       	brcc	.+36     	; 0xddc <.L42>
     db8:	68 30       	cpi	r22, 0x08	; 8
     dba:	80 f4       	brcc	.+32     	; 0xddc <.L42>
     dbc:	82 30       	cpi	r24, 0x02	; 2
     dbe:	99 f0       	breq	.+38     	; 0xde6 <.L44>
     dc0:	83 30       	cpi	r24, 0x03	; 3
     dc2:	79 f0       	breq	.+30     	; 0xde2 <.L45>
     dc4:	81 30       	cpi	r24, 0x01	; 1
     dc6:	59 f4       	brne	.+22     	; 0xdde <.L51>
     dc8:	86 b3       	in	r24, 0x16	; 22

00000dca <.L50>:
     dca:	90 e0       	ldi	r25, 0x00	; 0
     dcc:	02 c0       	rjmp	.+4      	; 0xdd2 <.L2^B5>

00000dce <.L1^B5>:
     dce:	95 95       	asr	r25
     dd0:	87 95       	ror	r24

00000dd2 <.L2^B5>:
     dd2:	6a 95       	dec	r22
     dd4:	e2 f7       	brpl	.-8      	; 0xdce <.L1^B5>
     dd6:	81 70       	andi	r24, 0x01	; 1
     dd8:	fa 01       	movw	r30, r20
     dda:	80 83       	st	Z, r24

00000ddc <.L42>:
     ddc:	08 95       	ret

00000dde <.L51>:
     dde:	89 b3       	in	r24, 0x19	; 25
     de0:	f4 cf       	rjmp	.-24     	; 0xdca <.L50>

00000de2 <.L45>:
     de2:	80 b3       	in	r24, 0x10	; 16
     de4:	f2 cf       	rjmp	.-28     	; 0xdca <.L50>

00000de6 <.L44>:
     de6:	83 b3       	in	r24, 0x13	; 19
     de8:	f0 cf       	rjmp	.-32     	; 0xdca <.L50>

00000dea <DIO_ReadGroup>:
     dea:	61 15       	cp	r22, r1
     dec:	71 05       	cpc	r23, r1
     dee:	71 f0       	breq	.+28     	; 0xe0c <.L52>
     df0:	82 30       	cpi	r24, 0x02	; 2
     df2:	91 f0       	breq	.+36     	; 0xe18 <.L54>
     df4:	30 f4       	brcc	.+12     	; 0xe02 <.L55>
     df6:	81 15       	cp	r24, r1
     df8:	59 f0       	breq	.+22     	; 0xe10 <.L63>
     dfa:	86 b3       	in	r24, 0x16	; 22
     dfc:	fb 01       	movw	r30, r22
     dfe:	80 83       	st	Z, r24
     e00:	08 95       	ret

00000e02 <.L55>:
     e02:	83 30       	cpi	r24, 0x03	; 3
     e04:	21 f4       	brne	.+8      	; 0xe0e <.L64>
     e06:	80 b3       	in	r24, 0x10	; 16
     e08:	fb 01       	movw	r30, r22
     e0a:	80 83       	st	Z, r24

00000e0c <.L52>:
     e0c:	08 95       	ret

00000e0e <.L64>:
     e0e:	08 95       	ret

00000e10 <.L63>:
     e10:	89 b3       	in	r24, 0x19	; 25
     e12:	fb 01       	movw	r30, r22
     e14:	80 83       	st	Z, r24
     e16:	08 95       	ret

00000e18 <.L54>:
     e18:	83 b3       	in	r24, 0x13	; 19
     e1a:	fb 01       	movw	r30, r22
     e1c:	80 83       	st	Z, r24
     e1e:	08 95       	ret

00000e20 <DIO_Toggle>:
     e20:	82 30       	cpi	r24, 0x02	; 2
     e22:	b9 f0       	breq	.+46     	; 0xe52 <.L66>
     e24:	58 f4       	brcc	.+22     	; 0xe3c <.L67>
     e26:	81 15       	cp	r24, r1
     e28:	e9 f0       	breq	.+58     	; 0xe64 <.L73>
     e2a:	88 b3       	in	r24, 0x18	; 24
     e2c:	21 e0       	ldi	r18, 0x01	; 1
     e2e:	01 c0       	rjmp	.+2      	; 0xe32 <.L2^B6>

00000e30 <.L1^B6>:
     e30:	22 0f       	add	r18, r18

00000e32 <.L2^B6>:
     e32:	6a 95       	dec	r22
     e34:	ea f7       	brpl	.-6      	; 0xe30 <.L1^B6>
     e36:	82 27       	eor	r24, r18
     e38:	88 bb       	out	0x18, r24	; 24
     e3a:	08 95       	ret

00000e3c <.L67>:
     e3c:	83 30       	cpi	r24, 0x03	; 3
     e3e:	d9 f4       	brne	.+54     	; 0xe76 <.L74>
     e40:	82 b3       	in	r24, 0x12	; 18
     e42:	21 e0       	ldi	r18, 0x01	; 1
     e44:	01 c0       	rjmp	.+2      	; 0xe48 <.L2^B7>

00000e46 <.L1^B7>:
     e46:	22 0f       	add	r18, r18

00000e48 <.L2^B7>:
     e48:	6a 95       	dec	r22
     e4a:	ea f7       	brpl	.-6      	; 0xe46 <.L1^B7>
     e4c:	82 27       	eor	r24, r18
     e4e:	82 bb       	out	0x12, r24	; 18
     e50:	08 95       	ret

00000e52 <.L66>:
     e52:	85 b3       	in	r24, 0x15	; 21
     e54:	21 e0       	ldi	r18, 0x01	; 1
     e56:	01 c0       	rjmp	.+2      	; 0xe5a <.L2^B8>

00000e58 <.L1^B8>:
     e58:	22 0f       	add	r18, r18

00000e5a <.L2^B8>:
     e5a:	6a 95       	dec	r22
     e5c:	ea f7       	brpl	.-6      	; 0xe58 <.L1^B8>
     e5e:	82 27       	eor	r24, r18
     e60:	85 bb       	out	0x15, r24	; 21
     e62:	08 95       	ret

00000e64 <.L73>:
     e64:	8b b3       	in	r24, 0x1b	; 27
     e66:	21 e0       	ldi	r18, 0x01	; 1
     e68:	01 c0       	rjmp	.+2      	; 0xe6c <.L2^B9>

00000e6a <.L1^B9>:
     e6a:	22 0f       	add	r18, r18

00000e6c <.L2^B9>:
     e6c:	6a 95       	dec	r22
     e6e:	ea f7       	brpl	.-6      	; 0xe6a <.L1^B9>
     e70:	82 27       	eor	r24, r18
     e72:	8b bb       	out	0x1b, r24	; 27
     e74:	08 95       	ret

00000e76 <.L74>:
     e76:	08 95       	ret

00000e78 <EXTI_Init>:
     e78:	86 30       	cpi	r24, 0x06	; 6
     e7a:	b1 f0       	breq	.+44     	; 0xea8 <.L13>
     e7c:	87 30       	cpi	r24, 0x07	; 7
     e7e:	19 f0       	breq	.+6      	; 0xe86 <.L14>
     e80:	85 30       	cpi	r24, 0x05	; 5
     e82:	09 f1       	breq	.+66     	; 0xec6 <.L15>

00000e84 <.L1>:
     e84:	08 95       	ret

00000e86 <.L14>:
     e86:	64 30       	cpi	r22, 0x04	; 4
     e88:	69 f1       	breq	.+90     	; 0xee4 <.L16>
     e8a:	65 30       	cpi	r22, 0x05	; 5
     e8c:	09 f4       	brne	.+2      	; 0xe90 <L0^A+0x2>

00000e8e <L0^A>:
     e8e:	43 c0       	rjmp	.+134    	; 0xf16 <.L17>
     e90:	66 30       	cpi	r22, 0x06	; 6
     e92:	09 f4       	brne	.+2      	; 0xe96 <L0^A+0x2>

00000e94 <L0^A>:
     e94:	47 c0       	rjmp	.+142    	; 0xf24 <.L18>
     e96:	67 30       	cpi	r22, 0x07	; 7
     e98:	a9 f7       	brne	.-22     	; 0xe84 <.L1>
     e9a:	85 b7       	in	r24, 0x35	; 53
     e9c:	84 60       	ori	r24, 0x04	; 4
     e9e:	85 bf       	out	0x35, r24	; 53
     ea0:	85 b7       	in	r24, 0x35	; 53
     ea2:	88 60       	ori	r24, 0x08	; 8
     ea4:	85 bf       	out	0x35, r24	; 53
     ea6:	08 95       	ret

00000ea8 <.L13>:
     ea8:	64 30       	cpi	r22, 0x04	; 4
     eaa:	19 f1       	breq	.+70     	; 0xef2 <.L19>
     eac:	65 30       	cpi	r22, 0x05	; 5
     eae:	99 f0       	breq	.+38     	; 0xed6 <.L20>
     eb0:	66 30       	cpi	r22, 0x06	; 6
     eb2:	31 f1       	breq	.+76     	; 0xf00 <.L21>
     eb4:	67 30       	cpi	r22, 0x07	; 7
     eb6:	31 f7       	brne	.-52     	; 0xe84 <.L1>
     eb8:	85 b7       	in	r24, 0x35	; 53
     eba:	81 60       	ori	r24, 0x01	; 1
     ebc:	85 bf       	out	0x35, r24	; 53
     ebe:	85 b7       	in	r24, 0x35	; 53
     ec0:	82 60       	ori	r24, 0x02	; 2
     ec2:	85 bf       	out	0x35, r24	; 53
     ec4:	08 95       	ret

00000ec6 <.L15>:
     ec6:	66 30       	cpi	r22, 0x06	; 6
     ec8:	11 f1       	breq	.+68     	; 0xf0e <.L22>
     eca:	67 30       	cpi	r22, 0x07	; 7
     ecc:	d9 f6       	brne	.-74     	; 0xe84 <.L1>
     ece:	84 b7       	in	r24, 0x34	; 52
     ed0:	80 64       	ori	r24, 0x40	; 64
     ed2:	84 bf       	out	0x34, r24	; 52
     ed4:	08 95       	ret

00000ed6 <.L20>:
     ed6:	85 b7       	in	r24, 0x35	; 53
     ed8:	81 60       	ori	r24, 0x01	; 1
     eda:	85 bf       	out	0x35, r24	; 53
     edc:	85 b7       	in	r24, 0x35	; 53
     ede:	8d 7f       	andi	r24, 0xFD	; 253
     ee0:	85 bf       	out	0x35, r24	; 53
     ee2:	08 95       	ret

00000ee4 <.L16>:
     ee4:	85 b7       	in	r24, 0x35	; 53
     ee6:	8b 7f       	andi	r24, 0xFB	; 251
     ee8:	85 bf       	out	0x35, r24	; 53
     eea:	85 b7       	in	r24, 0x35	; 53
     eec:	87 7f       	andi	r24, 0xF7	; 247
     eee:	85 bf       	out	0x35, r24	; 53
     ef0:	08 95       	ret

00000ef2 <.L19>:
     ef2:	85 b7       	in	r24, 0x35	; 53
     ef4:	8e 7f       	andi	r24, 0xFE	; 254
     ef6:	85 bf       	out	0x35, r24	; 53
     ef8:	85 b7       	in	r24, 0x35	; 53
     efa:	8d 7f       	andi	r24, 0xFD	; 253
     efc:	85 bf       	out	0x35, r24	; 53
     efe:	08 95       	ret

00000f00 <.L21>:
     f00:	85 b7       	in	r24, 0x35	; 53
     f02:	8e 7f       	andi	r24, 0xFE	; 254
     f04:	85 bf       	out	0x35, r24	; 53
     f06:	85 b7       	in	r24, 0x35	; 53
     f08:	82 60       	ori	r24, 0x02	; 2
     f0a:	85 bf       	out	0x35, r24	; 53
     f0c:	08 95       	ret

00000f0e <.L22>:
     f0e:	84 b7       	in	r24, 0x34	; 52
     f10:	8f 7b       	andi	r24, 0xBF	; 191
     f12:	84 bf       	out	0x34, r24	; 52
     f14:	08 95       	ret

00000f16 <.L17>:
     f16:	85 b7       	in	r24, 0x35	; 53
     f18:	84 60       	ori	r24, 0x04	; 4
     f1a:	85 bf       	out	0x35, r24	; 53
     f1c:	85 b7       	in	r24, 0x35	; 53
     f1e:	87 7f       	andi	r24, 0xF7	; 247
     f20:	85 bf       	out	0x35, r24	; 53
     f22:	08 95       	ret

00000f24 <.L18>:
     f24:	85 b7       	in	r24, 0x35	; 53
     f26:	8b 7f       	andi	r24, 0xFB	; 251
     f28:	85 bf       	out	0x35, r24	; 53
     f2a:	85 b7       	in	r24, 0x35	; 53
     f2c:	88 60       	ori	r24, 0x08	; 8
     f2e:	85 bf       	out	0x35, r24	; 53
     f30:	08 95       	ret

00000f32 <EXTI_Enable>:
     f32:	86 30       	cpi	r24, 0x06	; 6
     f34:	49 f0       	breq	.+18     	; 0xf48 <.L27>
     f36:	87 30       	cpi	r24, 0x07	; 7
     f38:	19 f0       	breq	.+6      	; 0xf40 <.L28>
     f3a:	85 30       	cpi	r24, 0x05	; 5
     f3c:	49 f0       	breq	.+18     	; 0xf50 <.L29>
     f3e:	08 95       	ret

00000f40 <.L28>:
     f40:	8b b7       	in	r24, 0x3b	; 59
     f42:	80 68       	ori	r24, 0x80	; 128
     f44:	8b bf       	out	0x3b, r24	; 59
     f46:	08 95       	ret

00000f48 <.L27>:
     f48:	8b b7       	in	r24, 0x3b	; 59
     f4a:	80 64       	ori	r24, 0x40	; 64
     f4c:	8b bf       	out	0x3b, r24	; 59
     f4e:	08 95       	ret

00000f50 <.L29>:
     f50:	8b b7       	in	r24, 0x3b	; 59
     f52:	80 62       	ori	r24, 0x20	; 32
     f54:	8b bf       	out	0x3b, r24	; 59
     f56:	08 95       	ret

00000f58 <EXTI_Disable>:
     f58:	86 30       	cpi	r24, 0x06	; 6
     f5a:	49 f0       	breq	.+18     	; 0xf6e <.L34>
     f5c:	87 30       	cpi	r24, 0x07	; 7
     f5e:	19 f0       	breq	.+6      	; 0xf66 <.L35>
     f60:	85 30       	cpi	r24, 0x05	; 5
     f62:	49 f0       	breq	.+18     	; 0xf76 <.L36>
     f64:	08 95       	ret

00000f66 <.L35>:
     f66:	8b b7       	in	r24, 0x3b	; 59
     f68:	8f 77       	andi	r24, 0x7F	; 127
     f6a:	8b bf       	out	0x3b, r24	; 59
     f6c:	08 95       	ret

00000f6e <.L34>:
     f6e:	8b b7       	in	r24, 0x3b	; 59
     f70:	8f 7b       	andi	r24, 0xBF	; 191
     f72:	8b bf       	out	0x3b, r24	; 59
     f74:	08 95       	ret

00000f76 <.L36>:
     f76:	8b b7       	in	r24, 0x3b	; 59
     f78:	8f 7d       	andi	r24, 0xDF	; 223
     f7a:	8b bf       	out	0x3b, r24	; 59
     f7c:	08 95       	ret

00000f7e <EXTI_CallBack>:
     f7e:	83 30       	cpi	r24, 0x03	; 3
     f80:	58 f4       	brcc	.+22     	; 0xf98 <.L37>
     f82:	61 15       	cp	r22, r1
     f84:	71 05       	cpc	r23, r1
     f86:	41 f0       	breq	.+16     	; 0xf98 <.L37>
     f88:	e8 2f       	mov	r30, r24
     f8a:	f0 e0       	ldi	r31, 0x00	; 0
     f8c:	ee 0f       	add	r30, r30
     f8e:	ff 1f       	adc	r31, r31
     f90:	e4 52       	subi	r30, 0x24	; 36
     f92:	ff 4f       	sbci	r31, 0xFF	; 255
     f94:	60 83       	st	Z, r22
     f96:	71 83       	std	Z+1, r23	; 0x01

00000f98 <.L37>:
     f98:	08 95       	ret

00000f9a <__vector_1>:
     f9a:	1f 92       	push	r1
     f9c:	0f 92       	push	r0
     f9e:	0f b6       	in	r0, 0x3f	; 63
     fa0:	0f 92       	push	r0
     fa2:	11 24       	eor	r1, r1
     fa4:	2f 93       	push	r18
     fa6:	3f 93       	push	r19
     fa8:	4f 93       	push	r20
     faa:	5f 93       	push	r21
     fac:	6f 93       	push	r22
     fae:	7f 93       	push	r23
     fb0:	8f 93       	push	r24
     fb2:	9f 93       	push	r25
     fb4:	af 93       	push	r26
     fb6:	bf 93       	push	r27
     fb8:	ef 93       	push	r30
     fba:	ff 93       	push	r31
     fbc:	e0 91 dc 00 	lds	r30, 0x00DC	; 0x8000dc <Ptr>
     fc0:	f0 91 dd 00 	lds	r31, 0x00DD	; 0x8000dd <Ptr+0x1>
     fc4:	30 97       	sbiw	r30, 0x00	; 0
     fc6:	09 f0       	breq	.+2      	; 0xfca <.L42>
     fc8:	09 95       	icall

00000fca <.L42>:
     fca:	ff 91       	pop	r31
     fcc:	ef 91       	pop	r30
     fce:	bf 91       	pop	r27
     fd0:	af 91       	pop	r26
     fd2:	9f 91       	pop	r25
     fd4:	8f 91       	pop	r24
     fd6:	7f 91       	pop	r23
     fd8:	6f 91       	pop	r22
     fda:	5f 91       	pop	r21
     fdc:	4f 91       	pop	r20
     fde:	3f 91       	pop	r19
     fe0:	2f 91       	pop	r18
     fe2:	0f 90       	pop	r0
     fe4:	0f be       	out	0x3f, r0	; 63
     fe6:	0f 90       	pop	r0
     fe8:	1f 90       	pop	r1
     fea:	18 95       	reti

00000fec <__vector_2>:
     fec:	1f 92       	push	r1
     fee:	0f 92       	push	r0
     ff0:	0f b6       	in	r0, 0x3f	; 63
     ff2:	0f 92       	push	r0
     ff4:	11 24       	eor	r1, r1
     ff6:	2f 93       	push	r18
     ff8:	3f 93       	push	r19
     ffa:	4f 93       	push	r20
     ffc:	5f 93       	push	r21
     ffe:	6f 93       	push	r22
    1000:	7f 93       	push	r23
    1002:	8f 93       	push	r24
    1004:	9f 93       	push	r25
    1006:	af 93       	push	r26
    1008:	bf 93       	push	r27
    100a:	ef 93       	push	r30
    100c:	ff 93       	push	r31
    100e:	e0 91 de 00 	lds	r30, 0x00DE	; 0x8000de <Ptr+0x2>
    1012:	f0 91 df 00 	lds	r31, 0x00DF	; 0x8000df <Ptr+0x3>
    1016:	30 97       	sbiw	r30, 0x00	; 0
    1018:	09 f0       	breq	.+2      	; 0x101c <.L47>
    101a:	09 95       	icall

0000101c <.L47>:
    101c:	ff 91       	pop	r31
    101e:	ef 91       	pop	r30
    1020:	bf 91       	pop	r27
    1022:	af 91       	pop	r26
    1024:	9f 91       	pop	r25
    1026:	8f 91       	pop	r24
    1028:	7f 91       	pop	r23
    102a:	6f 91       	pop	r22
    102c:	5f 91       	pop	r21
    102e:	4f 91       	pop	r20
    1030:	3f 91       	pop	r19
    1032:	2f 91       	pop	r18
    1034:	0f 90       	pop	r0
    1036:	0f be       	out	0x3f, r0	; 63
    1038:	0f 90       	pop	r0
    103a:	1f 90       	pop	r1
    103c:	18 95       	reti

0000103e <__vector_3>:
    103e:	1f 92       	push	r1
    1040:	0f 92       	push	r0
    1042:	0f b6       	in	r0, 0x3f	; 63
    1044:	0f 92       	push	r0
    1046:	11 24       	eor	r1, r1
    1048:	2f 93       	push	r18
    104a:	3f 93       	push	r19
    104c:	4f 93       	push	r20
    104e:	5f 93       	push	r21
    1050:	6f 93       	push	r22
    1052:	7f 93       	push	r23
    1054:	8f 93       	push	r24
    1056:	9f 93       	push	r25
    1058:	af 93       	push	r26
    105a:	bf 93       	push	r27
    105c:	ef 93       	push	r30
    105e:	ff 93       	push	r31
    1060:	e0 91 e0 00 	lds	r30, 0x00E0	; 0x8000e0 <Ptr+0x4>
    1064:	f0 91 e1 00 	lds	r31, 0x00E1	; 0x8000e1 <Ptr+0x5>
    1068:	30 97       	sbiw	r30, 0x00	; 0
    106a:	09 f0       	breq	.+2      	; 0x106e <.L52>
    106c:	09 95       	icall

0000106e <.L52>:
    106e:	ff 91       	pop	r31
    1070:	ef 91       	pop	r30
    1072:	bf 91       	pop	r27
    1074:	af 91       	pop	r26
    1076:	9f 91       	pop	r25
    1078:	8f 91       	pop	r24
    107a:	7f 91       	pop	r23
    107c:	6f 91       	pop	r22
    107e:	5f 91       	pop	r21
    1080:	4f 91       	pop	r20
    1082:	3f 91       	pop	r19
    1084:	2f 91       	pop	r18
    1086:	0f 90       	pop	r0
    1088:	0f be       	out	0x3f, r0	; 63
    108a:	0f 90       	pop	r0
    108c:	1f 90       	pop	r1
    108e:	18 95       	reti

00001090 <GIE_Enable>:
    1090:	8f b7       	in	r24, 0x3f	; 63
    1092:	80 68       	ori	r24, 0x80	; 128
    1094:	8f bf       	out	0x3f, r24	; 63
    1096:	08 95       	ret

00001098 <GIE_Disable>:
    1098:	8f b7       	in	r24, 0x3f	; 63
    109a:	8f 77       	andi	r24, 0x7F	; 127
    109c:	8f bf       	out	0x3f, r24	; 63
    109e:	08 95       	ret

000010a0 <SPI_Init>:
    10a0:	0f 93       	push	r16
    10a2:	1f 93       	push	r17
    10a4:	cf 93       	push	r28
    10a6:	df 93       	push	r29
    10a8:	cd b7       	in	r28, 0x3d	; 61
    10aa:	de b7       	in	r29, 0x3e	; 62
    10ac:	2b 97       	sbiw	r28, 0x0b	; 11
    10ae:	0f b6       	in	r0, 0x3f	; 63
    10b0:	f8 94       	cli
    10b2:	de bf       	out	0x3e, r29	; 62
    10b4:	0f be       	out	0x3f, r0	; 63
    10b6:	cd bf       	out	0x3d, r28	; 61
    10b8:	90 2f       	mov	r25, r16
    10ba:	09 83       	std	Y+1, r16	; 0x01
    10bc:	1a 83       	std	Y+2, r17	; 0x02
    10be:	2a 87       	std	Y+10, r18	; 0x0a
    10c0:	2b 83       	std	Y+3, r18	; 0x03
    10c2:	3b 87       	std	Y+11, r19	; 0x0b
    10c4:	3c 83       	std	Y+4, r19	; 0x04
    10c6:	04 2f       	mov	r16, r20
    10c8:	4d 83       	std	Y+5, r20	; 0x05
    10ca:	15 2f       	mov	r17, r21
    10cc:	5e 83       	std	Y+6, r21	; 0x06
    10ce:	6f 83       	std	Y+7, r22	; 0x07
    10d0:	78 87       	std	Y+8, r23	; 0x08
    10d2:	89 87       	std	Y+9, r24	; 0x09
    10d4:	6e 9a       	sbi	0x0d, 6	; 13
    10d6:	91 30       	cpi	r25, 0x01	; 1
    10d8:	09 f4       	brne	.+2      	; 0x10dc <L0^A+0x2>

000010da <L0^A>:
    10da:	5c c0       	rjmp	.+184    	; 0x1194 <.L19>
    10dc:	08 f4       	brcc	.+2      	; 0x10e0 <.L3>

000010de <L0^A>:
    10de:	40 c0       	rjmp	.+128    	; 0x1160 <.L20>

000010e0 <.L3>:
    10e0:	8a 85       	ldd	r24, Y+10	; 0x0a
    10e2:	81 11       	cpse	r24, r1
    10e4:	1c c0       	rjmp	.+56     	; 0x111e <.L4>
    10e6:	6d 98       	cbi	0x0d, 5	; 13

000010e8 <.L5>:
    10e8:	8b 85       	ldd	r24, Y+11	; 0x0b
    10ea:	81 11       	cpse	r24, r1
    10ec:	1f c0       	rjmp	.+62     	; 0x112c <.L6>

000010ee <.L26>:
    10ee:	6b 98       	cbi	0x0d, 3	; 13

000010f0 <.L7>:
    10f0:	01 30       	cpi	r16, 0x01	; 1
    10f2:	10 f5       	brcc	.+68     	; 0x1138 <.L8>

000010f4 <.L27>:
    10f4:	6a 98       	cbi	0x0d, 2	; 13

000010f6 <.L9>:
    10f6:	11 30       	cpi	r17, 0x01	; 1
    10f8:	19 f1       	breq	.+70     	; 0x1140 <.L21>

000010fa <.L10>:
    10fa:	12 30       	cpi	r17, 0x02	; 2
    10fc:	21 f1       	breq	.+72     	; 0x1146 <.L22>
    10fe:	13 30       	cpi	r17, 0x03	; 3
    1100:	09 f4       	brne	.+2      	; 0x1104 <L0^A+0x2>

00001102 <L0^A>:
    1102:	73 c0       	rjmp	.+230    	; 0x11ea <.L23>
    1104:	14 30       	cpi	r17, 0x04	; 4
    1106:	09 f4       	brne	.+2      	; 0x110a <L0^A+0x2>

00001108 <L0^A>:
    1108:	60 c0       	rjmp	.+192    	; 0x11ca <.L24>
    110a:	15 30       	cpi	r17, 0x05	; 5
    110c:	09 f4       	brne	.+2      	; 0x1110 <L0^A+0x2>

0000110e <L0^A>:
    110e:	60 c0       	rjmp	.+192    	; 0x11d0 <.L25>
    1110:	16 30       	cpi	r17, 0x06	; 6
    1112:	09 f0       	breq	.+2      	; 0x1116 <L0^A+0x2>

00001114 <L0^A>:
    1114:	61 c0       	rjmp	.+194    	; 0x11d8 <.L16>
    1116:	69 98       	cbi	0x0d, 1	; 13
    1118:	68 9a       	sbi	0x0d, 0	; 13
    111a:	70 9a       	sbi	0x0e, 0	; 14
    111c:	16 c0       	rjmp	.+44     	; 0x114a <.L1>

0000111e <.L4>:
    111e:	8a 85       	ldd	r24, Y+10	; 0x0a
    1120:	81 30       	cpi	r24, 0x01	; 1
    1122:	11 f7       	brne	.-60     	; 0x10e8 <.L5>
    1124:	6d 9a       	sbi	0x0d, 5	; 13
    1126:	8b 85       	ldd	r24, Y+11	; 0x0b
    1128:	81 15       	cp	r24, r1
    112a:	09 f3       	breq	.-62     	; 0x10ee <.L26>

0000112c <.L6>:
    112c:	8b 85       	ldd	r24, Y+11	; 0x0b
    112e:	81 30       	cpi	r24, 0x01	; 1
    1130:	f9 f6       	brne	.-66     	; 0x10f0 <.L7>
    1132:	6b 9a       	sbi	0x0d, 3	; 13
    1134:	01 30       	cpi	r16, 0x01	; 1
    1136:	f0 f2       	brcs	.-68     	; 0x10f4 <.L27>

00001138 <.L8>:
    1138:	f1 f6       	brne	.-68     	; 0x10f6 <.L9>
    113a:	6a 9a       	sbi	0x0d, 2	; 13
    113c:	11 30       	cpi	r17, 0x01	; 1
    113e:	e9 f6       	brne	.-70     	; 0x10fa <.L10>

00001140 <.L21>:
    1140:	69 98       	cbi	0x0d, 1	; 13
    1142:	68 98       	cbi	0x0d, 0	; 13
    1144:	02 c0       	rjmp	.+4      	; 0x114a <.L1>

00001146 <.L22>:
    1146:	69 98       	cbi	0x0d, 1	; 13
    1148:	68 9a       	sbi	0x0d, 0	; 13

0000114a <.L1>:
    114a:	2b 96       	adiw	r28, 0x0b	; 11
    114c:	0f b6       	in	r0, 0x3f	; 63
    114e:	f8 94       	cli
    1150:	de bf       	out	0x3e, r29	; 62
    1152:	0f be       	out	0x3f, r0	; 63
    1154:	cd bf       	out	0x3d, r28	; 61
    1156:	df 91       	pop	r29
    1158:	cf 91       	pop	r28
    115a:	1f 91       	pop	r17
    115c:	0f 91       	pop	r16
    115e:	08 95       	ret

00001160 <.L20>:
    1160:	40 e0       	ldi	r20, 0x00	; 0
    1162:	64 e0       	ldi	r22, 0x04	; 4
    1164:	81 e0       	ldi	r24, 0x01	; 1
    1166:	0e 94 89 06 	call	0xd12	; 0xd12 <DIO_WritePin>
    116a:	40 e0       	ldi	r20, 0x00	; 0
    116c:	65 e0       	ldi	r22, 0x05	; 5
    116e:	81 e0       	ldi	r24, 0x01	; 1
    1170:	0e 94 89 06 	call	0xd12	; 0xd12 <DIO_WritePin>
    1174:	41 e0       	ldi	r20, 0x01	; 1
    1176:	66 e0       	ldi	r22, 0x06	; 6
    1178:	81 e0       	ldi	r24, 0x01	; 1
    117a:	0e 94 89 06 	call	0xd12	; 0xd12 <DIO_WritePin>
    117e:	40 e0       	ldi	r20, 0x00	; 0
    1180:	67 e0       	ldi	r22, 0x07	; 7
    1182:	81 e0       	ldi	r24, 0x01	; 1
    1184:	0e 94 89 06 	call	0xd12	; 0xd12 <DIO_WritePin>
    1188:	40 e0       	ldi	r20, 0x00	; 0
    118a:	64 e0       	ldi	r22, 0x04	; 4
    118c:	81 e0       	ldi	r24, 0x01	; 1
    118e:	0e 94 89 06 	call	0xd12	; 0xd12 <DIO_WritePin>
    1192:	a6 cf       	rjmp	.-180    	; 0x10e0 <.L3>

00001194 <.L19>:
    1194:	6c 9a       	sbi	0x0d, 4	; 13
    1196:	41 e0       	ldi	r20, 0x01	; 1
    1198:	64 e0       	ldi	r22, 0x04	; 4
    119a:	81 e0       	ldi	r24, 0x01	; 1
    119c:	0e 94 89 06 	call	0xd12	; 0xd12 <DIO_WritePin>
    11a0:	41 e0       	ldi	r20, 0x01	; 1
    11a2:	65 e0       	ldi	r22, 0x05	; 5
    11a4:	81 e0       	ldi	r24, 0x01	; 1
    11a6:	0e 94 89 06 	call	0xd12	; 0xd12 <DIO_WritePin>
    11aa:	40 e0       	ldi	r20, 0x00	; 0
    11ac:	66 e0       	ldi	r22, 0x06	; 6
    11ae:	81 e0       	ldi	r24, 0x01	; 1
    11b0:	0e 94 89 06 	call	0xd12	; 0xd12 <DIO_WritePin>
    11b4:	41 e0       	ldi	r20, 0x01	; 1
    11b6:	67 e0       	ldi	r22, 0x07	; 7
    11b8:	81 e0       	ldi	r24, 0x01	; 1
    11ba:	0e 94 89 06 	call	0xd12	; 0xd12 <DIO_WritePin>
    11be:	41 e0       	ldi	r20, 0x01	; 1
    11c0:	64 e0       	ldi	r22, 0x04	; 4
    11c2:	81 e0       	ldi	r24, 0x01	; 1
    11c4:	0e 94 89 06 	call	0xd12	; 0xd12 <DIO_WritePin>
    11c8:	8b cf       	rjmp	.-234    	; 0x10e0 <.L3>

000011ca <.L24>:
    11ca:	69 9a       	sbi	0x0d, 1	; 13
    11cc:	68 9a       	sbi	0x0d, 0	; 13
    11ce:	bd cf       	rjmp	.-134    	; 0x114a <.L1>

000011d0 <.L25>:
    11d0:	69 98       	cbi	0x0d, 1	; 13
    11d2:	68 98       	cbi	0x0d, 0	; 13
    11d4:	70 9a       	sbi	0x0e, 0	; 14
    11d6:	b9 cf       	rjmp	.-142    	; 0x114a <.L1>

000011d8 <.L16>:
    11d8:	17 30       	cpi	r17, 0x07	; 7
    11da:	51 f0       	breq	.+20     	; 0x11f0 <.L28>
    11dc:	18 30       	cpi	r17, 0x08	; 8
    11de:	09 f0       	breq	.+2      	; 0x11e2 <L0^A+0x2>

000011e0 <L0^A>:
    11e0:	b4 cf       	rjmp	.-152    	; 0x114a <.L1>
    11e2:	69 9a       	sbi	0x0d, 1	; 13
    11e4:	68 9a       	sbi	0x0d, 0	; 13
    11e6:	70 9a       	sbi	0x0e, 0	; 14
    11e8:	b0 cf       	rjmp	.-160    	; 0x114a <.L1>

000011ea <.L23>:
    11ea:	69 9a       	sbi	0x0d, 1	; 13
    11ec:	68 98       	cbi	0x0d, 0	; 13
    11ee:	ad cf       	rjmp	.-166    	; 0x114a <.L1>

000011f0 <.L28>:
    11f0:	69 9a       	sbi	0x0d, 1	; 13
    11f2:	68 98       	cbi	0x0d, 0	; 13
    11f4:	70 9a       	sbi	0x0e, 0	; 14
    11f6:	a9 cf       	rjmp	.-174    	; 0x114a <.L1>

000011f8 <SPI_EnableInterrupt>:
    11f8:	6f 9a       	sbi	0x0d, 7	; 13
    11fa:	08 95       	ret

000011fc <SPI_DisableInterrupt>:
    11fc:	6f 98       	cbi	0x0d, 7	; 13
    11fe:	08 95       	ret

00001200 <SPI_SendByteAsync>:
    1200:	8f b9       	out	0x0f, r24	; 15
    1202:	80 e0       	ldi	r24, 0x00	; 0
    1204:	08 95       	ret

00001206 <SPI_GetReceivedData>:
    1206:	77 9b       	sbis	0x0e, 7	; 14
    1208:	fe cf       	rjmp	.-4      	; 0x1206 <SPI_GetReceivedData>
    120a:	8f b1       	in	r24, 0x0f	; 15
    120c:	08 95       	ret

0000120e <SPI_SetCallBack>:
    120e:	80 93 e2 00 	sts	0x00E2, r24	; 0x8000e2 <SPI_pvCallBackFunc>
    1212:	90 93 e3 00 	sts	0x00E3, r25	; 0x8000e3 <SPI_pvCallBackFunc+0x1>
    1216:	08 95       	ret

00001218 <__vector_12>:
    1218:	1f 92       	push	r1
    121a:	0f 92       	push	r0
    121c:	0f b6       	in	r0, 0x3f	; 63
    121e:	0f 92       	push	r0
    1220:	11 24       	eor	r1, r1
    1222:	2f 93       	push	r18
    1224:	3f 93       	push	r19
    1226:	4f 93       	push	r20
    1228:	5f 93       	push	r21
    122a:	6f 93       	push	r22
    122c:	7f 93       	push	r23
    122e:	8f 93       	push	r24
    1230:	9f 93       	push	r25
    1232:	af 93       	push	r26
    1234:	bf 93       	push	r27
    1236:	ef 93       	push	r30
    1238:	ff 93       	push	r31
    123a:	e0 91 e2 00 	lds	r30, 0x00E2	; 0x8000e2 <SPI_pvCallBackFunc>
    123e:	f0 91 e3 00 	lds	r31, 0x00E3	; 0x8000e3 <SPI_pvCallBackFunc+0x1>
    1242:	30 97       	sbiw	r30, 0x00	; 0
    1244:	09 f0       	breq	.+2      	; 0x1248 <.L37>
    1246:	09 95       	icall

00001248 <.L37>:
    1248:	ff 91       	pop	r31
    124a:	ef 91       	pop	r30
    124c:	bf 91       	pop	r27
    124e:	af 91       	pop	r26
    1250:	9f 91       	pop	r25
    1252:	8f 91       	pop	r24
    1254:	7f 91       	pop	r23
    1256:	6f 91       	pop	r22
    1258:	5f 91       	pop	r21
    125a:	4f 91       	pop	r20
    125c:	3f 91       	pop	r19
    125e:	2f 91       	pop	r18
    1260:	0f 90       	pop	r0
    1262:	0f be       	out	0x3f, r0	; 63
    1264:	0f 90       	pop	r0
    1266:	1f 90       	pop	r1
    1268:	18 95       	reti

0000126a <SPI_Transfer>:
    126a:	8f b9       	out	0x0f, r24	; 15

0000126c <.L43>:
    126c:	77 9b       	sbis	0x0e, 7	; 14
    126e:	fe cf       	rjmp	.-4      	; 0x126c <.L43>
    1270:	8f b1       	in	r24, 0x0f	; 15
    1272:	08 95       	ret

00001274 <UART_Init>:
    1274:	ef 92       	push	r14
    1276:	ff 92       	push	r15
    1278:	0f 93       	push	r16
    127a:	1f 93       	push	r17
    127c:	cf 93       	push	r28
    127e:	df 93       	push	r29
    1280:	cd b7       	in	r28, 0x3d	; 61
    1282:	de b7       	in	r29, 0x3e	; 62
    1284:	2b 97       	sbiw	r28, 0x0b	; 11
    1286:	0f b6       	in	r0, 0x3f	; 63
    1288:	f8 94       	cli
    128a:	de bf       	out	0x3e, r29	; 62
    128c:	0f be       	out	0x3f, r0	; 63
    128e:	cd bf       	out	0x3d, r28	; 61
    1290:	ae 2d       	mov	r26, r14
    1292:	e9 82       	std	Y+1, r14	; 0x01
    1294:	ff 2d       	mov	r31, r15
    1296:	fa 82       	std	Y+2, r15	; 0x02
    1298:	e0 2f       	mov	r30, r16
    129a:	0b 83       	std	Y+3, r16	; 0x03
    129c:	91 2f       	mov	r25, r17
    129e:	1c 83       	std	Y+4, r17	; 0x04
    12a0:	2d 83       	std	Y+5, r18	; 0x05
    12a2:	3e 83       	std	Y+6, r19	; 0x06
    12a4:	4f 83       	std	Y+7, r20	; 0x07
    12a6:	58 87       	std	Y+8, r21	; 0x08
    12a8:	06 2f       	mov	r16, r22
    12aa:	69 87       	std	Y+9, r22	; 0x09
    12ac:	67 2f       	mov	r22, r23
    12ae:	7a 87       	std	Y+10, r23	; 0x0a
    12b0:	18 2f       	mov	r17, r24
    12b2:	8b 87       	std	Y+11, r24	; 0x0b
    12b4:	2d 81       	ldd	r18, Y+5	; 0x05
    12b6:	3e 81       	ldd	r19, Y+6	; 0x06
    12b8:	4f 81       	ldd	r20, Y+7	; 0x07
    12ba:	58 85       	ldd	r21, Y+8	; 0x08
    12bc:	e0 92 e6 00 	sts	0x00E6, r14	; 0x8000e6 <GlobaleUart_Config>
    12c0:	f0 92 e7 00 	sts	0x00E7, r15	; 0x8000e7 <GlobaleUart_Config+0x1>
    12c4:	e0 93 e8 00 	sts	0x00E8, r30	; 0x8000e8 <GlobaleUart_Config+0x2>
    12c8:	90 93 e9 00 	sts	0x00E9, r25	; 0x8000e9 <GlobaleUart_Config+0x3>
    12cc:	20 93 ea 00 	sts	0x00EA, r18	; 0x8000ea <GlobaleUart_Config+0x4>
    12d0:	30 93 eb 00 	sts	0x00EB, r19	; 0x8000eb <GlobaleUart_Config+0x5>
    12d4:	40 93 ec 00 	sts	0x00EC, r20	; 0x8000ec <GlobaleUart_Config+0x6>
    12d8:	50 93 ed 00 	sts	0x00ED, r21	; 0x8000ed <GlobaleUart_Config+0x7>
    12dc:	00 93 ee 00 	sts	0x00EE, r16	; 0x8000ee <GlobaleUart_Config+0x8>
    12e0:	70 93 ef 00 	sts	0x00EF, r23	; 0x8000ef <GlobaleUart_Config+0x9>
    12e4:	80 93 f0 00 	sts	0x00F0, r24	; 0x8000f0 <GlobaleUart_Config+0xa>
    12e8:	80 ec       	ldi	r24, 0xC0	; 192
    12ea:	a1 30       	cpi	r26, 0x01	; 1
    12ec:	09 f0       	breq	.+2      	; 0x12f0 <.L2>
    12ee:	80 e8       	ldi	r24, 0x80	; 128

000012f0 <.L2>:
    12f0:	e1 30       	cpi	r30, 0x01	; 1
    12f2:	09 f4       	brne	.+2      	; 0x12f6 <L0^A+0x2>

000012f4 <L0^A>:
    12f4:	74 c0       	rjmp	.+232    	; 0x13de <.L35>
    12f6:	e2 30       	cpi	r30, 0x02	; 2
    12f8:	09 f4       	brne	.+2      	; 0x12fc <.L4>

000012fa <L0^A>:
    12fa:	5a c0       	rjmp	.+180    	; 0x13b0 <.L36>

000012fc <.L4>:
    12fc:	f1 30       	cpi	r31, 0x01	; 1
    12fe:	09 f4       	brne	.+2      	; 0x1302 <.L5>

00001300 <L0^A>:
    1300:	5b c0       	rjmp	.+182    	; 0x13b8 <.L37>

00001302 <.L5>:
    1302:	91 30       	cpi	r25, 0x01	; 1
    1304:	58 f0       	brcs	.+22     	; 0x131c <.L6>
    1306:	09 f4       	brne	.+2      	; 0x130a <L0^A+0x2>

00001308 <L0^A>:
    1308:	6f c0       	rjmp	.+222    	; 0x13e8 <.L38>
    130a:	92 30       	cpi	r25, 0x02	; 2
    130c:	09 f4       	brne	.+2      	; 0x1310 <L0^A+0x2>

0000130e <L0^A>:
    130e:	75 c0       	rjmp	.+234    	; 0x13fa <.L39>
    1310:	93 30       	cpi	r25, 0x03	; 3
    1312:	09 f4       	brne	.+2      	; 0x1316 <L0^A+0x2>

00001314 <L0^A>:
    1314:	6b c0       	rjmp	.+214    	; 0x13ec <.L29>
    1316:	97 30       	cpi	r25, 0x07	; 7
    1318:	09 f4       	brne	.+2      	; 0x131c <.L6>

0000131a <L0^A>:
    131a:	68 c0       	rjmp	.+208    	; 0x13ec <.L29>

0000131c <.L6>:
    131c:	80 bd       	out	0x20, r24	; 32
    131e:	61 30       	cpi	r22, 0x01	; 1
    1320:	e8 f5       	brcc	.+122    	; 0x139c <.L10>
    1322:	59 98       	cbi	0x0b, 1	; 11
    1324:	22 0f       	add	r18, r18
    1326:	33 1f       	adc	r19, r19
    1328:	44 1f       	adc	r20, r20
    132a:	55 1f       	adc	r21, r21
    132c:	22 0f       	add	r18, r18
    132e:	33 1f       	adc	r19, r19
    1330:	44 1f       	adc	r20, r20
    1332:	55 1f       	adc	r21, r21
    1334:	22 0f       	add	r18, r18
    1336:	33 1f       	adc	r19, r19
    1338:	44 1f       	adc	r20, r20
    133a:	55 1f       	adc	r21, r21
    133c:	22 0f       	add	r18, r18
    133e:	33 1f       	adc	r19, r19
    1340:	44 1f       	adc	r20, r20
    1342:	55 1f       	adc	r21, r21

00001344 <.L30>:
    1344:	60 e0       	ldi	r22, 0x00	; 0
    1346:	72 e1       	ldi	r23, 0x12	; 18
    1348:	8a e7       	ldi	r24, 0x7A	; 122
    134a:	90 e0       	ldi	r25, 0x00	; 0
    134c:	0e 94 b4 0b 	call	0x1768	; 0x1768 <__udivmodsi4>
    1350:	21 50       	subi	r18, 0x01	; 1
    1352:	31 09       	sbc	r19, r1
    1354:	92 2f       	mov	r25, r18
    1356:	83 2f       	mov	r24, r19

00001358 <.L11>:
    1358:	99 b9       	out	0x09, r25	; 9
    135a:	80 bd       	out	0x20, r24	; 32
    135c:	57 98       	cbi	0x0a, 7	; 10
    135e:	56 98       	cbi	0x0a, 6	; 10
    1360:	55 98       	cbi	0x0a, 5	; 10
    1362:	11 50       	subi	r17, 0x01	; 1
    1364:	17 30       	cpi	r17, 0x07	; 7
    1366:	48 f4       	brcc	.+18     	; 0x137a <.L12>
    1368:	e1 2f       	mov	r30, r17
    136a:	f0 e0       	ldi	r31, 0x00	; 0
    136c:	ea 52       	subi	r30, 0x2A	; 42
    136e:	f1 4f       	sbci	r31, 0xF1	; 241
    1370:	0c 94 d6 0b 	jmp	0x17ac	; 0x17ac <__tablejump2__>

00001374 <.L13>:
    1374:	56 9a       	sbi	0x0a, 6	; 10

00001376 <.L33>:
    1376:	57 9a       	sbi	0x0a, 7	; 10

00001378 <.L32>:
    1378:	55 9a       	sbi	0x0a, 5	; 10

0000137a <.L12>:
    137a:	01 30       	cpi	r16, 0x01	; 1
    137c:	98 f4       	brcc	.+38     	; 0x13a4 <.L21>
    137e:	54 9a       	sbi	0x0a, 4	; 10
    1380:	53 98       	cbi	0x0a, 3	; 10

00001382 <.L1>:
    1382:	2b 96       	adiw	r28, 0x0b	; 11
    1384:	0f b6       	in	r0, 0x3f	; 63
    1386:	f8 94       	cli
    1388:	de bf       	out	0x3e, r29	; 62
    138a:	0f be       	out	0x3f, r0	; 63
    138c:	cd bf       	out	0x3d, r28	; 61
    138e:	df 91       	pop	r29
    1390:	cf 91       	pop	r28
    1392:	1f 91       	pop	r17
    1394:	0f 91       	pop	r16
    1396:	ff 90       	pop	r15
    1398:	ef 90       	pop	r14
    139a:	08 95       	ret

0000139c <.L10>:
    139c:	79 f0       	breq	.+30     	; 0x13bc <.L40>
    139e:	80 e0       	ldi	r24, 0x00	; 0
    13a0:	90 e0       	ldi	r25, 0x00	; 0
    13a2:	da cf       	rjmp	.-76     	; 0x1358 <.L11>

000013a4 <.L21>:
    13a4:	f1 f0       	breq	.+60     	; 0x13e2 <.L41>
    13a6:	02 30       	cpi	r16, 0x02	; 2
    13a8:	61 f7       	brne	.-40     	; 0x1382 <.L1>
    13aa:	54 9a       	sbi	0x0a, 4	; 10
    13ac:	53 9a       	sbi	0x0a, 3	; 10
    13ae:	e9 cf       	rjmp	.-46     	; 0x1382 <.L1>

000013b0 <.L36>:
    13b0:	80 63       	ori	r24, 0x30	; 48
    13b2:	f1 30       	cpi	r31, 0x01	; 1
    13b4:	09 f0       	breq	.+2      	; 0x13b8 <.L37>

000013b6 <L0^A>:
    13b6:	a5 cf       	rjmp	.-182    	; 0x1302 <.L5>

000013b8 <.L37>:
    13b8:	88 60       	ori	r24, 0x08	; 8
    13ba:	a3 cf       	rjmp	.-186    	; 0x1302 <.L5>

000013bc <.L40>:
    13bc:	59 9a       	sbi	0x0b, 1	; 11
    13be:	22 0f       	add	r18, r18
    13c0:	33 1f       	adc	r19, r19
    13c2:	44 1f       	adc	r20, r20
    13c4:	55 1f       	adc	r21, r21
    13c6:	22 0f       	add	r18, r18
    13c8:	33 1f       	adc	r19, r19
    13ca:	44 1f       	adc	r20, r20
    13cc:	55 1f       	adc	r21, r21
    13ce:	22 0f       	add	r18, r18
    13d0:	33 1f       	adc	r19, r19
    13d2:	44 1f       	adc	r20, r20
    13d4:	55 1f       	adc	r21, r21
    13d6:	b6 cf       	rjmp	.-148    	; 0x1344 <.L30>

000013d8 <.L17>:
    13d8:	57 9a       	sbi	0x0a, 7	; 10

000013da <.L31>:
    13da:	56 9a       	sbi	0x0a, 6	; 10
    13dc:	ce cf       	rjmp	.-100    	; 0x137a <.L12>

000013de <.L35>:
    13de:	80 62       	ori	r24, 0x20	; 32
    13e0:	8d cf       	rjmp	.-230    	; 0x12fc <.L4>

000013e2 <.L41>:
    13e2:	53 9a       	sbi	0x0a, 3	; 10
    13e4:	54 98       	cbi	0x0a, 4	; 10
    13e6:	cd cf       	rjmp	.-102    	; 0x1382 <.L1>

000013e8 <.L38>:
    13e8:	82 60       	ori	r24, 0x02	; 2
    13ea:	98 cf       	rjmp	.-208    	; 0x131c <.L6>

000013ec <.L29>:
    13ec:	86 60       	ori	r24, 0x06	; 6
    13ee:	96 cf       	rjmp	.-212    	; 0x131c <.L6>

000013f0 <.L20>:
    13f0:	57 9a       	sbi	0x0a, 7	; 10
    13f2:	c3 cf       	rjmp	.-122    	; 0x137a <.L12>

000013f4 <.L15>:
    13f4:	56 9a       	sbi	0x0a, 6	; 10
    13f6:	55 9a       	sbi	0x0a, 5	; 10
    13f8:	c0 cf       	rjmp	.-128    	; 0x137a <.L12>

000013fa <.L39>:
    13fa:	84 60       	ori	r24, 0x04	; 4
    13fc:	8f cf       	rjmp	.-226    	; 0x131c <.L6>

000013fe <UART_SendBytePolling>:
    13fe:	9c 01       	movw	r18, r24

00001400 <.L43>:
    1400:	5d 9b       	sbis	0x0b, 5	; 11
    1402:	fe cf       	rjmp	.-4      	; 0x1400 <.L43>
    1404:	80 91 e9 00 	lds	r24, 0x00E9	; 0x8000e9 <GlobaleUart_Config+0x3>
    1408:	89 30       	cpi	r24, 0x09	; 9
    140a:	11 f0       	breq	.+4      	; 0x1410 <.L52>

0000140c <.L45>:
    140c:	2c b9       	out	0x0c, r18	; 12
    140e:	08 95       	ret

00001410 <.L52>:
    1410:	50 98       	cbi	0x0a, 0	; 10
    1412:	30 ff       	sbrs	r19, 0
    1414:	fb cf       	rjmp	.-10     	; 0x140c <.L45>
    1416:	50 9a       	sbi	0x0a, 0	; 10
    1418:	2c b9       	out	0x0c, r18	; 12
    141a:	08 95       	ret

0000141c <UART_ReceiveBytePolling>:
    141c:	5f 9b       	sbis	0x0b, 7	; 11
    141e:	fe cf       	rjmp	.-4      	; 0x141c <UART_ReceiveBytePolling>
    1420:	80 91 e9 00 	lds	r24, 0x00E9	; 0x8000e9 <GlobaleUart_Config+0x3>
    1424:	89 30       	cpi	r24, 0x09	; 9
    1426:	09 f4       	brne	.+2      	; 0x142a <.L55>
    1428:	8a b1       	in	r24, 0x0a	; 10

0000142a <.L55>:
    142a:	8c b1       	in	r24, 0x0c	; 12
    142c:	8c b1       	in	r24, 0x0c	; 12
    142e:	90 e0       	ldi	r25, 0x00	; 0
    1430:	08 95       	ret

00001432 <UART_SendStringPolling>:
    1432:	dc 01       	movw	r26, r24
    1434:	9c 91       	ld	r25, X
    1436:	91 15       	cp	r25, r1
    1438:	81 f0       	breq	.+32     	; 0x145a <.L58>
    143a:	20 e0       	ldi	r18, 0x00	; 0
    143c:	80 91 e9 00 	lds	r24, 0x00E9	; 0x8000e9 <GlobaleUart_Config+0x3>

00001440 <.L60>:
    1440:	5d 9b       	sbis	0x0b, 5	; 11
    1442:	fe cf       	rjmp	.-4      	; 0x1440 <.L60>
    1444:	89 30       	cpi	r24, 0x09	; 9
    1446:	09 f4       	brne	.+2      	; 0x144a <.L61>
    1448:	50 98       	cbi	0x0a, 0	; 10

0000144a <.L61>:
    144a:	9c b9       	out	0x0c, r25	; 12
    144c:	2f 5f       	subi	r18, 0xFF	; 255
    144e:	fd 01       	movw	r30, r26
    1450:	e2 0f       	add	r30, r18
    1452:	f1 1d       	adc	r31, r1
    1454:	90 81       	ld	r25, Z
    1456:	91 11       	cpse	r25, r1
    1458:	f3 cf       	rjmp	.-26     	; 0x1440 <.L60>

0000145a <.L58>:
    145a:	08 95       	ret

0000145c <UART_ReceiveStringPolling>:
    145c:	dc 01       	movw	r26, r24
    145e:	89 2b       	or	r24, r25
    1460:	d9 f0       	breq	.+54     	; 0x1498 <.L69>

00001462 <.L71>:
    1462:	5f 9b       	sbis	0x0b, 7	; 11
    1464:	fe cf       	rjmp	.-4      	; 0x1462 <.L71>
    1466:	80 91 e9 00 	lds	r24, 0x00E9	; 0x8000e9 <GlobaleUart_Config+0x3>
    146a:	89 30       	cpi	r24, 0x09	; 9
    146c:	b1 f0       	breq	.+44     	; 0x149a <.L86>
    146e:	9c b1       	in	r25, 0x0c	; 12
    1470:	9c b1       	in	r25, 0x0c	; 12
    1472:	9c 93       	st	X, r25
    1474:	69 17       	cp	r22, r25
    1476:	b9 f0       	breq	.+46     	; 0x14a6 <.L77>

00001478 <.L87>:
    1478:	90 e0       	ldi	r25, 0x00	; 0

0000147a <.L76>:
    147a:	9f 5f       	subi	r25, 0xFF	; 255

0000147c <.L74>:
    147c:	5f 9b       	sbis	0x0b, 7	; 11
    147e:	fe cf       	rjmp	.-4      	; 0x147c <.L74>
    1480:	89 30       	cpi	r24, 0x09	; 9
    1482:	09 f4       	brne	.+2      	; 0x1486 <.L75>
    1484:	2a b1       	in	r18, 0x0a	; 10

00001486 <.L75>:
    1486:	2c b1       	in	r18, 0x0c	; 12
    1488:	2c b1       	in	r18, 0x0c	; 12
    148a:	fd 01       	movw	r30, r26
    148c:	e9 0f       	add	r30, r25
    148e:	f1 1d       	adc	r31, r1
    1490:	20 83       	st	Z, r18
    1492:	62 13       	cpse	r22, r18
    1494:	f2 cf       	rjmp	.-28     	; 0x147a <.L76>
    1496:	10 82       	st	Z, r1

00001498 <.L69>:
    1498:	08 95       	ret

0000149a <.L86>:
    149a:	9a b1       	in	r25, 0x0a	; 10
    149c:	9c b1       	in	r25, 0x0c	; 12
    149e:	9c b1       	in	r25, 0x0c	; 12
    14a0:	9c 93       	st	X, r25
    14a2:	69 13       	cpse	r22, r25
    14a4:	e9 cf       	rjmp	.-46     	; 0x1478 <.L87>

000014a6 <.L77>:
    14a6:	fd 01       	movw	r30, r26
    14a8:	10 82       	st	Z, r1
    14aa:	08 95       	ret

000014ac <UART_SendBufferPolling>:
    14ac:	61 15       	cp	r22, r1
    14ae:	71 05       	cpc	r23, r1
    14b0:	79 f0       	breq	.+30     	; 0x14d0 <.L88>
    14b2:	fc 01       	movw	r30, r24
    14b4:	68 0f       	add	r22, r24
    14b6:	79 1f       	adc	r23, r25
    14b8:	90 91 e9 00 	lds	r25, 0x00E9	; 0x8000e9 <GlobaleUart_Config+0x3>

000014bc <.L92>:
    14bc:	81 91       	ld	r24, Z+

000014be <.L90>:
    14be:	5d 9b       	sbis	0x0b, 5	; 11
    14c0:	fe cf       	rjmp	.-4      	; 0x14be <.L90>
    14c2:	99 30       	cpi	r25, 0x09	; 9
    14c4:	09 f4       	brne	.+2      	; 0x14c8 <.L91>
    14c6:	50 98       	cbi	0x0a, 0	; 10

000014c8 <.L91>:
    14c8:	8c b9       	out	0x0c, r24	; 12
    14ca:	e6 17       	cp	r30, r22
    14cc:	f7 07       	cpc	r31, r23
    14ce:	b1 f7       	brne	.-20     	; 0x14bc <.L92>

000014d0 <.L88>:
    14d0:	08 95       	ret

000014d2 <UART_ReceiveByteInterrupt>:
    14d2:	dc 01       	movw	r26, r24
    14d4:	90 91 e4 00 	lds	r25, 0x00E4	; 0x8000e4 <RX_rear>
    14d8:	20 91 e5 00 	lds	r18, 0x00E5	; 0x8000e5 <RX_front>
    14dc:	29 17       	cp	r18, r25
    14de:	a9 f0       	breq	.+42     	; 0x150a <.L103>
    14e0:	e9 2f       	mov	r30, r25
    14e2:	f0 e0       	ldi	r31, 0x00	; 0
    14e4:	ee 0f       	add	r30, r30
    14e6:	ff 1f       	adc	r31, r31
    14e8:	eb 50       	subi	r30, 0x0B	; 11
    14ea:	ff 4f       	sbci	r31, 0xFF	; 255
    14ec:	20 81       	ld	r18, Z
    14ee:	31 81       	ldd	r19, Z+1	; 0x01
    14f0:	2d 93       	st	X+, r18
    14f2:	3d 93       	st	X+, r19
    14f4:	9f 5f       	subi	r25, 0xFF	; 255
    14f6:	90 34       	cpi	r25, 0x40	; 64
    14f8:	20 f4       	brcc	.+8      	; 0x1502 <.L101>
    14fa:	90 93 e4 00 	sts	0x00E4, r25	; 0x8000e4 <RX_rear>
    14fe:	81 e0       	ldi	r24, 0x01	; 1
    1500:	08 95       	ret

00001502 <.L101>:
    1502:	10 92 e4 00 	sts	0x00E4, r1	; 0x8000e4 <RX_rear>
    1506:	81 e0       	ldi	r24, 0x01	; 1
    1508:	08 95       	ret

0000150a <.L103>:
    150a:	80 e0       	ldi	r24, 0x00	; 0
    150c:	08 95       	ret

0000150e <UART_EnableRX>:
    150e:	54 9a       	sbi	0x0a, 4	; 10
    1510:	08 95       	ret

00001512 <UART_EnableTX>:
    1512:	53 9a       	sbi	0x0a, 3	; 10
    1514:	08 95       	ret

00001516 <UART_DisableRX>:
    1516:	54 98       	cbi	0x0a, 4	; 10
    1518:	08 95       	ret

0000151a <UART_DisableTX>:
    151a:	53 98       	cbi	0x0a, 3	; 10
    151c:	08 95       	ret

0000151e <UART_SendByteInterrupt>:
    151e:	08 95       	ret

00001520 <UART_EnableRXInterrupt>:
    1520:	57 9a       	sbi	0x0a, 7	; 10
    1522:	08 95       	ret

00001524 <UART_EnableTXInterrupt>:
    1524:	56 9a       	sbi	0x0a, 6	; 10
    1526:	08 95       	ret

00001528 <UART_EnableREInterrupt>:
    1528:	55 9a       	sbi	0x0a, 5	; 10
    152a:	08 95       	ret

0000152c <UART_DisableRXInterrupt>:
    152c:	57 98       	cbi	0x0a, 7	; 10
    152e:	08 95       	ret

00001530 <UART_DisableTXInterrupt>:
    1530:	56 98       	cbi	0x0a, 6	; 10
    1532:	08 95       	ret

00001534 <UART_DisableREInterrupt>:
    1534:	55 98       	cbi	0x0a, 5	; 10
    1536:	08 95       	ret

00001538 <UART_SetRXCallback>:
    1538:	08 95       	ret

0000153a <UART_SetTXCallback>:
    153a:	00 97       	sbiw	r24, 0x00	; 0
    153c:	21 f0       	breq	.+8      	; 0x1546 <.L116>
    153e:	80 93 f3 00 	sts	0x00F3, r24	; 0x8000f3 <PF_UartTX>
    1542:	90 93 f4 00 	sts	0x00F4, r25	; 0x8000f4 <PF_UartTX+0x1>

00001546 <.L116>:
    1546:	08 95       	ret

00001548 <UART_SetRECallback>:
    1548:	00 97       	sbiw	r24, 0x00	; 0
    154a:	21 f0       	breq	.+8      	; 0x1554 <.L121>
    154c:	80 93 f1 00 	sts	0x00F1, r24	; 0x8000f1 <PF_UartRE>
    1550:	90 93 f2 00 	sts	0x00F2, r25	; 0x8000f2 <PF_UartRE+0x1>

00001554 <.L121>:
    1554:	08 95       	ret

00001556 <__vector_13>:
    1556:	2f 93       	push	r18
    1558:	2f b7       	in	r18, 0x3f	; 63
    155a:	2f 93       	push	r18
    155c:	3f 93       	push	r19
    155e:	8f 93       	push	r24
    1560:	9f 93       	push	r25
    1562:	ef 93       	push	r30
    1564:	ff 93       	push	r31
    1566:	80 91 e9 00 	lds	r24, 0x00E9	; 0x8000e9 <GlobaleUart_Config+0x3>
    156a:	87 30       	cpi	r24, 0x07	; 7
    156c:	d9 f0       	breq	.+54     	; 0x15a4 <.L132>
    156e:	2c b1       	in	r18, 0x0c	; 12
    1570:	30 e0       	ldi	r19, 0x00	; 0

00001572 <.L128>:
    1572:	80 91 e5 00 	lds	r24, 0x00E5	; 0x8000e5 <RX_front>
    1576:	e8 2f       	mov	r30, r24
    1578:	f0 e0       	ldi	r31, 0x00	; 0
    157a:	8f 5f       	subi	r24, 0xFF	; 255
    157c:	80 34       	cpi	r24, 0x40	; 64
    157e:	08 f0       	brcs	.+2      	; 0x1582 <.L129>
    1580:	80 e0       	ldi	r24, 0x00	; 0

00001582 <.L129>:
    1582:	ee 0f       	add	r30, r30
    1584:	ff 1f       	adc	r31, r31
    1586:	eb 50       	subi	r30, 0x0B	; 11
    1588:	ff 4f       	sbci	r31, 0xFF	; 255
    158a:	20 83       	st	Z, r18
    158c:	31 83       	std	Z+1, r19	; 0x01
    158e:	80 93 e5 00 	sts	0x00E5, r24	; 0x8000e5 <RX_front>
    1592:	ff 91       	pop	r31
    1594:	ef 91       	pop	r30
    1596:	9f 91       	pop	r25
    1598:	8f 91       	pop	r24
    159a:	3f 91       	pop	r19
    159c:	2f 91       	pop	r18
    159e:	2f bf       	out	0x3f, r18	; 63
    15a0:	2f 91       	pop	r18
    15a2:	18 95       	reti

000015a4 <.L132>:
    15a4:	8a b1       	in	r24, 0x0a	; 10
    15a6:	86 95       	lsr	r24
    15a8:	2c b1       	in	r18, 0x0c	; 12
    15aa:	30 e0       	ldi	r19, 0x00	; 0
    15ac:	80 ff       	sbrs	r24, 0
    15ae:	e1 cf       	rjmp	.-62     	; 0x1572 <.L128>
    15b0:	31 e0       	ldi	r19, 0x01	; 1
    15b2:	df cf       	rjmp	.-66     	; 0x1572 <.L128>

000015b4 <__vector_15>:
    15b4:	1f 92       	push	r1
    15b6:	0f 92       	push	r0
    15b8:	0f b6       	in	r0, 0x3f	; 63
    15ba:	0f 92       	push	r0
    15bc:	11 24       	eor	r1, r1
    15be:	2f 93       	push	r18
    15c0:	3f 93       	push	r19
    15c2:	4f 93       	push	r20
    15c4:	5f 93       	push	r21
    15c6:	6f 93       	push	r22
    15c8:	7f 93       	push	r23
    15ca:	8f 93       	push	r24
    15cc:	9f 93       	push	r25
    15ce:	af 93       	push	r26
    15d0:	bf 93       	push	r27
    15d2:	ef 93       	push	r30
    15d4:	ff 93       	push	r31
    15d6:	e0 91 f3 00 	lds	r30, 0x00F3	; 0x8000f3 <PF_UartTX>
    15da:	f0 91 f4 00 	lds	r31, 0x00F4	; 0x8000f4 <PF_UartTX+0x1>
    15de:	30 97       	sbiw	r30, 0x00	; 0
    15e0:	09 f0       	breq	.+2      	; 0x15e4 <.L133>
    15e2:	09 95       	icall

000015e4 <.L133>:
    15e4:	ff 91       	pop	r31
    15e6:	ef 91       	pop	r30
    15e8:	bf 91       	pop	r27
    15ea:	af 91       	pop	r26
    15ec:	9f 91       	pop	r25
    15ee:	8f 91       	pop	r24
    15f0:	7f 91       	pop	r23
    15f2:	6f 91       	pop	r22
    15f4:	5f 91       	pop	r21
    15f6:	4f 91       	pop	r20
    15f8:	3f 91       	pop	r19
    15fa:	2f 91       	pop	r18
    15fc:	0f 90       	pop	r0
    15fe:	0f be       	out	0x3f, r0	; 63
    1600:	0f 90       	pop	r0
    1602:	1f 90       	pop	r1
    1604:	18 95       	reti

00001606 <__vector_14>:
    1606:	1f 92       	push	r1
    1608:	0f 92       	push	r0
    160a:	0f b6       	in	r0, 0x3f	; 63
    160c:	0f 92       	push	r0
    160e:	11 24       	eor	r1, r1
    1610:	2f 93       	push	r18
    1612:	3f 93       	push	r19
    1614:	4f 93       	push	r20
    1616:	5f 93       	push	r21
    1618:	6f 93       	push	r22
    161a:	7f 93       	push	r23
    161c:	8f 93       	push	r24
    161e:	9f 93       	push	r25
    1620:	af 93       	push	r26
    1622:	bf 93       	push	r27
    1624:	ef 93       	push	r30
    1626:	ff 93       	push	r31
    1628:	e0 91 f1 00 	lds	r30, 0x00F1	; 0x8000f1 <PF_UartRE>
    162c:	f0 91 f2 00 	lds	r31, 0x00F2	; 0x8000f2 <PF_UartRE+0x1>
    1630:	30 97       	sbiw	r30, 0x00	; 0
    1632:	09 f0       	breq	.+2      	; 0x1636 <.L138>
    1634:	09 95       	icall

00001636 <.L138>:
    1636:	ff 91       	pop	r31
    1638:	ef 91       	pop	r30
    163a:	bf 91       	pop	r27
    163c:	af 91       	pop	r26
    163e:	9f 91       	pop	r25
    1640:	8f 91       	pop	r24
    1642:	7f 91       	pop	r23
    1644:	6f 91       	pop	r22
    1646:	5f 91       	pop	r21
    1648:	4f 91       	pop	r20
    164a:	3f 91       	pop	r19
    164c:	2f 91       	pop	r18
    164e:	0f 90       	pop	r0
    1650:	0f be       	out	0x3f, r0	; 63
    1652:	0f 90       	pop	r0
    1654:	1f 90       	pop	r1
    1656:	18 95       	reti

00001658 <main>:
    1658:	cd b7       	in	r28, 0x3d	; 61
    165a:	de b7       	in	r29, 0x3e	; 62
    165c:	6c 97       	sbiw	r28, 0x1c	; 28
    165e:	0f b6       	in	r0, 0x3f	; 63
    1660:	f8 94       	cli
    1662:	de bf       	out	0x3e, r29	; 62
    1664:	0f be       	out	0x3f, r0	; 63
    1666:	cd bf       	out	0x3d, r28	; 61
    1668:	fe 01       	movw	r30, r28
    166a:	3f 96       	adiw	r30, 0x0f	; 15
    166c:	86 e0       	ldi	r24, 0x06	; 6
    166e:	df 01       	movw	r26, r30

00001670 <.L0^B1>:
    1670:	1d 92       	st	X+, r1
    1672:	8a 95       	dec	r24
    1674:	e9 f7       	brne	.-6      	; 0x1670 <.L0^B1>
    1676:	81 e0       	ldi	r24, 0x01	; 1
    1678:	8c 87       	std	Y+12, r24	; 0x0c
    167a:	98 e0       	ldi	r25, 0x08	; 8
    167c:	9d 87       	std	Y+13, r25	; 0x0d
    167e:	8e 87       	std	Y+14, r24	; 0x0e
    1680:	82 e0       	ldi	r24, 0x02	; 2
    1682:	89 8b       	std	Y+17, r24	; 0x11
    1684:	8b e0       	ldi	r24, 0x0B	; 11
    1686:	e0 e8       	ldi	r30, 0x80	; 128
    1688:	f0 e0       	ldi	r31, 0x00	; 0
    168a:	de 01       	movw	r26, r28
    168c:	11 96       	adiw	r26, 0x01	; 1

0000168e <.L0^B2>:
    168e:	01 90       	ld	r0, Z+
    1690:	0d 92       	st	X+, r0
    1692:	8a 95       	dec	r24
    1694:	e1 f7       	brne	.-8      	; 0x168e <.L0^B2>
    1696:	0e 94 2a 03 	call	0x654	; 0x654 <RFID_Init>
    169a:	0c 85       	ldd	r16, Y+12	; 0x0c
    169c:	1d 85       	ldd	r17, Y+13	; 0x0d
    169e:	2e 85       	ldd	r18, Y+14	; 0x0e
    16a0:	3f 85       	ldd	r19, Y+15	; 0x0f
    16a2:	48 89       	ldd	r20, Y+16	; 0x10
    16a4:	59 89       	ldd	r21, Y+17	; 0x11
    16a6:	6a 89       	ldd	r22, Y+18	; 0x12
    16a8:	7b 89       	ldd	r23, Y+19	; 0x13
    16aa:	8c 89       	ldd	r24, Y+20	; 0x14
    16ac:	0e 94 50 08 	call	0x10a0	; 0x10a0 <SPI_Init>
    16b0:	e9 80       	ldd	r14, Y+1	; 0x01
    16b2:	fa 80       	ldd	r15, Y+2	; 0x02
    16b4:	0b 81       	ldd	r16, Y+3	; 0x03
    16b6:	1c 81       	ldd	r17, Y+4	; 0x04
    16b8:	2d 81       	ldd	r18, Y+5	; 0x05
    16ba:	3e 81       	ldd	r19, Y+6	; 0x06
    16bc:	4f 81       	ldd	r20, Y+7	; 0x07
    16be:	58 85       	ldd	r21, Y+8	; 0x08
    16c0:	69 85       	ldd	r22, Y+9	; 0x09
    16c2:	7a 85       	ldd	r23, Y+10	; 0x0a
    16c4:	8b 85       	ldd	r24, Y+11	; 0x0b
    16c6:	0e 94 3a 09 	call	0x1274	; 0x1274 <UART_Init>
    16ca:	8f e8       	ldi	r24, 0x8F	; 143
    16cc:	90 e0       	ldi	r25, 0x00	; 0
    16ce:	0e 94 19 0a 	call	0x1432	; 0x1432 <UART_SendStringPolling>
    16d2:	7e 01       	movw	r14, r28
    16d4:	ba e1       	ldi	r27, 0x1A	; 26
    16d6:	eb 0e       	add	r14, r27
    16d8:	f1 1c       	adc	r15, r1
    16da:	8e ea       	ldi	r24, 0xAE	; 174
    16dc:	c8 2e       	mov	r12, r24
    16de:	80 e0       	ldi	r24, 0x00	; 0
    16e0:	d8 2e       	mov	r13, r24
    16e2:	ce 01       	movw	r24, r28
    16e4:	45 96       	adiw	r24, 0x15	; 21
    16e6:	0e 94 38 04 	call	0x870	; 0x870 <RFID_GetUID>
    16ea:	b8 2e       	mov	r11, r24
    16ec:	81 15       	cp	r24, r1
    16ee:	b9 f1       	breq	.+110    	; 0x175e <.L2>

000016f0 <.L8>:
    16f0:	88 ea       	ldi	r24, 0xA8	; 168
    16f2:	90 e0       	ldi	r25, 0x00	; 0
    16f4:	0e 94 19 0a 	call	0x1432	; 0x1432 <UART_SendStringPolling>
    16f8:	8e 01       	movw	r16, r28
    16fa:	0b 5e       	subi	r16, 0xEB	; 235
    16fc:	1f 4f       	sbci	r17, 0xFF	; 255
    16fe:	fe 01       	movw	r30, r28
    1700:	75 96       	adiw	r30, 0x15	; 21
    1702:	eb 0d       	add	r30, r11
    1704:	f1 1d       	adc	r31, r1
    1706:	5f 01       	movw	r10, r30

00001708 <.L3>:
    1708:	d8 01       	movw	r26, r16
    170a:	8d 91       	ld	r24, X+
    170c:	8d 01       	movw	r16, r26
    170e:	1f 92       	push	r1
    1710:	8f 93       	push	r24
    1712:	df 92       	push	r13
    1714:	cf 92       	push	r12
    1716:	ff 92       	push	r15
    1718:	ef 92       	push	r14
    171a:	0e 94 dc 0b 	call	0x17b8	; 0x17b8 <sprintf>
    171e:	c7 01       	movw	r24, r14
    1720:	0e 94 19 0a 	call	0x1432	; 0x1432 <UART_SendStringPolling>
    1724:	0f 90       	pop	r0
    1726:	0f 90       	pop	r0
    1728:	0f 90       	pop	r0
    172a:	0f 90       	pop	r0
    172c:	0f 90       	pop	r0
    172e:	0f 90       	pop	r0
    1730:	0a 15       	cp	r16, r10
    1732:	1b 05       	cpc	r17, r11
    1734:	49 f7       	brne	.-46     	; 0x1708 <.L3>

00001736 <.L4>:
    1736:	bf ef       	ldi	r27, 0xFF	; 255
    1738:	e9 e6       	ldi	r30, 0x69	; 105
    173a:	f8 e1       	ldi	r31, 0x18	; 24

0000173c <.L1^B1>:
    173c:	b1 50       	subi	r27, 0x01	; 1
    173e:	e0 40       	sbci	r30, 0x00	; 0
    1740:	f0 40       	sbci	r31, 0x00	; 0
    1742:	e1 f7       	brne	.-8      	; 0x173c <.L1^B1>
    1744:	00 c0       	rjmp	.+0      	; 0x1746 <L0^A>

00001746 <L0^A>:
    1746:	00 00       	nop
    1748:	85 ec       	ldi	r24, 0xC5	; 197
    174a:	90 e0       	ldi	r25, 0x00	; 0
    174c:	0e 94 19 0a 	call	0x1432	; 0x1432 <UART_SendStringPolling>
    1750:	ce 01       	movw	r24, r28
    1752:	45 96       	adiw	r24, 0x15	; 21
    1754:	0e 94 38 04 	call	0x870	; 0x870 <RFID_GetUID>
    1758:	b8 2e       	mov	r11, r24
    175a:	81 11       	cpse	r24, r1
    175c:	c9 cf       	rjmp	.-110    	; 0x16f0 <.L8>

0000175e <.L2>:
    175e:	83 eb       	ldi	r24, 0xB3	; 179
    1760:	90 e0       	ldi	r25, 0x00	; 0
    1762:	0e 94 19 0a 	call	0x1432	; 0x1432 <UART_SendStringPolling>
    1766:	e7 cf       	rjmp	.-50     	; 0x1736 <.L4>

00001768 <__udivmodsi4>:
    1768:	a1 e2       	ldi	r26, 0x21	; 33

0000176a <.Loc.1>:
    176a:	1a 2e       	mov	r1, r26

0000176c <.Loc.2>:
    176c:	aa 1b       	sub	r26, r26

0000176e <.Loc.3>:
    176e:	bb 1b       	sub	r27, r27

00001770 <.Loc.4>:
    1770:	fd 01       	movw	r30, r26

00001772 <.Loc.5>:
    1772:	0d c0       	rjmp	.+26     	; 0x178e <__udivmodsi4_ep>

00001774 <__udivmodsi4_loop>:
    1774:	aa 1f       	adc	r26, r26

00001776 <.Loc.7>:
    1776:	bb 1f       	adc	r27, r27

00001778 <.Loc.8>:
    1778:	ee 1f       	adc	r30, r30

0000177a <.Loc.9>:
    177a:	ff 1f       	adc	r31, r31

0000177c <.Loc.10>:
    177c:	a2 17       	cp	r26, r18

0000177e <.Loc.11>:
    177e:	b3 07       	cpc	r27, r19

00001780 <.Loc.12>:
    1780:	e4 07       	cpc	r30, r20

00001782 <.Loc.13>:
    1782:	f5 07       	cpc	r31, r21

00001784 <.Loc.14>:
    1784:	20 f0       	brcs	.+8      	; 0x178e <__udivmodsi4_ep>

00001786 <.Loc.15>:
    1786:	a2 1b       	sub	r26, r18

00001788 <.Loc.16>:
    1788:	b3 0b       	sbc	r27, r19

0000178a <.Loc.17>:
    178a:	e4 0b       	sbc	r30, r20

0000178c <.Loc.18>:
    178c:	f5 0b       	sbc	r31, r21

0000178e <__udivmodsi4_ep>:
    178e:	66 1f       	adc	r22, r22

00001790 <.Loc.20>:
    1790:	77 1f       	adc	r23, r23

00001792 <.Loc.21>:
    1792:	88 1f       	adc	r24, r24

00001794 <.Loc.22>:
    1794:	99 1f       	adc	r25, r25

00001796 <.Loc.23>:
    1796:	1a 94       	dec	r1

00001798 <.Loc.24>:
    1798:	69 f7       	brne	.-38     	; 0x1774 <__udivmodsi4_loop>

0000179a <.Loc.25>:
    179a:	60 95       	com	r22

0000179c <.Loc.26>:
    179c:	70 95       	com	r23

0000179e <.Loc.27>:
    179e:	80 95       	com	r24

000017a0 <.Loc.28>:
    17a0:	90 95       	com	r25

000017a2 <.Loc.29>:
    17a2:	9b 01       	movw	r18, r22

000017a4 <.Loc.30>:
    17a4:	ac 01       	movw	r20, r24

000017a6 <.Loc.31>:
    17a6:	bd 01       	movw	r22, r26

000017a8 <.Loc.32>:
    17a8:	cf 01       	movw	r24, r30

000017aa <.Loc.33>:
    17aa:	08 95       	ret

000017ac <__tablejump2__>:
    17ac:	ee 0f       	add	r30, r30

000017ae <.Loc.1>:
    17ae:	ff 1f       	adc	r31, r31

000017b0 <.Loc.2>:
    17b0:	05 90       	lpm	r0, Z+

000017b2 <.Loc.3>:
    17b2:	f4 91       	lpm	r31, Z

000017b4 <.Loc.4>:
    17b4:	e0 2d       	mov	r30, r0

000017b6 <.Loc.5>:
    17b6:	09 94       	ijmp

000017b8 <sprintf>:
    17b8:	ae e0       	ldi	r26, 0x0E	; 14
    17ba:	b0 e0       	ldi	r27, 0x00	; 0
    17bc:	e2 ee       	ldi	r30, 0xE2	; 226
    17be:	fb e0       	ldi	r31, 0x0B	; 11
    17c0:	0c 94 ad 0e 	jmp	0x1d5a	; 0x1d5a <.Loc.16>

000017c4 <.L1^B1>:
    17c4:	86 e0       	ldi	r24, 0x06	; 6
    17c6:	8c 83       	std	Y+4, r24	; 0x04
    17c8:	2b 89       	ldd	r18, Y+19	; 0x13
    17ca:	3c 89       	ldd	r19, Y+20	; 0x14
    17cc:	29 83       	std	Y+1, r18	; 0x01
    17ce:	3a 83       	std	Y+2, r19	; 0x02
    17d0:	8f ef       	ldi	r24, 0xFF	; 255
    17d2:	9f e7       	ldi	r25, 0x7F	; 127
    17d4:	8d 83       	std	Y+5, r24	; 0x05
    17d6:	9e 83       	std	Y+6, r25	; 0x06
    17d8:	ae 01       	movw	r20, r28
    17da:	49 5e       	subi	r20, 0xE9	; 233
    17dc:	5f 4f       	sbci	r21, 0xFF	; 255
    17de:	6d 89       	ldd	r22, Y+21	; 0x15
    17e0:	7e 89       	ldd	r23, Y+22	; 0x16
    17e2:	ce 01       	movw	r24, r28
    17e4:	01 96       	adiw	r24, 0x01	; 1
    17e6:	0e 94 00 0c 	call	0x1800	; 0x1800 <vfprintf>
    17ea:	ef 81       	ldd	r30, Y+7	; 0x07
    17ec:	f8 85       	ldd	r31, Y+8	; 0x08
    17ee:	2b 89       	ldd	r18, Y+19	; 0x13
    17f0:	3c 89       	ldd	r19, Y+20	; 0x14
    17f2:	e2 0f       	add	r30, r18
    17f4:	f3 1f       	adc	r31, r19
    17f6:	10 82       	st	Z, r1
    17f8:	2e 96       	adiw	r28, 0x0e	; 14
    17fa:	e2 e0       	ldi	r30, 0x02	; 2
    17fc:	0c 94 c9 0e 	jmp	0x1d92	; 0x1d92 <.Loc.16>

00001800 <vfprintf>:
    1800:	ab e0       	ldi	r26, 0x0B	; 11
    1802:	b0 e0       	ldi	r27, 0x00	; 0
    1804:	e6 e0       	ldi	r30, 0x06	; 6
    1806:	fc e0       	ldi	r31, 0x0C	; 12
    1808:	0c 94 a0 0e 	jmp	0x1d40	; 0x1d40 <.Loc.3>

0000180c <.L1^B1>:
    180c:	6c 01       	movw	r12, r24
    180e:	7b 01       	movw	r14, r22
    1810:	8a 01       	movw	r16, r20
    1812:	fc 01       	movw	r30, r24
    1814:	16 82       	std	Z+6, r1	; 0x06
    1816:	17 82       	std	Z+7, r1	; 0x07
    1818:	83 81       	ldd	r24, Z+3	; 0x03
    181a:	81 ff       	sbrs	r24, 1
    181c:	df c1       	rjmp	.+958    	; 0x1bdc <.L80>
    181e:	3a e0       	ldi	r19, 0x0A	; 10
    1820:	53 2e       	mov	r5, r19

00001822 <.L3>:
    1822:	f6 01       	movw	r30, r12
    1824:	23 81       	ldd	r18, Z+3	; 0x03
    1826:	f7 01       	movw	r30, r14
    1828:	23 fd       	sbrc	r18, 3
    182a:	85 91       	lpm	r24, Z+
    182c:	23 ff       	sbrs	r18, 3
    182e:	81 91       	ld	r24, Z+
    1830:	7f 01       	movw	r14, r30
    1832:	81 15       	cp	r24, r1
    1834:	09 f4       	brne	.+2      	; 0x1838 <L0^A+0x2>

00001836 <L0^A>:
    1836:	37 c1       	rjmp	.+622    	; 0x1aa6 <.L4>
    1838:	85 32       	cpi	r24, 0x25	; 37
    183a:	39 f4       	brne	.+14     	; 0x184a <.L5>
    183c:	23 fd       	sbrc	r18, 3
    183e:	95 91       	lpm	r25, Z+
    1840:	23 ff       	sbrs	r18, 3
    1842:	91 91       	ld	r25, Z+
    1844:	7f 01       	movw	r14, r30
    1846:	95 32       	cpi	r25, 0x25	; 37
    1848:	29 f4       	brne	.+10     	; 0x1854 <.L81>

0000184a <.L5>:
    184a:	b6 01       	movw	r22, r12
    184c:	90 e0       	ldi	r25, 0x00	; 0
    184e:	0e 94 07 0e 	call	0x1c0e	; 0x1c0e <fputc>
    1852:	e7 cf       	rjmp	.-50     	; 0x1822 <.L3>

00001854 <.L81>:
    1854:	30 e0       	ldi	r19, 0x00	; 0
    1856:	91 2c       	mov	r9, r1
    1858:	61 2c       	mov	r6, r1
    185a:	71 2c       	mov	r7, r1

0000185c <.L6>:
    185c:	f0 e2       	ldi	r31, 0x20	; 32
    185e:	7f 16       	cp	r7, r31
    1860:	40 f5       	brcc	.+80     	; 0x18b2 <.L8>
    1862:	9b 32       	cpi	r25, 0x2B	; 43
    1864:	d9 f0       	breq	.+54     	; 0x189c <.L9>
    1866:	58 f4       	brcc	.+22     	; 0x187e <.L10>
    1868:	90 32       	cpi	r25, 0x20	; 32
    186a:	d1 f0       	breq	.+52     	; 0x18a0 <.L11>
    186c:	93 32       	cpi	r25, 0x23	; 35
    186e:	f1 f0       	breq	.+60     	; 0x18ac <.L12>

00001870 <.L13>:
    1870:	9e 32       	cpi	r25, 0x2E	; 46
    1872:	91 f5       	brne	.+100    	; 0x18d8 <.L19>
    1874:	76 fc       	sbrc	r7, 6
    1876:	17 c1       	rjmp	.+558    	; 0x1aa6 <.L4>
    1878:	68 94       	set
    187a:	76 f8       	bld	r7, 6
    187c:	06 c0       	rjmp	.+12     	; 0x188a <.L16>

0000187e <.L10>:
    187e:	9d 32       	cpi	r25, 0x2D	; 45
    1880:	91 f0       	breq	.+36     	; 0x18a6 <.L14>
    1882:	90 33       	cpi	r25, 0x30	; 48
    1884:	c1 f4       	brne	.+48     	; 0x18b6 <.L15>
    1886:	68 94       	set
    1888:	70 f8       	bld	r7, 0

0000188a <.L16>:
    188a:	f7 01       	movw	r30, r14
    188c:	23 fd       	sbrc	r18, 3
    188e:	95 91       	lpm	r25, Z+
    1890:	23 ff       	sbrs	r18, 3
    1892:	91 91       	ld	r25, Z+
    1894:	7f 01       	movw	r14, r30
    1896:	91 11       	cpse	r25, r1
    1898:	e1 cf       	rjmp	.-62     	; 0x185c <.L6>
    189a:	28 c0       	rjmp	.+80     	; 0x18ec <.L17>

0000189c <.L9>:
    189c:	68 94       	set
    189e:	71 f8       	bld	r7, 1

000018a0 <.L11>:
    18a0:	68 94       	set
    18a2:	72 f8       	bld	r7, 2
    18a4:	f2 cf       	rjmp	.-28     	; 0x188a <.L16>

000018a6 <.L14>:
    18a6:	68 94       	set
    18a8:	73 f8       	bld	r7, 3
    18aa:	ef cf       	rjmp	.-34     	; 0x188a <.L16>

000018ac <.L12>:
    18ac:	68 94       	set
    18ae:	74 f8       	bld	r7, 4
    18b0:	ec cf       	rjmp	.-40     	; 0x188a <.L16>

000018b2 <.L8>:
    18b2:	77 fc       	sbrc	r7, 7
    18b4:	1b c0       	rjmp	.+54     	; 0x18ec <.L17>

000018b6 <.L15>:
    18b6:	80 ed       	ldi	r24, 0xD0	; 208
    18b8:	89 0f       	add	r24, r25
    18ba:	8a 30       	cpi	r24, 0x0A	; 10
    18bc:	c8 f6       	brcc	.-78     	; 0x1870 <.L13>
    18be:	76 fe       	sbrs	r7, 6
    18c0:	05 c0       	rjmp	.+10     	; 0x18cc <.L18>
    18c2:	95 9c       	mul	r9, r5
    18c4:	80 0d       	add	r24, r0
    18c6:	11 24       	eor	r1, r1
    18c8:	98 2e       	mov	r9, r24
    18ca:	df cf       	rjmp	.-66     	; 0x188a <.L16>

000018cc <.L18>:
    18cc:	65 9c       	mul	r6, r5
    18ce:	80 0d       	add	r24, r0
    18d0:	11 24       	eor	r1, r1
    18d2:	68 2e       	mov	r6, r24
    18d4:	7f 2a       	or	r7, r31
    18d6:	d9 cf       	rjmp	.-78     	; 0x188a <.L16>

000018d8 <.L19>:
    18d8:	9c 36       	cpi	r25, 0x6C	; 108
    18da:	19 f4       	brne	.+6      	; 0x18e2 <.L20>
    18dc:	68 94       	set
    18de:	77 f8       	bld	r7, 7
    18e0:	d4 cf       	rjmp	.-88     	; 0x188a <.L16>

000018e2 <.L20>:
    18e2:	9c 34       	cpi	r25, 0x4C	; 76
    18e4:	09 f4       	brne	.+2      	; 0x18e8 <L0^A+0x2>

000018e6 <L0^A>:
    18e6:	45 c0       	rjmp	.+138    	; 0x1972 <.L82>
    18e8:	98 36       	cpi	r25, 0x68	; 104
    18ea:	79 f2       	breq	.-98     	; 0x188a <.L16>

000018ec <.L17>:
    18ec:	89 2f       	mov	r24, r25
    18ee:	8f 7d       	andi	r24, 0xDF	; 223
    18f0:	85 54       	subi	r24, 0x45	; 69
    18f2:	83 30       	cpi	r24, 0x03	; 3
    18f4:	08 f4       	brcc	.+2      	; 0x18f8 <L0^A+0x2>

000018f6 <L0^A>:
    18f6:	3f c0       	rjmp	.+126    	; 0x1976 <.L21>
    18f8:	93 36       	cpi	r25, 0x63	; 99
    18fa:	09 f4       	brne	.+2      	; 0x18fe <L0^A+0x2>

000018fc <L0^A>:
    18fc:	61 c0       	rjmp	.+194    	; 0x19c0 <.L22>
    18fe:	93 37       	cpi	r25, 0x73	; 115
    1900:	09 f4       	brne	.+2      	; 0x1904 <L0^A+0x2>

00001902 <L0^A>:
    1902:	6b c0       	rjmp	.+214    	; 0x19da <.L23>
    1904:	93 35       	cpi	r25, 0x53	; 83
    1906:	09 f4       	brne	.+2      	; 0x190a <L0^A+0x2>

00001908 <L0^A>:
    1908:	77 c0       	rjmp	.+238    	; 0x19f8 <.L24>
    190a:	94 36       	cpi	r25, 0x64	; 100
    190c:	19 f0       	breq	.+6      	; 0x1914 <.L39>
    190e:	99 36       	cpi	r25, 0x69	; 105
    1910:	09 f0       	breq	.+2      	; 0x1914 <.L39>

00001912 <L0^A>:
    1912:	a4 c0       	rjmp	.+328    	; 0x1a5c <.L40>

00001914 <.L39>:
    1914:	f8 01       	movw	r30, r16
    1916:	77 fe       	sbrs	r7, 7
    1918:	9a c0       	rjmp	.+308    	; 0x1a4e <.L41>
    191a:	61 91       	ld	r22, Z+
    191c:	71 91       	ld	r23, Z+
    191e:	81 91       	ld	r24, Z+
    1920:	91 91       	ld	r25, Z+

00001922 <.L126>:
    1922:	8f 01       	movw	r16, r30
    1924:	27 2d       	mov	r18, r7
    1926:	2f 76       	andi	r18, 0x6F	; 111
    1928:	82 2e       	mov	r8, r18
    192a:	97 ff       	sbrs	r25, 7
    192c:	04 c0       	rjmp	.+8      	; 0x1936 <.L43>
    192e:	0e 94 95 0e 	call	0x1d2a	; 0x1d2a <__negsi2>
    1932:	68 94       	set
    1934:	87 f8       	bld	r8, 7

00001936 <.L43>:
    1936:	2a e0       	ldi	r18, 0x0A	; 10
    1938:	30 e0       	ldi	r19, 0x00	; 0
    193a:	5e 01       	movw	r10, r28
    193c:	4f ef       	ldi	r20, 0xFF	; 255
    193e:	a4 1a       	sub	r10, r20
    1940:	b4 0a       	sbc	r11, r20
    1942:	a5 01       	movw	r20, r10
    1944:	0e 94 37 0e 	call	0x1c6e	; 0x1c6e <__ultoa_invert>
    1948:	78 2e       	mov	r7, r24
    194a:	7a 18       	sub	r7, r10

0000194c <.L44>:
    194c:	86 fe       	sbrs	r8, 6
    194e:	cf c0       	rjmp	.+414    	; 0x1aee <.L54>
    1950:	88 2d       	mov	r24, r8
    1952:	8e 7f       	andi	r24, 0xFE	; 254
    1954:	79 14       	cp	r7, r9
    1956:	08 f0       	brcs	.+2      	; 0x195a <L0^A+0x2>

00001958 <L0^A>:
    1958:	c9 c0       	rjmp	.+402    	; 0x1aec <.L88>
    195a:	84 fe       	sbrs	r8, 4
    195c:	1d c1       	rjmp	.+570    	; 0x1b98 <.L89>
    195e:	82 fc       	sbrc	r8, 2
    1960:	11 c1       	rjmp	.+546    	; 0x1b84 <.L90>
    1962:	2e ee       	ldi	r18, 0xEE	; 238
    1964:	82 22       	and	r8, r18
    1966:	b9 2c       	mov	r11, r9

00001968 <.L55>:
    1968:	88 2d       	mov	r24, r8
    196a:	86 78       	andi	r24, 0x86	; 134
    196c:	09 f4       	brne	.+2      	; 0x1970 <L0^A+0x2>

0000196e <L0^A>:
    196e:	cb c0       	rjmp	.+406    	; 0x1b06 <.L58>
    1970:	0e c1       	rjmp	.+540    	; 0x1b8e <.L128>

00001972 <.L82>:
    1972:	31 e0       	ldi	r19, 0x01	; 1
    1974:	8a cf       	rjmp	.-236    	; 0x188a <.L16>

00001976 <.L21>:
    1976:	31 15       	cp	r19, r1
    1978:	01 f1       	breq	.+64     	; 0x19ba <.L26>
    197a:	08 5f       	subi	r16, 0xF8	; 248
    197c:	1f 4f       	sbci	r17, 0xFF	; 255

0000197e <.L27>:
    197e:	8f e3       	ldi	r24, 0x3F	; 63
    1980:	89 83       	std	Y+1, r24	; 0x01
    1982:	21 e0       	ldi	r18, 0x01	; 1
    1984:	82 2e       	mov	r8, r18
    1986:	91 2c       	mov	r9, r1
    1988:	5e 01       	movw	r10, r28
    198a:	2f ef       	ldi	r18, 0xFF	; 255
    198c:	a2 1a       	sub	r10, r18
    198e:	b2 0a       	sbc	r11, r18

00001990 <.L28>:
    1990:	e8 94       	clt
    1992:	77 f8       	bld	r7, 7

00001994 <.L30>:
    1994:	73 fc       	sbrc	r7, 3
    1996:	03 c0       	rjmp	.+6      	; 0x199e <.L36>

00001998 <.L32>:
    1998:	86 14       	cp	r8, r6
    199a:	91 04       	cpc	r9, r1
    199c:	f0 f1       	brcs	.+124    	; 0x1a1a <.L34>

0000199e <.L36>:
    199e:	81 14       	cp	r8, r1
    19a0:	91 04       	cpc	r9, r1
    19a2:	09 f0       	breq	.+2      	; 0x19a6 <.L77>

000019a4 <L0^A>:
    19a4:	41 c0       	rjmp	.+130    	; 0x1a28 <.L37>

000019a6 <.L77>:
    19a6:	61 14       	cp	r6, r1
    19a8:	09 f4       	brne	.+2      	; 0x19ac <L0^A+0x2>

000019aa <L0^A>:
    19aa:	3b cf       	rjmp	.-394    	; 0x1822 <.L3>
    19ac:	b6 01       	movw	r22, r12
    19ae:	80 e2       	ldi	r24, 0x20	; 32
    19b0:	90 e0       	ldi	r25, 0x00	; 0
    19b2:	0e 94 07 0e 	call	0x1c0e	; 0x1c0e <fputc>
    19b6:	6a 94       	dec	r6
    19b8:	f6 cf       	rjmp	.-20     	; 0x19a6 <.L77>

000019ba <.L26>:
    19ba:	0c 5f       	subi	r16, 0xFC	; 252
    19bc:	1f 4f       	sbci	r17, 0xFF	; 255
    19be:	df cf       	rjmp	.-66     	; 0x197e <.L27>

000019c0 <.L22>:
    19c0:	f8 01       	movw	r30, r16
    19c2:	80 81       	ld	r24, Z
    19c4:	89 83       	std	Y+1, r24	; 0x01
    19c6:	0e 5f       	subi	r16, 0xFE	; 254
    19c8:	1f 4f       	sbci	r17, 0xFF	; 255
    19ca:	91 e0       	ldi	r25, 0x01	; 1
    19cc:	89 2e       	mov	r8, r25
    19ce:	91 2c       	mov	r9, r1
    19d0:	5e 01       	movw	r10, r28
    19d2:	ff ef       	ldi	r31, 0xFF	; 255
    19d4:	af 1a       	sub	r10, r31
    19d6:	bf 0a       	sbc	r11, r31
    19d8:	db cf       	rjmp	.-74     	; 0x1990 <.L28>

000019da <.L23>:
    19da:	f8 01       	movw	r30, r16
    19dc:	a1 90       	ld	r10, Z+
    19de:	b1 90       	ld	r11, Z+
    19e0:	8f 01       	movw	r16, r30
    19e2:	69 2d       	mov	r22, r9
    19e4:	70 e0       	ldi	r23, 0x00	; 0
    19e6:	76 fc       	sbrc	r7, 6
    19e8:	02 c0       	rjmp	.+4      	; 0x19ee <.L29>
    19ea:	6f ef       	ldi	r22, 0xFF	; 255
    19ec:	7f ef       	ldi	r23, 0xFF	; 255

000019ee <.L29>:
    19ee:	c5 01       	movw	r24, r10
    19f0:	0e 94 fc 0d 	call	0x1bf8	; 0x1bf8 <strnlen>
    19f4:	4c 01       	movw	r8, r24
    19f6:	cc cf       	rjmp	.-104    	; 0x1990 <.L28>

000019f8 <.L24>:
    19f8:	f8 01       	movw	r30, r16
    19fa:	a1 90       	ld	r10, Z+
    19fc:	b1 90       	ld	r11, Z+
    19fe:	8f 01       	movw	r16, r30
    1a00:	69 2d       	mov	r22, r9
    1a02:	70 e0       	ldi	r23, 0x00	; 0
    1a04:	76 fc       	sbrc	r7, 6
    1a06:	02 c0       	rjmp	.+4      	; 0x1a0c <.L31>
    1a08:	6f ef       	ldi	r22, 0xFF	; 255
    1a0a:	7f ef       	ldi	r23, 0xFF	; 255

00001a0c <.L31>:
    1a0c:	c5 01       	movw	r24, r10
    1a0e:	0e 94 f1 0d 	call	0x1be2	; 0x1be2 <strnlen_P>
    1a12:	4c 01       	movw	r8, r24
    1a14:	68 94       	set
    1a16:	77 f8       	bld	r7, 7
    1a18:	bd cf       	rjmp	.-134    	; 0x1994 <.L30>

00001a1a <.L34>:
    1a1a:	b6 01       	movw	r22, r12
    1a1c:	80 e2       	ldi	r24, 0x20	; 32
    1a1e:	90 e0       	ldi	r25, 0x00	; 0
    1a20:	0e 94 07 0e 	call	0x1c0e	; 0x1c0e <fputc>
    1a24:	6a 94       	dec	r6
    1a26:	b8 cf       	rjmp	.-144    	; 0x1998 <.L32>

00001a28 <.L37>:
    1a28:	f5 01       	movw	r30, r10
    1a2a:	77 fc       	sbrc	r7, 7
    1a2c:	85 91       	lpm	r24, Z+
    1a2e:	77 fe       	sbrs	r7, 7
    1a30:	81 91       	ld	r24, Z+
    1a32:	5f 01       	movw	r10, r30
    1a34:	b6 01       	movw	r22, r12
    1a36:	90 e0       	ldi	r25, 0x00	; 0
    1a38:	0e 94 07 0e 	call	0x1c0e	; 0x1c0e <fputc>
    1a3c:	81 e0       	ldi	r24, 0x01	; 1
    1a3e:	61 10       	cpse	r6, r1
    1a40:	01 c0       	rjmp	.+2      	; 0x1a44 <.L35>
    1a42:	80 e0       	ldi	r24, 0x00	; 0

00001a44 <.L35>:
    1a44:	68 1a       	sub	r6, r24
    1a46:	f1 e0       	ldi	r31, 0x01	; 1
    1a48:	8f 1a       	sub	r8, r31
    1a4a:	91 08       	sbc	r9, r1
    1a4c:	a8 cf       	rjmp	.-176    	; 0x199e <.L36>

00001a4e <.L41>:
    1a4e:	61 91       	ld	r22, Z+
    1a50:	71 91       	ld	r23, Z+
    1a52:	87 2f       	mov	r24, r23
    1a54:	88 0f       	add	r24, r24
    1a56:	88 0b       	sbc	r24, r24
    1a58:	98 2f       	mov	r25, r24
    1a5a:	63 cf       	rjmp	.-314    	; 0x1922 <.L126>

00001a5c <.L40>:
    1a5c:	95 37       	cpi	r25, 0x75	; 117
    1a5e:	c9 f4       	brne	.+50     	; 0x1a92 <.L45>
    1a60:	87 2c       	mov	r8, r7
    1a62:	e8 94       	clt
    1a64:	84 f8       	bld	r8, 4
    1a66:	2a e0       	ldi	r18, 0x0A	; 10
    1a68:	30 e0       	ldi	r19, 0x00	; 0

00001a6a <.L46>:
    1a6a:	f8 01       	movw	r30, r16
    1a6c:	87 fe       	sbrs	r8, 7
    1a6e:	39 c0       	rjmp	.+114    	; 0x1ae2 <.L52>
    1a70:	61 91       	ld	r22, Z+
    1a72:	71 91       	ld	r23, Z+
    1a74:	81 91       	ld	r24, Z+
    1a76:	91 91       	ld	r25, Z+

00001a78 <.L127>:
    1a78:	8f 01       	movw	r16, r30
    1a7a:	5e 01       	movw	r10, r28
    1a7c:	ff ef       	ldi	r31, 0xFF	; 255
    1a7e:	af 1a       	sub	r10, r31
    1a80:	bf 0a       	sbc	r11, r31
    1a82:	a5 01       	movw	r20, r10
    1a84:	0e 94 37 0e 	call	0x1c6e	; 0x1c6e <__ultoa_invert>
    1a88:	78 2e       	mov	r7, r24
    1a8a:	7a 18       	sub	r7, r10
    1a8c:	e8 94       	clt
    1a8e:	87 f8       	bld	r8, 7
    1a90:	5d cf       	rjmp	.-326    	; 0x194c <.L44>

00001a92 <.L45>:
    1a92:	87 2d       	mov	r24, r7
    1a94:	89 7f       	andi	r24, 0xF9	; 249
    1a96:	88 2e       	mov	r8, r24
    1a98:	90 37       	cpi	r25, 0x70	; 112
    1a9a:	99 f0       	breq	.+38     	; 0x1ac2 <.L47>
    1a9c:	58 f4       	brcc	.+22     	; 0x1ab4 <.L48>
    1a9e:	98 35       	cpi	r25, 0x58	; 88
    1aa0:	a9 f0       	breq	.+42     	; 0x1acc <.L49>
    1aa2:	9f 36       	cpi	r25, 0x6F	; 111
    1aa4:	d9 f0       	breq	.+54     	; 0x1adc <.L85>

00001aa6 <.L4>:
    1aa6:	f6 01       	movw	r30, r12
    1aa8:	86 81       	ldd	r24, Z+6	; 0x06
    1aaa:	97 81       	ldd	r25, Z+7	; 0x07

00001aac <.L1>:
    1aac:	2b 96       	adiw	r28, 0x0b	; 11
    1aae:	ef e0       	ldi	r30, 0x0F	; 15
    1ab0:	0c 94 bc 0e 	jmp	0x1d78	; 0x1d78 <.Loc.3>

00001ab4 <.L48>:
    1ab4:	98 37       	cpi	r25, 0x78	; 120
    1ab6:	b9 f7       	brne	.-18     	; 0x1aa6 <.L4>
    1ab8:	74 fc       	sbrc	r7, 4
    1aba:	05 c0       	rjmp	.+10     	; 0x1ac6 <.L51>

00001abc <.L86>:
    1abc:	20 e1       	ldi	r18, 0x10	; 16
    1abe:	30 e0       	ldi	r19, 0x00	; 0
    1ac0:	d4 cf       	rjmp	.-88     	; 0x1a6a <.L46>

00001ac2 <.L47>:
    1ac2:	68 94       	set
    1ac4:	84 f8       	bld	r8, 4

00001ac6 <.L51>:
    1ac6:	68 94       	set
    1ac8:	82 f8       	bld	r8, 2
    1aca:	f8 cf       	rjmp	.-16     	; 0x1abc <.L86>

00001acc <.L49>:
    1acc:	74 fe       	sbrs	r7, 4
    1ace:	03 c0       	rjmp	.+6      	; 0x1ad6 <.L87>
    1ad0:	e7 2d       	mov	r30, r7
    1ad2:	e6 60       	ori	r30, 0x06	; 6
    1ad4:	8e 2e       	mov	r8, r30

00001ad6 <.L87>:
    1ad6:	20 e1       	ldi	r18, 0x10	; 16
    1ad8:	32 e0       	ldi	r19, 0x02	; 2
    1ada:	c7 cf       	rjmp	.-114    	; 0x1a6a <.L46>

00001adc <.L85>:
    1adc:	28 e0       	ldi	r18, 0x08	; 8
    1ade:	30 e0       	ldi	r19, 0x00	; 0
    1ae0:	c4 cf       	rjmp	.-120    	; 0x1a6a <.L46>

00001ae2 <.L52>:
    1ae2:	61 91       	ld	r22, Z+
    1ae4:	71 91       	ld	r23, Z+
    1ae6:	80 e0       	ldi	r24, 0x00	; 0
    1ae8:	90 e0       	ldi	r25, 0x00	; 0
    1aea:	c6 cf       	rjmp	.-116    	; 0x1a78 <.L127>

00001aec <.L88>:
    1aec:	88 2e       	mov	r8, r24

00001aee <.L54>:
    1aee:	b7 2c       	mov	r11, r7
    1af0:	84 fe       	sbrs	r8, 4
    1af2:	3a cf       	rjmp	.-396    	; 0x1968 <.L55>

00001af4 <.L56>:
    1af4:	fe 01       	movw	r30, r28
    1af6:	e7 0d       	add	r30, r7
    1af8:	f1 1d       	adc	r31, r1
    1afa:	80 81       	ld	r24, Z
    1afc:	80 33       	cpi	r24, 0x30	; 48
    1afe:	09 f0       	breq	.+2      	; 0x1b02 <L0^A+0x2>

00001b00 <L0^A>:
    1b00:	44 c0       	rjmp	.+136    	; 0x1b8a <.L57>
    1b02:	49 ee       	ldi	r20, 0xE9	; 233
    1b04:	84 22       	and	r8, r20

00001b06 <.L58>:
    1b06:	83 fc       	sbrc	r8, 3
    1b08:	0e c0       	rjmp	.+28     	; 0x1b26 <.L60>
    1b0a:	80 fe       	sbrs	r8, 0
    1b0c:	51 c0       	rjmp	.+162    	; 0x1bb0 <.L92>
    1b0e:	97 2c       	mov	r9, r7
    1b10:	b6 14       	cp	r11, r6
    1b12:	18 f4       	brcc	.+6      	; 0x1b1a <.L79>
    1b14:	96 0c       	add	r9, r6
    1b16:	9b 18       	sub	r9, r11
    1b18:	b6 2c       	mov	r11, r6

00001b1a <.L79>:
    1b1a:	86 2d       	mov	r24, r6
    1b1c:	8b 19       	sub	r24, r11
    1b1e:	6b 14       	cp	r6, r11
    1b20:	08 f4       	brcc	.+2      	; 0x1b24 <.L65>
    1b22:	80 e0       	ldi	r24, 0x00	; 0

00001b24 <.L65>:
    1b24:	b8 0e       	add	r11, r24

00001b26 <.L60>:
    1b26:	b6 14       	cp	r11, r6
    1b28:	08 f0       	brcs	.+2      	; 0x1b2c <L0^A+0x2>

00001b2a <L0^A>:
    1b2a:	44 c0       	rjmp	.+136    	; 0x1bb4 <.L94>
    1b2c:	6b 18       	sub	r6, r11

00001b2e <.L67>:
    1b2e:	84 fe       	sbrs	r8, 4
    1b30:	43 c0       	rjmp	.+134    	; 0x1bb8 <.L68>
    1b32:	b6 01       	movw	r22, r12
    1b34:	80 e3       	ldi	r24, 0x30	; 48
    1b36:	90 e0       	ldi	r25, 0x00	; 0
    1b38:	0e 94 07 0e 	call	0x1c0e	; 0x1c0e <fputc>
    1b3c:	82 fe       	sbrs	r8, 2
    1b3e:	09 c0       	rjmp	.+18     	; 0x1b52 <.L74>
    1b40:	88 e5       	ldi	r24, 0x58	; 88
    1b42:	90 e0       	ldi	r25, 0x00	; 0
    1b44:	81 fc       	sbrc	r8, 1
    1b46:	02 c0       	rjmp	.+4      	; 0x1b4c <.L70>
    1b48:	88 e7       	ldi	r24, 0x78	; 120
    1b4a:	90 e0       	ldi	r25, 0x00	; 0

00001b4c <.L70>:
    1b4c:	b6 01       	movw	r22, r12

00001b4e <.L129>:
    1b4e:	0e 94 07 0e 	call	0x1c0e	; 0x1c0e <fputc>

00001b52 <.L74>:
    1b52:	79 14       	cp	r7, r9
    1b54:	e0 f1       	brcs	.+120    	; 0x1bce <.L75>
    1b56:	5e 01       	movw	r10, r28
    1b58:	8f ef       	ldi	r24, 0xFF	; 255
    1b5a:	a8 1a       	sub	r10, r24
    1b5c:	b8 0a       	sbc	r11, r24
    1b5e:	7a 94       	dec	r7
    1b60:	82 e0       	ldi	r24, 0x02	; 2
    1b62:	88 2e       	mov	r8, r24
    1b64:	91 2c       	mov	r9, r1
    1b66:	8c 0e       	add	r8, r28
    1b68:	9d 1e       	adc	r9, r29
    1b6a:	87 0c       	add	r8, r7
    1b6c:	91 1c       	adc	r9, r1

00001b6e <.L76>:
    1b6e:	f4 01       	movw	r30, r8
    1b70:	82 91       	ld	r24, -Z
    1b72:	4f 01       	movw	r8, r30
    1b74:	b6 01       	movw	r22, r12
    1b76:	90 e0       	ldi	r25, 0x00	; 0
    1b78:	0e 94 07 0e 	call	0x1c0e	; 0x1c0e <fputc>
    1b7c:	8a 14       	cp	r8, r10
    1b7e:	9b 04       	cpc	r9, r11
    1b80:	b1 f7       	brne	.-20     	; 0x1b6e <.L76>
    1b82:	11 cf       	rjmp	.-478    	; 0x19a6 <.L77>

00001b84 <.L90>:
    1b84:	b9 2c       	mov	r11, r9
    1b86:	88 2e       	mov	r8, r24
    1b88:	b5 cf       	rjmp	.-150    	; 0x1af4 <.L56>

00001b8a <.L57>:
    1b8a:	82 fc       	sbrc	r8, 2
    1b8c:	02 c0       	rjmp	.+4      	; 0x1b92 <.L59>

00001b8e <.L128>:
    1b8e:	b3 94       	inc	r11
    1b90:	ba cf       	rjmp	.-140    	; 0x1b06 <.L58>

00001b92 <.L59>:
    1b92:	b3 94       	inc	r11
    1b94:	b3 94       	inc	r11
    1b96:	b7 cf       	rjmp	.-146    	; 0x1b06 <.L58>

00001b98 <.L89>:
    1b98:	b9 2c       	mov	r11, r9
    1b9a:	88 2e       	mov	r8, r24
    1b9c:	e5 ce       	rjmp	.-566    	; 0x1968 <.L55>

00001b9e <.L63>:
    1b9e:	b6 01       	movw	r22, r12
    1ba0:	80 e2       	ldi	r24, 0x20	; 32
    1ba2:	90 e0       	ldi	r25, 0x00	; 0
    1ba4:	0e 94 07 0e 	call	0x1c0e	; 0x1c0e <fputc>
    1ba8:	a3 94       	inc	r10

00001baa <.L61>:
    1baa:	a6 14       	cp	r10, r6
    1bac:	c0 f3       	brcs	.-16     	; 0x1b9e <.L63>
    1bae:	b5 cf       	rjmp	.-150    	; 0x1b1a <.L79>

00001bb0 <.L92>:
    1bb0:	ab 2c       	mov	r10, r11
    1bb2:	fb cf       	rjmp	.-10     	; 0x1baa <.L61>

00001bb4 <.L94>:
    1bb4:	61 2c       	mov	r6, r1
    1bb6:	bb cf       	rjmp	.-138    	; 0x1b2e <.L67>

00001bb8 <.L68>:
    1bb8:	88 2d       	mov	r24, r8
    1bba:	86 78       	andi	r24, 0x86	; 134
    1bbc:	51 f2       	breq	.-108    	; 0x1b52 <.L74>
    1bbe:	80 e2       	ldi	r24, 0x20	; 32
    1bc0:	81 fc       	sbrc	r8, 1
    1bc2:	8b e2       	ldi	r24, 0x2B	; 43
    1bc4:	87 fc       	sbrc	r8, 7
    1bc6:	8d e2       	ldi	r24, 0x2D	; 45
    1bc8:	b6 01       	movw	r22, r12
    1bca:	90 e0       	ldi	r25, 0x00	; 0
    1bcc:	c0 cf       	rjmp	.-128    	; 0x1b4e <.L129>

00001bce <.L75>:
    1bce:	b6 01       	movw	r22, r12
    1bd0:	80 e3       	ldi	r24, 0x30	; 48
    1bd2:	90 e0       	ldi	r25, 0x00	; 0
    1bd4:	0e 94 07 0e 	call	0x1c0e	; 0x1c0e <fputc>
    1bd8:	9a 94       	dec	r9
    1bda:	bb cf       	rjmp	.-138    	; 0x1b52 <.L74>

00001bdc <.L80>:
    1bdc:	8f ef       	ldi	r24, 0xFF	; 255
    1bde:	9f ef       	ldi	r25, 0xFF	; 255
    1be0:	65 cf       	rjmp	.-310    	; 0x1aac <.L1>

00001be2 <strnlen_P>:
    1be2:	fc 01       	movw	r30, r24

00001be4 <.L_strnlen_P_loop>:
    1be4:	05 90       	lpm	r0, Z+
    1be6:	61 50       	subi	r22, 0x01	; 1
    1be8:	70 40       	sbci	r23, 0x00	; 0
    1bea:	01 10       	cpse	r0, r1
    1bec:	d8 f7       	brcc	.-10     	; 0x1be4 <.L_strnlen_P_loop>
    1bee:	80 95       	com	r24
    1bf0:	90 95       	com	r25
    1bf2:	8e 0f       	add	r24, r30
    1bf4:	9f 1f       	adc	r25, r31
    1bf6:	08 95       	ret

00001bf8 <strnlen>:
    1bf8:	fc 01       	movw	r30, r24

00001bfa <.L_strnlen_loop>:
    1bfa:	61 50       	subi	r22, 0x01	; 1
    1bfc:	70 40       	sbci	r23, 0x00	; 0
    1bfe:	01 90       	ld	r0, Z+
    1c00:	01 10       	cpse	r0, r1
    1c02:	d8 f7       	brcc	.-10     	; 0x1bfa <.L_strnlen_loop>
    1c04:	80 95       	com	r24
    1c06:	90 95       	com	r25
    1c08:	8e 0f       	add	r24, r30
    1c0a:	9f 1f       	adc	r25, r31
    1c0c:	08 95       	ret

00001c0e <fputc>:
    1c0e:	0f 93       	push	r16
    1c10:	1f 93       	push	r17
    1c12:	cf 93       	push	r28
    1c14:	df 93       	push	r29
    1c16:	18 2f       	mov	r17, r24
    1c18:	09 2f       	mov	r16, r25
    1c1a:	eb 01       	movw	r28, r22
    1c1c:	8b 81       	ldd	r24, Y+3	; 0x03
    1c1e:	81 fd       	sbrc	r24, 1
    1c20:	09 c0       	rjmp	.+18     	; 0x1c34 <.L2>

00001c22 <.L7>:
    1c22:	0f ef       	ldi	r16, 0xFF	; 255
    1c24:	1f ef       	ldi	r17, 0xFF	; 255

00001c26 <.L3>:
    1c26:	81 2f       	mov	r24, r17
    1c28:	90 2f       	mov	r25, r16
    1c2a:	df 91       	pop	r29
    1c2c:	cf 91       	pop	r28
    1c2e:	1f 91       	pop	r17
    1c30:	0f 91       	pop	r16
    1c32:	08 95       	ret

00001c34 <.L2>:
    1c34:	82 ff       	sbrs	r24, 2
    1c36:	14 c0       	rjmp	.+40     	; 0x1c60 <.L4>
    1c38:	2e 81       	ldd	r18, Y+6	; 0x06
    1c3a:	3f 81       	ldd	r19, Y+7	; 0x07
    1c3c:	8c 81       	ldd	r24, Y+4	; 0x04
    1c3e:	9d 81       	ldd	r25, Y+5	; 0x05
    1c40:	28 17       	cp	r18, r24
    1c42:	39 07       	cpc	r19, r25
    1c44:	3c f4       	brge	.+14     	; 0x1c54 <.L8>
    1c46:	e8 81       	ld	r30, Y
    1c48:	f9 81       	ldd	r31, Y+1	; 0x01
    1c4a:	cf 01       	movw	r24, r30
    1c4c:	01 96       	adiw	r24, 0x01	; 1
    1c4e:	88 83       	st	Y, r24
    1c50:	99 83       	std	Y+1, r25	; 0x01
    1c52:	10 83       	st	Z, r17

00001c54 <.L8>:
    1c54:	8e 81       	ldd	r24, Y+6	; 0x06
    1c56:	9f 81       	ldd	r25, Y+7	; 0x07
    1c58:	01 96       	adiw	r24, 0x01	; 1
    1c5a:	8e 83       	std	Y+6, r24	; 0x06
    1c5c:	9f 83       	std	Y+7, r25	; 0x07
    1c5e:	e3 cf       	rjmp	.-58     	; 0x1c26 <.L3>

00001c60 <.L4>:
    1c60:	e8 85       	ldd	r30, Y+8	; 0x08
    1c62:	f9 85       	ldd	r31, Y+9	; 0x09
    1c64:	81 2f       	mov	r24, r17
    1c66:	09 95       	icall
    1c68:	89 2b       	or	r24, r25
    1c6a:	a1 f3       	breq	.-24     	; 0x1c54 <.L8>
    1c6c:	da cf       	rjmp	.-76     	; 0x1c22 <.L7>

00001c6e <__ultoa_invert>:
    1c6e:	fa 01       	movw	r30, r20
    1c70:	aa 27       	eor	r26, r26
    1c72:	28 30       	cpi	r18, 0x08	; 8
    1c74:	51 f1       	breq	.+84     	; 0x1cca <.L_oct>
    1c76:	20 31       	cpi	r18, 0x10	; 16
    1c78:	81 f1       	breq	.+96     	; 0x1cda <.L_hex>
    1c7a:	e8 94       	clt

00001c7c <.L_dec_loop>:
    1c7c:	6f 93       	push	r22
    1c7e:	6e 7f       	andi	r22, 0xFE	; 254
    1c80:	6e 5f       	subi	r22, 0xFE	; 254
    1c82:	7f 4f       	sbci	r23, 0xFF	; 255
    1c84:	8f 4f       	sbci	r24, 0xFF	; 255
    1c86:	9f 4f       	sbci	r25, 0xFF	; 255
    1c88:	af 4f       	sbci	r26, 0xFF	; 255
    1c8a:	b1 e0       	ldi	r27, 0x01	; 1
    1c8c:	3e d0       	rcall	.+124    	; 0x1d0a <.L_div_add>
    1c8e:	b4 e0       	ldi	r27, 0x04	; 4
    1c90:	3c d0       	rcall	.+120    	; 0x1d0a <.L_div_add>
    1c92:	67 0f       	add	r22, r23
    1c94:	78 1f       	adc	r23, r24
    1c96:	89 1f       	adc	r24, r25
    1c98:	9a 1f       	adc	r25, r26
    1c9a:	a1 1d       	adc	r26, r1
    1c9c:	68 0f       	add	r22, r24
    1c9e:	79 1f       	adc	r23, r25
    1ca0:	8a 1f       	adc	r24, r26
    1ca2:	91 1d       	adc	r25, r1
    1ca4:	a1 1d       	adc	r26, r1
    1ca6:	6a 0f       	add	r22, r26
    1ca8:	71 1d       	adc	r23, r1
    1caa:	81 1d       	adc	r24, r1
    1cac:	91 1d       	adc	r25, r1
    1cae:	a1 1d       	adc	r26, r1
    1cb0:	20 d0       	rcall	.+64     	; 0x1cf2 <.L_lsr_4>
    1cb2:	09 f4       	brne	.+2      	; 0x1cb6 <.L1^B1>
    1cb4:	68 94       	set

00001cb6 <.L1^B1>:
    1cb6:	3f 91       	pop	r19
    1cb8:	2a e0       	ldi	r18, 0x0A	; 10
    1cba:	26 9f       	mul	r18, r22
    1cbc:	11 24       	eor	r1, r1
    1cbe:	30 19       	sub	r19, r0
    1cc0:	30 5d       	subi	r19, 0xD0	; 208
    1cc2:	31 93       	st	Z+, r19
    1cc4:	de f6       	brtc	.-74     	; 0x1c7c <.L_dec_loop>

00001cc6 <.L_eos>:
    1cc6:	cf 01       	movw	r24, r30
    1cc8:	08 95       	ret

00001cca <.L_oct>:
    1cca:	46 2f       	mov	r20, r22
    1ccc:	47 70       	andi	r20, 0x07	; 7
    1cce:	40 5d       	subi	r20, 0xD0	; 208
    1cd0:	41 93       	st	Z+, r20
    1cd2:	b3 e0       	ldi	r27, 0x03	; 3
    1cd4:	0f d0       	rcall	.+30     	; 0x1cf4 <.L_lsr>
    1cd6:	c9 f7       	brne	.-14     	; 0x1cca <.L_oct>
    1cd8:	f6 cf       	rjmp	.-20     	; 0x1cc6 <.L_eos>

00001cda <.L_hex>:
    1cda:	46 2f       	mov	r20, r22
    1cdc:	4f 70       	andi	r20, 0x0F	; 15
    1cde:	40 5d       	subi	r20, 0xD0	; 208
    1ce0:	4a 33       	cpi	r20, 0x3A	; 58
    1ce2:	18 f0       	brcs	.+6      	; 0x1cea <.L3^B1>
    1ce4:	49 5d       	subi	r20, 0xD9	; 217
    1ce6:	31 fd       	sbrc	r19, 1
    1ce8:	40 52       	subi	r20, 0x20	; 32

00001cea <.L3^B1>:
    1cea:	41 93       	st	Z+, r20
    1cec:	02 d0       	rcall	.+4      	; 0x1cf2 <.L_lsr_4>
    1cee:	a9 f7       	brne	.-22     	; 0x1cda <.L_hex>
    1cf0:	ea cf       	rjmp	.-44     	; 0x1cc6 <.L_eos>

00001cf2 <.L_lsr_4>:
    1cf2:	b4 e0       	ldi	r27, 0x04	; 4

00001cf4 <.L_lsr>:
    1cf4:	a6 95       	lsr	r26
    1cf6:	97 95       	ror	r25
    1cf8:	87 95       	ror	r24
    1cfa:	77 95       	ror	r23
    1cfc:	67 95       	ror	r22
    1cfe:	ba 95       	dec	r27
    1d00:	c9 f7       	brne	.-14     	; 0x1cf4 <.L_lsr>
    1d02:	00 97       	sbiw	r24, 0x00	; 0
    1d04:	61 05       	cpc	r22, r1
    1d06:	71 05       	cpc	r23, r1
    1d08:	08 95       	ret

00001d0a <.L_div_add>:
    1d0a:	9b 01       	movw	r18, r22
    1d0c:	ac 01       	movw	r20, r24
    1d0e:	0a 2e       	mov	r0, r26

00001d10 <.L7^B1>:
    1d10:	06 94       	lsr	r0
    1d12:	57 95       	ror	r21
    1d14:	47 95       	ror	r20
    1d16:	37 95       	ror	r19
    1d18:	27 95       	ror	r18
    1d1a:	ba 95       	dec	r27
    1d1c:	c9 f7       	brne	.-14     	; 0x1d10 <.L7^B1>
    1d1e:	62 0f       	add	r22, r18
    1d20:	73 1f       	adc	r23, r19
    1d22:	84 1f       	adc	r24, r20
    1d24:	95 1f       	adc	r25, r21
    1d26:	a0 1d       	adc	r26, r0
    1d28:	08 95       	ret

00001d2a <__negsi2>:
    1d2a:	90 95       	com	r25
    1d2c:	80 95       	com	r24
    1d2e:	70 95       	com	r23
    1d30:	61 95       	neg	r22
    1d32:	7f 4f       	sbci	r23, 0xFF	; 255
    1d34:	8f 4f       	sbci	r24, 0xFF	; 255
    1d36:	9f 4f       	sbci	r25, 0xFF	; 255

00001d38 <.Loc.1>:
    1d38:	08 95       	ret

00001d3a <__prologue_saves__>:
    1d3a:	2f 92       	push	r2

00001d3c <.Loc.1>:
    1d3c:	3f 92       	push	r3

00001d3e <.Loc.2>:
    1d3e:	4f 92       	push	r4

00001d40 <.Loc.3>:
    1d40:	5f 92       	push	r5

00001d42 <.Loc.4>:
    1d42:	6f 92       	push	r6

00001d44 <.Loc.5>:
    1d44:	7f 92       	push	r7

00001d46 <.Loc.6>:
    1d46:	8f 92       	push	r8

00001d48 <.Loc.7>:
    1d48:	9f 92       	push	r9

00001d4a <.Loc.8>:
    1d4a:	af 92       	push	r10

00001d4c <.Loc.9>:
    1d4c:	bf 92       	push	r11

00001d4e <.Loc.10>:
    1d4e:	cf 92       	push	r12

00001d50 <.Loc.11>:
    1d50:	df 92       	push	r13

00001d52 <.Loc.12>:
    1d52:	ef 92       	push	r14

00001d54 <.Loc.13>:
    1d54:	ff 92       	push	r15

00001d56 <.Loc.14>:
    1d56:	0f 93       	push	r16

00001d58 <.Loc.15>:
    1d58:	1f 93       	push	r17

00001d5a <.Loc.16>:
    1d5a:	cf 93       	push	r28

00001d5c <.Loc.17>:
    1d5c:	df 93       	push	r29

00001d5e <.Loc.18>:
    1d5e:	cd b7       	in	r28, 0x3d	; 61

00001d60 <.Loc.19>:
    1d60:	de b7       	in	r29, 0x3e	; 62

00001d62 <.Loc.20>:
    1d62:	ca 1b       	sub	r28, r26

00001d64 <.Loc.21>:
    1d64:	db 0b       	sbc	r29, r27

00001d66 <.Loc.22>:
    1d66:	0f b6       	in	r0, 0x3f	; 63

00001d68 <.Loc.23>:
    1d68:	f8 94       	cli

00001d6a <.Loc.24>:
    1d6a:	de bf       	out	0x3e, r29	; 62

00001d6c <.Loc.25>:
    1d6c:	0f be       	out	0x3f, r0	; 63

00001d6e <.Loc.26>:
    1d6e:	cd bf       	out	0x3d, r28	; 61

00001d70 <.Loc.27>:
    1d70:	09 94       	ijmp

00001d72 <__epilogue_restores__>:
    1d72:	2a 88       	ldd	r2, Y+18	; 0x12

00001d74 <.Loc.1>:
    1d74:	39 88       	ldd	r3, Y+17	; 0x11

00001d76 <.Loc.2>:
    1d76:	48 88       	ldd	r4, Y+16	; 0x10

00001d78 <.Loc.3>:
    1d78:	5f 84       	ldd	r5, Y+15	; 0x0f

00001d7a <.Loc.4>:
    1d7a:	6e 84       	ldd	r6, Y+14	; 0x0e

00001d7c <.Loc.5>:
    1d7c:	7d 84       	ldd	r7, Y+13	; 0x0d

00001d7e <.Loc.6>:
    1d7e:	8c 84       	ldd	r8, Y+12	; 0x0c

00001d80 <.Loc.7>:
    1d80:	9b 84       	ldd	r9, Y+11	; 0x0b

00001d82 <.Loc.8>:
    1d82:	aa 84       	ldd	r10, Y+10	; 0x0a

00001d84 <.Loc.9>:
    1d84:	b9 84       	ldd	r11, Y+9	; 0x09

00001d86 <.Loc.10>:
    1d86:	c8 84       	ldd	r12, Y+8	; 0x08

00001d88 <.Loc.11>:
    1d88:	df 80       	ldd	r13, Y+7	; 0x07

00001d8a <.Loc.12>:
    1d8a:	ee 80       	ldd	r14, Y+6	; 0x06

00001d8c <.Loc.13>:
    1d8c:	fd 80       	ldd	r15, Y+5	; 0x05

00001d8e <.Loc.14>:
    1d8e:	0c 81       	ldd	r16, Y+4	; 0x04

00001d90 <.Loc.15>:
    1d90:	1b 81       	ldd	r17, Y+3	; 0x03

00001d92 <.Loc.16>:
    1d92:	aa 81       	ldd	r26, Y+2	; 0x02

00001d94 <.Loc.17>:
    1d94:	b9 81       	ldd	r27, Y+1	; 0x01

00001d96 <.Loc.18>:
    1d96:	ce 0f       	add	r28, r30

00001d98 <.Loc.19>:
    1d98:	d1 1d       	adc	r29, r1

00001d9a <.Loc.20>:
    1d9a:	0f b6       	in	r0, 0x3f	; 63

00001d9c <.Loc.21>:
    1d9c:	f8 94       	cli

00001d9e <.Loc.22>:
    1d9e:	de bf       	out	0x3e, r29	; 62

00001da0 <.Loc.23>:
    1da0:	0f be       	out	0x3f, r0	; 63

00001da2 <.Loc.24>:
    1da2:	cd bf       	out	0x3d, r28	; 61

00001da4 <.Loc.25>:
    1da4:	ed 01       	movw	r28, r26

00001da6 <.Loc.26>:
    1da6:	08 95       	ret

00001da8 <_exit>:
    1da8:	f8 94       	cli

00001daa <__stop_program>:
    1daa:	ff cf       	rjmp	.-2      	; 0x1daa <__stop_program>

00001dac <L0^A>:
    1dac:	f8 09       	sbc	r31, r8
    1dae:	ed 09       	sbc	r30, r13
    1db0:	bc 09       	sbc	r27, r12
    1db2:	ec 09       	sbc	r30, r12
    1db4:	bb 09       	sbc	r27, r11
    1db6:	fa 09       	sbc	r31, r10
    1db8:	ba 09       	sbc	r27, r10
