
C:\Tas_6\release\TM10.elf:     file format elf32-avr

Sections:
Idx Name          Size      VMA       LMA       File off  Algn
  0 .text         00001794  00000000  00000000  00000094  2**1
                  CONTENTS, ALLOC, LOAD, READONLY, CODE
  1 .data         0000002a  00800060  00001794  00001828  2**0
                  CONTENTS, ALLOC, LOAD, DATA
  2 .bss          0000009c  0080008a  0080008a  00001852  2**0
                  ALLOC
  3 .comment      0000005c  00000000  00000000  00001852  2**0
                  CONTENTS, READONLY
  4 .note.gnu.avr.deviceinfo 0000003c  00000000  00000000  000018b0  2**2
                  CONTENTS, READONLY, OCTETS
  5 .debug_info   000004e6  00000000  00000000  000018ec  2**0
                  CONTENTS, READONLY, DEBUGGING, OCTETS
  6 .debug_abbrev 000004a3  00000000  00000000  00001dd2  2**0
                  CONTENTS, READONLY, DEBUGGING, OCTETS
  7 .debug_line   0000001d  00000000  00000000  00002275  2**0
                  CONTENTS, READONLY, DEBUGGING, OCTETS
  8 .debug_str    00000196  00000000  00000000  00002292  2**0
                  CONTENTS, READONLY, DEBUGGING, OCTETS

Disassembly of section .text:

00000000 <__vectors>:
       0:	0c 94 2a 00 	jmp	0x54	; 0x54 <__ctors_end>
       4:	0c 94 cc 04 	jmp	0x998	; 0x998 <__vector_1>
       8:	0c 94 f5 04 	jmp	0x9ea	; 0x9ea <__vector_2>
       c:	0c 94 1e 05 	jmp	0xa3c	; 0xa3c <__vector_3>
      10:	0c 94 47 00 	jmp	0x8e	; 0x8e <__bad_interrupt>
      14:	0c 94 47 00 	jmp	0x8e	; 0x8e <__bad_interrupt>
      18:	0c 94 47 00 	jmp	0x8e	; 0x8e <__bad_interrupt>
      1c:	0c 94 47 00 	jmp	0x8e	; 0x8e <__bad_interrupt>
      20:	0c 94 47 00 	jmp	0x8e	; 0x8e <__bad_interrupt>
      24:	0c 94 47 00 	jmp	0x8e	; 0x8e <__bad_interrupt>
      28:	0c 94 1d 06 	jmp	0xc3a	; 0xc3a <__vector_10>
      2c:	0c 94 46 06 	jmp	0xc8c	; 0xc8c <__vector_11>
      30:	0c 94 47 00 	jmp	0x8e	; 0x8e <__bad_interrupt>
      34:	0c 94 e0 07 	jmp	0xfc0	; 0xfc0 <__vector_13>
      38:	0c 94 38 08 	jmp	0x1070	; 0x1070 <__vector_14>
      3c:	0c 94 0f 08 	jmp	0x101e	; 0x101e <__vector_15>
      40:	0c 94 47 00 	jmp	0x8e	; 0x8e <__bad_interrupt>
      44:	0c 94 47 00 	jmp	0x8e	; 0x8e <__bad_interrupt>
      48:	0c 94 47 00 	jmp	0x8e	; 0x8e <__bad_interrupt>
      4c:	0c 94 47 00 	jmp	0x8e	; 0x8e <__bad_interrupt>
      50:	0c 94 47 00 	jmp	0x8e	; 0x8e <__bad_interrupt>

00000054 <__ctors_end>:
      54:	11 24       	eor	r1, r1
      56:	1f be       	out	0x3f, r1	; 63
      58:	cf e5       	ldi	r28, 0x5F	; 95
      5a:	d8 e0       	ldi	r29, 0x08	; 8
      5c:	de bf       	out	0x3e, r29	; 62
      5e:	cd bf       	out	0x3d, r28	; 61

00000060 <__do_copy_data>:
      60:	10 e0       	ldi	r17, 0x00	; 0

00000062 <.Loc.1>:
      62:	a0 e6       	ldi	r26, 0x60	; 96

00000064 <.Loc.2>:
      64:	b0 e0       	ldi	r27, 0x00	; 0

00000066 <.Loc.3>:
      66:	e4 e9       	ldi	r30, 0x94	; 148

00000068 <.Loc.4>:
      68:	f7 e1       	ldi	r31, 0x17	; 23

0000006a <.Loc.5>:
      6a:	02 c0       	rjmp	.+4      	; 0x70 <.L__do_copy_data_start>

0000006c <.L__do_copy_data_loop>:
      6c:	05 90       	lpm	r0, Z+

0000006e <.Loc.7>:
      6e:	0d 92       	st	X+, r0

00000070 <.L__do_copy_data_start>:
      70:	aa 38       	cpi	r26, 0x8A	; 138

00000072 <.Loc.9>:
      72:	b1 07       	cpc	r27, r17

00000074 <.Loc.10>:
      74:	d9 f7       	brne	.-10     	; 0x6c <.L__do_copy_data_loop>

00000076 <__do_clear_bss>:
      76:	21 e0       	ldi	r18, 0x01	; 1

00000078 <.Loc.1>:
      78:	aa e8       	ldi	r26, 0x8A	; 138

0000007a <.Loc.2>:
      7a:	b0 e0       	ldi	r27, 0x00	; 0

0000007c <.Loc.3>:
      7c:	01 c0       	rjmp	.+2      	; 0x80 <.Loc.5>

0000007e <.Loc.4>:
      7e:	1d 92       	st	X+, r1

00000080 <.Loc.5>:
      80:	a6 32       	cpi	r26, 0x26	; 38

00000082 <.Loc.6>:
      82:	b2 07       	cpc	r27, r18

00000084 <.Loc.7>:
      84:	e1 f7       	brne	.-8      	; 0x7e <.Loc.4>

00000086 <L0^A>:
      86:	0e 94 61 08 	call	0x10c2	; 0x10c2 <main>
      8a:	0c 94 c1 0b 	jmp	0x1782	; 0x1782 <_exit>

0000008e <__bad_interrupt>:
      8e:	0c 94 00 00 	jmp	0	; 0x0 <__vectors>

00000092 <DCM_Init>:
      92:	41 e0       	ldi	r20, 0x01	; 1
      94:	65 e0       	ldi	r22, 0x05	; 5
      96:	83 e0       	ldi	r24, 0x03	; 3
      98:	0e 94 3a 03 	call	0x674	; 0x674 <DIO_InitPin>
      9c:	41 e0       	ldi	r20, 0x01	; 1
      9e:	66 e0       	ldi	r22, 0x06	; 6
      a0:	83 e0       	ldi	r24, 0x03	; 3
      a2:	0e 94 3a 03 	call	0x674	; 0x674 <DIO_InitPin>
      a6:	40 e0       	ldi	r20, 0x00	; 0
      a8:	65 e0       	ldi	r22, 0x05	; 5
      aa:	83 e0       	ldi	r24, 0x03	; 3
      ac:	0e 94 88 03 	call	0x710	; 0x710 <DIO_WritePin>
      b0:	40 e0       	ldi	r20, 0x00	; 0
      b2:	66 e0       	ldi	r22, 0x06	; 6
      b4:	83 e0       	ldi	r24, 0x03	; 3
      b6:	0c 94 88 03 	jmp	0x710	; 0x710 <DIO_WritePin>

000000ba <DCM_OpenGate>:
      ba:	41 e0       	ldi	r20, 0x01	; 1
      bc:	65 e0       	ldi	r22, 0x05	; 5
      be:	83 e0       	ldi	r24, 0x03	; 3
      c0:	0e 94 88 03 	call	0x710	; 0x710 <DIO_WritePin>
      c4:	40 e0       	ldi	r20, 0x00	; 0
      c6:	66 e0       	ldi	r22, 0x06	; 6
      c8:	83 e0       	ldi	r24, 0x03	; 3
      ca:	0e 94 88 03 	call	0x710	; 0x710 <DIO_WritePin>
      ce:	2f ef       	ldi	r18, 0xFF	; 255
      d0:	82 e5       	ldi	r24, 0x52	; 82
      d2:	97 e0       	ldi	r25, 0x07	; 7

000000d4 <.L1^B1>:
      d4:	21 50       	subi	r18, 0x01	; 1
      d6:	80 40       	sbci	r24, 0x00	; 0
      d8:	90 40       	sbci	r25, 0x00	; 0
      da:	e1 f7       	brne	.-8      	; 0xd4 <.L1^B1>
      dc:	00 c0       	rjmp	.+0      	; 0xde <L0^A>

000000de <L0^A>:
      de:	00 00       	nop
      e0:	40 e0       	ldi	r20, 0x00	; 0
      e2:	65 e0       	ldi	r22, 0x05	; 5
      e4:	83 e0       	ldi	r24, 0x03	; 3
      e6:	0e 94 88 03 	call	0x710	; 0x710 <DIO_WritePin>
      ea:	40 e0       	ldi	r20, 0x00	; 0
      ec:	66 e0       	ldi	r22, 0x06	; 6
      ee:	83 e0       	ldi	r24, 0x03	; 3
      f0:	0c 94 88 03 	jmp	0x710	; 0x710 <DIO_WritePin>

000000f4 <DCM_CloseGate>:
      f4:	40 e0       	ldi	r20, 0x00	; 0
      f6:	65 e0       	ldi	r22, 0x05	; 5
      f8:	83 e0       	ldi	r24, 0x03	; 3
      fa:	0e 94 88 03 	call	0x710	; 0x710 <DIO_WritePin>
      fe:	41 e0       	ldi	r20, 0x01	; 1
     100:	66 e0       	ldi	r22, 0x06	; 6
     102:	83 e0       	ldi	r24, 0x03	; 3
     104:	0e 94 88 03 	call	0x710	; 0x710 <DIO_WritePin>
     108:	2f ef       	ldi	r18, 0xFF	; 255
     10a:	82 e5       	ldi	r24, 0x52	; 82
     10c:	97 e0       	ldi	r25, 0x07	; 7

0000010e <.L1^B2>:
     10e:	21 50       	subi	r18, 0x01	; 1
     110:	80 40       	sbci	r24, 0x00	; 0
     112:	90 40       	sbci	r25, 0x00	; 0
     114:	e1 f7       	brne	.-8      	; 0x10e <.L1^B2>
     116:	00 c0       	rjmp	.+0      	; 0x118 <L0^A>

00000118 <L0^A>:
     118:	00 00       	nop
     11a:	40 e0       	ldi	r20, 0x00	; 0
     11c:	65 e0       	ldi	r22, 0x05	; 5
     11e:	83 e0       	ldi	r24, 0x03	; 3
     120:	0e 94 88 03 	call	0x710	; 0x710 <DIO_WritePin>
     124:	40 e0       	ldi	r20, 0x00	; 0
     126:	66 e0       	ldi	r22, 0x06	; 6
     128:	83 e0       	ldi	r24, 0x03	; 3
     12a:	0c 94 88 03 	jmp	0x710	; 0x710 <DIO_WritePin>

0000012e <DCM_Stop>:
     12e:	40 e0       	ldi	r20, 0x00	; 0
     130:	65 e0       	ldi	r22, 0x05	; 5
     132:	83 e0       	ldi	r24, 0x03	; 3
     134:	0e 94 88 03 	call	0x710	; 0x710 <DIO_WritePin>
     138:	40 e0       	ldi	r20, 0x00	; 0
     13a:	66 e0       	ldi	r22, 0x06	; 6
     13c:	83 e0       	ldi	r24, 0x03	; 3
     13e:	0c 94 88 03 	jmp	0x710	; 0x710 <DIO_WritePin>

00000142 <KeyPad_Init>:
     142:	ef 92       	push	r14
     144:	ff 92       	push	r15
     146:	0f 93       	push	r16
     148:	1f 93       	push	r17
     14a:	cf 93       	push	r28
     14c:	df 93       	push	r29
     14e:	c8 e7       	ldi	r28, 0x78	; 120
     150:	d0 e0       	ldi	r29, 0x00	; 0
     152:	9c e7       	ldi	r25, 0x7C	; 124
     154:	e9 2e       	mov	r14, r25
     156:	90 e0       	ldi	r25, 0x00	; 0
     158:	f9 2e       	mov	r15, r25

0000015a <.L2>:
     15a:	09 91       	ld	r16, Y+
     15c:	f7 01       	movw	r30, r14
     15e:	11 91       	ld	r17, Z+
     160:	7f 01       	movw	r14, r30
     162:	40 e0       	ldi	r20, 0x00	; 0
     164:	60 2f       	mov	r22, r16
     166:	81 2f       	mov	r24, r17
     168:	0e 94 3a 03 	call	0x674	; 0x674 <DIO_InitPin>
     16c:	41 e0       	ldi	r20, 0x01	; 1
     16e:	60 2f       	mov	r22, r16
     170:	81 2f       	mov	r24, r17
     172:	0e 94 88 03 	call	0x710	; 0x710 <DIO_WritePin>
     176:	f0 e0       	ldi	r31, 0x00	; 0
     178:	cc 37       	cpi	r28, 0x7C	; 124
     17a:	df 07       	cpc	r29, r31
     17c:	71 f7       	brne	.-36     	; 0x15a <.L2>
     17e:	c0 e7       	ldi	r28, 0x70	; 112
     180:	d0 e0       	ldi	r29, 0x00	; 0
     182:	84 e7       	ldi	r24, 0x74	; 116
     184:	e8 2e       	mov	r14, r24
     186:	80 e0       	ldi	r24, 0x00	; 0
     188:	f8 2e       	mov	r15, r24

0000018a <.L3>:
     18a:	09 91       	ld	r16, Y+
     18c:	f7 01       	movw	r30, r14
     18e:	11 91       	ld	r17, Z+
     190:	7f 01       	movw	r14, r30
     192:	41 e0       	ldi	r20, 0x01	; 1
     194:	60 2f       	mov	r22, r16
     196:	81 2f       	mov	r24, r17
     198:	0e 94 3a 03 	call	0x674	; 0x674 <DIO_InitPin>
     19c:	41 e0       	ldi	r20, 0x01	; 1
     19e:	60 2f       	mov	r22, r16
     1a0:	81 2f       	mov	r24, r17
     1a2:	0e 94 88 03 	call	0x710	; 0x710 <DIO_WritePin>
     1a6:	f0 e0       	ldi	r31, 0x00	; 0
     1a8:	c4 37       	cpi	r28, 0x74	; 116
     1aa:	df 07       	cpc	r29, r31
     1ac:	71 f7       	brne	.-36     	; 0x18a <.L3>
     1ae:	df 91       	pop	r29
     1b0:	cf 91       	pop	r28
     1b2:	1f 91       	pop	r17
     1b4:	0f 91       	pop	r16
     1b6:	ff 90       	pop	r15
     1b8:	ef 90       	pop	r14
     1ba:	08 95       	ret

000001bc <KeyPad_Getpressedkey>:
     1bc:	2f 92       	push	r2
     1be:	3f 92       	push	r3
     1c0:	4f 92       	push	r4
     1c2:	5f 92       	push	r5
     1c4:	6f 92       	push	r6
     1c6:	7f 92       	push	r7
     1c8:	8f 92       	push	r8
     1ca:	9f 92       	push	r9
     1cc:	af 92       	push	r10
     1ce:	bf 92       	push	r11
     1d0:	cf 92       	push	r12
     1d2:	df 92       	push	r13
     1d4:	ef 92       	push	r14
     1d6:	ff 92       	push	r15
     1d8:	0f 93       	push	r16
     1da:	1f 93       	push	r17
     1dc:	cf 93       	push	r28
     1de:	df 93       	push	r29
     1e0:	0f 92       	push	r0
     1e2:	cd b7       	in	r28, 0x3d	; 61
     1e4:	de b7       	in	r29, 0x3e	; 62
     1e6:	19 82       	std	Y+1, r1	; 0x01
     1e8:	50 e7       	ldi	r21, 0x70	; 112
     1ea:	85 2e       	mov	r8, r21
     1ec:	50 e0       	ldi	r21, 0x00	; 0
     1ee:	95 2e       	mov	r9, r21
     1f0:	64 e7       	ldi	r22, 0x74	; 116
     1f2:	66 2e       	mov	r6, r22
     1f4:	60 e0       	ldi	r22, 0x00	; 0
     1f6:	76 2e       	mov	r7, r22
     1f8:	a1 2c       	mov	r10, r1
     1fa:	b1 2c       	mov	r11, r1

000001fc <.L12>:
     1fc:	f4 01       	movw	r30, r8
     1fe:	20 80       	ld	r2, Z
     200:	f3 01       	movw	r30, r6
     202:	30 80       	ld	r3, Z
     204:	40 e0       	ldi	r20, 0x00	; 0
     206:	62 2d       	mov	r22, r2
     208:	83 2d       	mov	r24, r3
     20a:	0e 94 88 03 	call	0x710	; 0x710 <DIO_WritePin>
     20e:	38 e7       	ldi	r19, 0x78	; 120
     210:	c3 2e       	mov	r12, r19
     212:	30 e0       	ldi	r19, 0x00	; 0
     214:	d3 2e       	mov	r13, r19
     216:	4c e7       	ldi	r20, 0x7C	; 124
     218:	e4 2e       	mov	r14, r20
     21a:	40 e0       	ldi	r20, 0x00	; 0
     21c:	f4 2e       	mov	r15, r20
     21e:	00 e0       	ldi	r16, 0x00	; 0
     220:	10 e0       	ldi	r17, 0x00	; 0

00000222 <.L11>:
     222:	f6 01       	movw	r30, r12
     224:	50 80       	ld	r5, Z
     226:	f7 01       	movw	r30, r14
     228:	40 80       	ld	r4, Z
     22a:	ae 01       	movw	r20, r28
     22c:	4f 5f       	subi	r20, 0xFF	; 255
     22e:	5f 4f       	sbci	r21, 0xFF	; 255
     230:	65 2d       	mov	r22, r5
     232:	84 2d       	mov	r24, r4
     234:	0e 94 d6 03 	call	0x7ac	; 0x7ac <DIO_ReadPin>
     238:	89 81       	ldd	r24, Y+1	; 0x01
     23a:	81 15       	cp	r24, r1
     23c:	99 f1       	breq	.+102    	; 0x2a4 <.L17>
     23e:	9f ef       	ldi	r25, 0xFF	; 255
     240:	c9 1a       	sub	r12, r25
     242:	d9 0a       	sbc	r13, r25
     244:	ef ef       	ldi	r30, 0xFF	; 255
     246:	ee 1a       	sub	r14, r30
     248:	fe 0a       	sbc	r15, r30
     24a:	0f 5f       	subi	r16, 0xFF	; 255
     24c:	1f 4f       	sbci	r17, 0xFF	; 255
     24e:	04 30       	cpi	r16, 0x04	; 4
     250:	11 05       	cpc	r17, r1
     252:	39 f7       	brne	.-50     	; 0x222 <.L11>
     254:	ff ef       	ldi	r31, 0xFF	; 255
     256:	8f 1a       	sub	r8, r31
     258:	9f 0a       	sbc	r9, r31
     25a:	8f ef       	ldi	r24, 0xFF	; 255
     25c:	68 1a       	sub	r6, r24
     25e:	78 0a       	sbc	r7, r24
     260:	41 e0       	ldi	r20, 0x01	; 1
     262:	62 2d       	mov	r22, r2
     264:	83 2d       	mov	r24, r3
     266:	0e 94 88 03 	call	0x710	; 0x710 <DIO_WritePin>
     26a:	9f ef       	ldi	r25, 0xFF	; 255
     26c:	a9 1a       	sub	r10, r25
     26e:	b9 0a       	sbc	r11, r25
     270:	e4 e0       	ldi	r30, 0x04	; 4
     272:	ae 16       	cp	r10, r30
     274:	b1 04       	cpc	r11, r1
     276:	11 f6       	brne	.-124    	; 0x1fc <.L12>
     278:	1f ef       	ldi	r17, 0xFF	; 255

0000027a <.L7>:
     27a:	81 2f       	mov	r24, r17
     27c:	0f 90       	pop	r0
     27e:	df 91       	pop	r29
     280:	cf 91       	pop	r28
     282:	1f 91       	pop	r17
     284:	0f 91       	pop	r16
     286:	ff 90       	pop	r15
     288:	ef 90       	pop	r14
     28a:	df 90       	pop	r13
     28c:	cf 90       	pop	r12
     28e:	bf 90       	pop	r11
     290:	af 90       	pop	r10
     292:	9f 90       	pop	r9
     294:	8f 90       	pop	r8
     296:	7f 90       	pop	r7
     298:	6f 90       	pop	r6
     29a:	5f 90       	pop	r5
     29c:	4f 90       	pop	r4
     29e:	3f 90       	pop	r3
     2a0:	2f 90       	pop	r2
     2a2:	08 95       	ret

000002a4 <.L17>:
     2a4:	c5 01       	movw	r24, r10
     2a6:	88 0f       	add	r24, r24
     2a8:	99 1f       	adc	r25, r25
     2aa:	88 0f       	add	r24, r24
     2ac:	99 1f       	adc	r25, r25
     2ae:	80 5a       	subi	r24, 0xA0	; 160
     2b0:	9f 4f       	sbci	r25, 0xFF	; 255
     2b2:	fc 01       	movw	r30, r24
     2b4:	e0 0f       	add	r30, r16
     2b6:	f1 1f       	adc	r31, r17
     2b8:	10 81       	ld	r17, Z

000002ba <.L9>:
     2ba:	ae 01       	movw	r20, r28
     2bc:	4f 5f       	subi	r20, 0xFF	; 255
     2be:	5f 4f       	sbci	r21, 0xFF	; 255
     2c0:	65 2d       	mov	r22, r5
     2c2:	84 2d       	mov	r24, r4
     2c4:	0e 94 d6 03 	call	0x7ac	; 0x7ac <DIO_ReadPin>
     2c8:	89 81       	ldd	r24, Y+1	; 0x01
     2ca:	81 15       	cp	r24, r1
     2cc:	b1 f3       	breq	.-20     	; 0x2ba <.L9>
     2ce:	8f e3       	ldi	r24, 0x3F	; 63
     2d0:	9c e9       	ldi	r25, 0x9C	; 156

000002d2 <.L1^B1>:
     2d2:	01 97       	sbiw	r24, 0x01	; 1
     2d4:	f1 f7       	brne	.-4      	; 0x2d2 <.L1^B1>
     2d6:	00 c0       	rjmp	.+0      	; 0x2d8 <L0^A>

000002d8 <L0^A>:
     2d8:	00 00       	nop
     2da:	41 e0       	ldi	r20, 0x01	; 1
     2dc:	62 2d       	mov	r22, r2
     2de:	83 2d       	mov	r24, r3
     2e0:	0e 94 88 03 	call	0x710	; 0x710 <DIO_WritePin>
     2e4:	ca cf       	rjmp	.-108    	; 0x27a <.L7>

000002e6 <LCD_WriteData>:
     2e6:	cf 93       	push	r28
     2e8:	df 93       	push	r29
     2ea:	0f 92       	push	r0
     2ec:	cd b7       	in	r28, 0x3d	; 61
     2ee:	de b7       	in	r29, 0x3e	; 62
     2f0:	89 83       	std	Y+1, r24	; 0x01
     2f2:	61 30       	cpi	r22, 0x01	; 1
     2f4:	e1 f1       	breq	.+120    	; 0x36e <.L6>
     2f6:	20 f0       	brcs	.+8      	; 0x300 <.L7>
     2f8:	0f 90       	pop	r0
     2fa:	df 91       	pop	r29
     2fc:	cf 91       	pop	r28
     2fe:	08 95       	ret

00000300 <.L7>:
     300:	41 e0       	ldi	r20, 0x01	; 1
     302:	80 e0       	ldi	r24, 0x00	; 0
     304:	0e 94 88 03 	call	0x710	; 0x710 <DIO_WritePin>
     308:	40 e0       	ldi	r20, 0x00	; 0
     30a:	61 e0       	ldi	r22, 0x01	; 1
     30c:	80 e0       	ldi	r24, 0x00	; 0
     30e:	0e 94 88 03 	call	0x710	; 0x710 <DIO_WritePin>
     312:	69 81       	ldd	r22, Y+1	; 0x01
     314:	60 7f       	andi	r22, 0xF0	; 240
     316:	81 e0       	ldi	r24, 0x01	; 1
     318:	0e 94 c6 03 	call	0x78c	; 0x78c <DIO_WriteGroup>
     31c:	41 e0       	ldi	r20, 0x01	; 1
     31e:	62 e0       	ldi	r22, 0x02	; 2
     320:	80 e0       	ldi	r24, 0x00	; 0
     322:	0e 94 88 03 	call	0x710	; 0x710 <DIO_WritePin>
     326:	8f ec       	ldi	r24, 0xCF	; 207
     328:	97 e0       	ldi	r25, 0x07	; 7

0000032a <.L1^B1>:
     32a:	01 97       	sbiw	r24, 0x01	; 1
     32c:	f1 f7       	brne	.-4      	; 0x32a <.L1^B1>
     32e:	00 c0       	rjmp	.+0      	; 0x330 <L0^A>

00000330 <L0^A>:
     330:	00 00       	nop
     332:	40 e0       	ldi	r20, 0x00	; 0
     334:	62 e0       	ldi	r22, 0x02	; 2
     336:	80 e0       	ldi	r24, 0x00	; 0
     338:	0e 94 88 03 	call	0x710	; 0x710 <DIO_WritePin>
     33c:	69 81       	ldd	r22, Y+1	; 0x01
     33e:	62 95       	swap	r22
     340:	60 7f       	andi	r22, 0xF0	; 240

00000342 <.L4>:
     342:	81 e0       	ldi	r24, 0x01	; 1
     344:	0e 94 c6 03 	call	0x78c	; 0x78c <DIO_WriteGroup>
     348:	41 e0       	ldi	r20, 0x01	; 1
     34a:	62 e0       	ldi	r22, 0x02	; 2
     34c:	80 e0       	ldi	r24, 0x00	; 0
     34e:	0e 94 88 03 	call	0x710	; 0x710 <DIO_WritePin>
     352:	8f ec       	ldi	r24, 0xCF	; 207
     354:	97 e0       	ldi	r25, 0x07	; 7

00000356 <.L1^B2>:
     356:	01 97       	sbiw	r24, 0x01	; 1
     358:	f1 f7       	brne	.-4      	; 0x356 <.L1^B2>
     35a:	00 c0       	rjmp	.+0      	; 0x35c <L0^A>

0000035c <L0^A>:
     35c:	00 00       	nop
     35e:	40 e0       	ldi	r20, 0x00	; 0
     360:	62 e0       	ldi	r22, 0x02	; 2
     362:	80 e0       	ldi	r24, 0x00	; 0
     364:	0f 90       	pop	r0
     366:	df 91       	pop	r29
     368:	cf 91       	pop	r28
     36a:	0c 94 88 03 	jmp	0x710	; 0x710 <DIO_WritePin>

0000036e <.L6>:
     36e:	41 e0       	ldi	r20, 0x01	; 1
     370:	60 e0       	ldi	r22, 0x00	; 0
     372:	80 e0       	ldi	r24, 0x00	; 0
     374:	0e 94 88 03 	call	0x710	; 0x710 <DIO_WritePin>
     378:	40 e0       	ldi	r20, 0x00	; 0
     37a:	61 e0       	ldi	r22, 0x01	; 1
     37c:	80 e0       	ldi	r24, 0x00	; 0
     37e:	0e 94 88 03 	call	0x710	; 0x710 <DIO_WritePin>
     382:	69 81       	ldd	r22, Y+1	; 0x01
     384:	de cf       	rjmp	.-68     	; 0x342 <.L4>

00000386 <LCD_WriteInstruction>:
     386:	cf 93       	push	r28
     388:	df 93       	push	r29
     38a:	0f 92       	push	r0
     38c:	cd b7       	in	r28, 0x3d	; 61
     38e:	de b7       	in	r29, 0x3e	; 62
     390:	89 83       	std	Y+1, r24	; 0x01
     392:	61 30       	cpi	r22, 0x01	; 1
     394:	e1 f1       	breq	.+120    	; 0x40e <.L12>
     396:	20 f0       	brcs	.+8      	; 0x3a0 <.L13>
     398:	0f 90       	pop	r0
     39a:	df 91       	pop	r29
     39c:	cf 91       	pop	r28
     39e:	08 95       	ret

000003a0 <.L13>:
     3a0:	40 e0       	ldi	r20, 0x00	; 0
     3a2:	80 e0       	ldi	r24, 0x00	; 0
     3a4:	0e 94 88 03 	call	0x710	; 0x710 <DIO_WritePin>
     3a8:	40 e0       	ldi	r20, 0x00	; 0
     3aa:	61 e0       	ldi	r22, 0x01	; 1
     3ac:	80 e0       	ldi	r24, 0x00	; 0
     3ae:	0e 94 88 03 	call	0x710	; 0x710 <DIO_WritePin>
     3b2:	69 81       	ldd	r22, Y+1	; 0x01
     3b4:	60 7f       	andi	r22, 0xF0	; 240
     3b6:	81 e0       	ldi	r24, 0x01	; 1
     3b8:	0e 94 c6 03 	call	0x78c	; 0x78c <DIO_WriteGroup>
     3bc:	41 e0       	ldi	r20, 0x01	; 1
     3be:	62 e0       	ldi	r22, 0x02	; 2
     3c0:	80 e0       	ldi	r24, 0x00	; 0
     3c2:	0e 94 88 03 	call	0x710	; 0x710 <DIO_WritePin>
     3c6:	8f ec       	ldi	r24, 0xCF	; 207
     3c8:	97 e0       	ldi	r25, 0x07	; 7

000003ca <.L1^B3>:
     3ca:	01 97       	sbiw	r24, 0x01	; 1
     3cc:	f1 f7       	brne	.-4      	; 0x3ca <.L1^B3>
     3ce:	00 c0       	rjmp	.+0      	; 0x3d0 <L0^A>

000003d0 <L0^A>:
     3d0:	00 00       	nop
     3d2:	40 e0       	ldi	r20, 0x00	; 0
     3d4:	62 e0       	ldi	r22, 0x02	; 2
     3d6:	80 e0       	ldi	r24, 0x00	; 0
     3d8:	0e 94 88 03 	call	0x710	; 0x710 <DIO_WritePin>
     3dc:	69 81       	ldd	r22, Y+1	; 0x01
     3de:	62 95       	swap	r22
     3e0:	60 7f       	andi	r22, 0xF0	; 240

000003e2 <.L11>:
     3e2:	81 e0       	ldi	r24, 0x01	; 1
     3e4:	0e 94 c6 03 	call	0x78c	; 0x78c <DIO_WriteGroup>
     3e8:	41 e0       	ldi	r20, 0x01	; 1
     3ea:	62 e0       	ldi	r22, 0x02	; 2
     3ec:	80 e0       	ldi	r24, 0x00	; 0
     3ee:	0e 94 88 03 	call	0x710	; 0x710 <DIO_WritePin>
     3f2:	8f ec       	ldi	r24, 0xCF	; 207
     3f4:	97 e0       	ldi	r25, 0x07	; 7

000003f6 <.L1^B4>:
     3f6:	01 97       	sbiw	r24, 0x01	; 1
     3f8:	f1 f7       	brne	.-4      	; 0x3f6 <.L1^B4>
     3fa:	00 c0       	rjmp	.+0      	; 0x3fc <L0^A>

000003fc <L0^A>:
     3fc:	00 00       	nop
     3fe:	40 e0       	ldi	r20, 0x00	; 0
     400:	62 e0       	ldi	r22, 0x02	; 2
     402:	80 e0       	ldi	r24, 0x00	; 0
     404:	0f 90       	pop	r0
     406:	df 91       	pop	r29
     408:	cf 91       	pop	r28
     40a:	0c 94 88 03 	jmp	0x710	; 0x710 <DIO_WritePin>

0000040e <.L12>:
     40e:	40 e0       	ldi	r20, 0x00	; 0
     410:	60 e0       	ldi	r22, 0x00	; 0
     412:	80 e0       	ldi	r24, 0x00	; 0
     414:	0e 94 88 03 	call	0x710	; 0x710 <DIO_WritePin>
     418:	40 e0       	ldi	r20, 0x00	; 0
     41a:	61 e0       	ldi	r22, 0x01	; 1
     41c:	80 e0       	ldi	r24, 0x00	; 0
     41e:	0e 94 88 03 	call	0x710	; 0x710 <DIO_WritePin>
     422:	69 81       	ldd	r22, Y+1	; 0x01
     424:	de cf       	rjmp	.-68     	; 0x3e2 <.L11>

00000426 <LCD_Init>:
     426:	81 30       	cpi	r24, 0x01	; 1
     428:	09 f4       	brne	.+2      	; 0x42c <L0^A+0x2>

0000042a <L0^A>:
     42a:	50 c0       	rjmp	.+160    	; 0x4cc <.L18>
     42c:	08 f0       	brcs	.+2      	; 0x430 <.L19>
     42e:	08 95       	ret

00000430 <.L19>:
     430:	41 e0       	ldi	r20, 0x01	; 1
     432:	60 e0       	ldi	r22, 0x00	; 0
     434:	0e 94 3a 03 	call	0x674	; 0x674 <DIO_InitPin>
     438:	41 e0       	ldi	r20, 0x01	; 1
     43a:	61 e0       	ldi	r22, 0x01	; 1
     43c:	80 e0       	ldi	r24, 0x00	; 0
     43e:	0e 94 3a 03 	call	0x674	; 0x674 <DIO_InitPin>
     442:	41 e0       	ldi	r20, 0x01	; 1
     444:	62 e0       	ldi	r22, 0x02	; 2
     446:	80 e0       	ldi	r24, 0x00	; 0
     448:	0e 94 3a 03 	call	0x674	; 0x674 <DIO_InitPin>
     44c:	6f ef       	ldi	r22, 0xFF	; 255
     44e:	81 e0       	ldi	r24, 0x01	; 1
     450:	0e 94 78 03 	call	0x6f0	; 0x6f0 <DIO_InitGroup>
     454:	9f eb       	ldi	r25, 0xBF	; 191
     456:	2a ed       	ldi	r18, 0xDA	; 218
     458:	80 e0       	ldi	r24, 0x00	; 0

0000045a <.L1^B5>:
     45a:	91 50       	subi	r25, 0x01	; 1
     45c:	20 40       	sbci	r18, 0x00	; 0
     45e:	80 40       	sbci	r24, 0x00	; 0
     460:	e1 f7       	brne	.-8      	; 0x45a <.L1^B5>
     462:	00 c0       	rjmp	.+0      	; 0x464 <L0^A>

00000464 <L0^A>:
     464:	00 00       	nop
     466:	60 e0       	ldi	r22, 0x00	; 0
     468:	82 e0       	ldi	r24, 0x02	; 2
     46a:	0e 94 c3 01 	call	0x386	; 0x386 <LCD_WriteInstruction>
     46e:	8f ec       	ldi	r24, 0xCF	; 207
     470:	97 e0       	ldi	r25, 0x07	; 7

00000472 <.L1^B6>:
     472:	01 97       	sbiw	r24, 0x01	; 1
     474:	f1 f7       	brne	.-4      	; 0x472 <.L1^B6>
     476:	00 c0       	rjmp	.+0      	; 0x478 <L0^A>

00000478 <L0^A>:
     478:	00 00       	nop
     47a:	60 e0       	ldi	r22, 0x00	; 0
     47c:	88 e2       	ldi	r24, 0x28	; 40
     47e:	0e 94 c3 01 	call	0x386	; 0x386 <LCD_WriteInstruction>
     482:	8f ec       	ldi	r24, 0xCF	; 207
     484:	97 e0       	ldi	r25, 0x07	; 7

00000486 <.L1^B7>:
     486:	01 97       	sbiw	r24, 0x01	; 1
     488:	f1 f7       	brne	.-4      	; 0x486 <.L1^B7>
     48a:	00 c0       	rjmp	.+0      	; 0x48c <L0^A>

0000048c <L0^A>:
     48c:	00 00       	nop
     48e:	60 e0       	ldi	r22, 0x00	; 0
     490:	8c e0       	ldi	r24, 0x0C	; 12
     492:	0e 94 c3 01 	call	0x386	; 0x386 <LCD_WriteInstruction>
     496:	8f ec       	ldi	r24, 0xCF	; 207
     498:	97 e0       	ldi	r25, 0x07	; 7

0000049a <.L1^B8>:
     49a:	01 97       	sbiw	r24, 0x01	; 1
     49c:	f1 f7       	brne	.-4      	; 0x49a <.L1^B8>
     49e:	00 c0       	rjmp	.+0      	; 0x4a0 <L0^A>

000004a0 <L0^A>:
     4a0:	00 00       	nop
     4a2:	60 e0       	ldi	r22, 0x00	; 0
     4a4:	81 e0       	ldi	r24, 0x01	; 1
     4a6:	0e 94 c3 01 	call	0x386	; 0x386 <LCD_WriteInstruction>
     4aa:	8f e9       	ldi	r24, 0x9F	; 159
     4ac:	9f e0       	ldi	r25, 0x0F	; 15

000004ae <.L1^B9>:
     4ae:	01 97       	sbiw	r24, 0x01	; 1
     4b0:	f1 f7       	brne	.-4      	; 0x4ae <.L1^B9>
     4b2:	00 c0       	rjmp	.+0      	; 0x4b4 <L0^A>

000004b4 <L0^A>:
     4b4:	00 00       	nop
     4b6:	60 e0       	ldi	r22, 0x00	; 0

000004b8 <.L17>:
     4b8:	86 e0       	ldi	r24, 0x06	; 6
     4ba:	0e 94 c3 01 	call	0x386	; 0x386 <LCD_WriteInstruction>
     4be:	8f ec       	ldi	r24, 0xCF	; 207
     4c0:	97 e0       	ldi	r25, 0x07	; 7

000004c2 <.L1^B10>:
     4c2:	01 97       	sbiw	r24, 0x01	; 1
     4c4:	f1 f7       	brne	.-4      	; 0x4c2 <.L1^B10>
     4c6:	00 c0       	rjmp	.+0      	; 0x4c8 <L0^A>

000004c8 <L0^A>:
     4c8:	00 00       	nop
     4ca:	08 95       	ret

000004cc <.L18>:
     4cc:	41 e0       	ldi	r20, 0x01	; 1
     4ce:	60 e0       	ldi	r22, 0x00	; 0
     4d0:	80 e0       	ldi	r24, 0x00	; 0
     4d2:	0e 94 3a 03 	call	0x674	; 0x674 <DIO_InitPin>
     4d6:	41 e0       	ldi	r20, 0x01	; 1
     4d8:	61 e0       	ldi	r22, 0x01	; 1
     4da:	80 e0       	ldi	r24, 0x00	; 0
     4dc:	0e 94 3a 03 	call	0x674	; 0x674 <DIO_InitPin>
     4e0:	41 e0       	ldi	r20, 0x01	; 1
     4e2:	62 e0       	ldi	r22, 0x02	; 2
     4e4:	80 e0       	ldi	r24, 0x00	; 0
     4e6:	0e 94 3a 03 	call	0x674	; 0x674 <DIO_InitPin>
     4ea:	6f ef       	ldi	r22, 0xFF	; 255
     4ec:	81 e0       	ldi	r24, 0x01	; 1
     4ee:	0e 94 78 03 	call	0x6f0	; 0x6f0 <DIO_InitGroup>
     4f2:	2f eb       	ldi	r18, 0xBF	; 191
     4f4:	8a ed       	ldi	r24, 0xDA	; 218
     4f6:	90 e0       	ldi	r25, 0x00	; 0

000004f8 <.L1^B11>:
     4f8:	21 50       	subi	r18, 0x01	; 1
     4fa:	80 40       	sbci	r24, 0x00	; 0
     4fc:	90 40       	sbci	r25, 0x00	; 0
     4fe:	e1 f7       	brne	.-8      	; 0x4f8 <.L1^B11>
     500:	00 c0       	rjmp	.+0      	; 0x502 <L0^A>

00000502 <L0^A>:
     502:	00 00       	nop
     504:	61 e0       	ldi	r22, 0x01	; 1
     506:	88 e3       	ldi	r24, 0x38	; 56
     508:	0e 94 c3 01 	call	0x386	; 0x386 <LCD_WriteInstruction>
     50c:	8f ec       	ldi	r24, 0xCF	; 207
     50e:	97 e0       	ldi	r25, 0x07	; 7

00000510 <.L1^B12>:
     510:	01 97       	sbiw	r24, 0x01	; 1
     512:	f1 f7       	brne	.-4      	; 0x510 <.L1^B12>
     514:	00 c0       	rjmp	.+0      	; 0x516 <L0^A>

00000516 <L0^A>:
     516:	00 00       	nop
     518:	61 e0       	ldi	r22, 0x01	; 1
     51a:	8e e0       	ldi	r24, 0x0E	; 14
     51c:	0e 94 c3 01 	call	0x386	; 0x386 <LCD_WriteInstruction>
     520:	8f ec       	ldi	r24, 0xCF	; 207
     522:	97 e0       	ldi	r25, 0x07	; 7

00000524 <.L1^B13>:
     524:	01 97       	sbiw	r24, 0x01	; 1
     526:	f1 f7       	brne	.-4      	; 0x524 <.L1^B13>
     528:	00 c0       	rjmp	.+0      	; 0x52a <L0^A>

0000052a <L0^A>:
     52a:	00 00       	nop
     52c:	61 e0       	ldi	r22, 0x01	; 1
     52e:	81 e0       	ldi	r24, 0x01	; 1
     530:	0e 94 c3 01 	call	0x386	; 0x386 <LCD_WriteInstruction>
     534:	8f e9       	ldi	r24, 0x9F	; 159
     536:	9f e0       	ldi	r25, 0x0F	; 15

00000538 <.L1^B14>:
     538:	01 97       	sbiw	r24, 0x01	; 1
     53a:	f1 f7       	brne	.-4      	; 0x538 <.L1^B14>
     53c:	00 c0       	rjmp	.+0      	; 0x53e <L0^A>

0000053e <L0^A>:
     53e:	00 00       	nop
     540:	61 e0       	ldi	r22, 0x01	; 1
     542:	ba cf       	rjmp	.-140    	; 0x4b8 <.L17>

00000544 <LCD_WriteString>:
     544:	0f 93       	push	r16
     546:	1f 93       	push	r17
     548:	cf 93       	push	r28
     54a:	df 93       	push	r29
     54c:	00 d0       	rcall	.+0      	; 0x54e <L0^A>

0000054e <L0^A>:
     54e:	cd b7       	in	r28, 0x3d	; 61
     550:	de b7       	in	r29, 0x3e	; 62
     552:	8c 01       	movw	r16, r24
     554:	69 83       	std	Y+1, r22	; 0x01
     556:	00 97       	sbiw	r24, 0x00	; 0
     558:	91 f0       	breq	.+36     	; 0x57e <.L20>
     55a:	fc 01       	movw	r30, r24
     55c:	80 81       	ld	r24, Z
     55e:	81 15       	cp	r24, r1
     560:	71 f0       	breq	.+28     	; 0x57e <.L20>
     562:	1a 82       	std	Y+2, r1	; 0x02

00000564 <.L22>:
     564:	69 81       	ldd	r22, Y+1	; 0x01
     566:	0e 94 73 01 	call	0x2e6	; 0x2e6 <LCD_WriteData>
     56a:	fa 81       	ldd	r31, Y+2	; 0x02
     56c:	ff 5f       	subi	r31, 0xFF	; 255
     56e:	fa 83       	std	Y+2, r31	; 0x02
     570:	f8 01       	movw	r30, r16
     572:	8a 81       	ldd	r24, Y+2	; 0x02
     574:	e8 0f       	add	r30, r24
     576:	f1 1d       	adc	r31, r1
     578:	80 81       	ld	r24, Z
     57a:	81 11       	cpse	r24, r1
     57c:	f3 cf       	rjmp	.-26     	; 0x564 <.L22>

0000057e <.L20>:
     57e:	0f 90       	pop	r0
     580:	0f 90       	pop	r0
     582:	df 91       	pop	r29
     584:	cf 91       	pop	r28
     586:	1f 91       	pop	r17
     588:	0f 91       	pop	r16
     58a:	08 95       	ret

0000058c <LCD_GotoXY>:
     58c:	81 30       	cpi	r24, 0x01	; 1
     58e:	58 f0       	brcs	.+22     	; 0x5a6 <.L31>
     590:	31 f4       	brne	.+12     	; 0x59e <.L34>
     592:	80 e4       	ldi	r24, 0x40	; 64
     594:	86 0f       	add	r24, r22
     596:	80 68       	ori	r24, 0x80	; 128
     598:	60 e0       	ldi	r22, 0x00	; 0
     59a:	0c 94 c3 01 	jmp	0x386	; 0x386 <LCD_WriteInstruction>

0000059e <.L34>:
     59e:	80 e8       	ldi	r24, 0x80	; 128
     5a0:	60 e0       	ldi	r22, 0x00	; 0
     5a2:	0c 94 c3 01 	jmp	0x386	; 0x386 <LCD_WriteInstruction>

000005a6 <.L31>:
     5a6:	86 2f       	mov	r24, r22
     5a8:	80 68       	ori	r24, 0x80	; 128
     5aa:	60 e0       	ldi	r22, 0x00	; 0
     5ac:	0c 94 c3 01 	jmp	0x386	; 0x386 <LCD_WriteInstruction>

000005b0 <LCD_WriteNumber>:
     5b0:	ff 92       	push	r15
     5b2:	0f 93       	push	r16
     5b4:	1f 93       	push	r17
     5b6:	cf 93       	push	r28
     5b8:	df 93       	push	r29
     5ba:	cd b7       	in	r28, 0x3d	; 61
     5bc:	de b7       	in	r29, 0x3e	; 62
     5be:	2c 97       	sbiw	r28, 0x0c	; 12
     5c0:	0f b6       	in	r0, 0x3f	; 63
     5c2:	f8 94       	cli
     5c4:	de bf       	out	0x3e, r29	; 62
     5c6:	0f be       	out	0x3f, r0	; 63
     5c8:	cd bf       	out	0x3d, r28	; 61
     5ca:	4c 87       	std	Y+12, r20	; 0x0c
     5cc:	9f 93       	push	r25
     5ce:	8f 93       	push	r24
     5d0:	7f 93       	push	r23
     5d2:	6f 93       	push	r22
     5d4:	85 e8       	ldi	r24, 0x85	; 133
     5d6:	90 e0       	ldi	r25, 0x00	; 0
     5d8:	9f 93       	push	r25
     5da:	8f 93       	push	r24
     5dc:	8e 01       	movw	r16, r28
     5de:	0f 5f       	subi	r16, 0xFF	; 255
     5e0:	1f 4f       	sbci	r17, 0xFF	; 255
     5e2:	1f 93       	push	r17
     5e4:	0f 93       	push	r16
     5e6:	0e 94 c9 08 	call	0x1192	; 0x1192 <sprintf>
     5ea:	89 81       	ldd	r24, Y+1	; 0x01
     5ec:	0f b6       	in	r0, 0x3f	; 63
     5ee:	f8 94       	cli
     5f0:	de bf       	out	0x3e, r29	; 62
     5f2:	0f be       	out	0x3f, r0	; 63
     5f4:	cd bf       	out	0x3d, r28	; 61
     5f6:	81 15       	cp	r24, r1
     5f8:	59 f0       	breq	.+22     	; 0x610 <.L35>
     5fa:	f1 2c       	mov	r15, r1

000005fc <.L37>:
     5fc:	6c 85       	ldd	r22, Y+12	; 0x0c
     5fe:	0e 94 73 01 	call	0x2e6	; 0x2e6 <LCD_WriteData>
     602:	f3 94       	inc	r15
     604:	f8 01       	movw	r30, r16
     606:	ef 0d       	add	r30, r15
     608:	f1 1d       	adc	r31, r1
     60a:	80 81       	ld	r24, Z
     60c:	81 11       	cpse	r24, r1
     60e:	f6 cf       	rjmp	.-20     	; 0x5fc <.L37>

00000610 <.L35>:
     610:	2c 96       	adiw	r28, 0x0c	; 12
     612:	0f b6       	in	r0, 0x3f	; 63
     614:	f8 94       	cli
     616:	de bf       	out	0x3e, r29	; 62
     618:	0f be       	out	0x3f, r0	; 63
     61a:	cd bf       	out	0x3d, r28	; 61
     61c:	df 91       	pop	r29
     61e:	cf 91       	pop	r28
     620:	1f 91       	pop	r17
     622:	0f 91       	pop	r16
     624:	ff 90       	pop	r15
     626:	08 95       	ret

00000628 <Led_Init>:
     628:	41 e0       	ldi	r20, 0x01	; 1
     62a:	0c 94 3a 03 	jmp	0x674	; 0x674 <DIO_InitPin>

0000062e <Led_on>:
     62e:	41 30       	cpi	r20, 0x01	; 1
     630:	21 f0       	breq	.+8      	; 0x63a <.L6>
     632:	42 30       	cpi	r20, 0x02	; 2
     634:	09 f0       	breq	.+2      	; 0x638 <.L7>
     636:	08 95       	ret

00000638 <.L7>:
     638:	40 e0       	ldi	r20, 0x00	; 0

0000063a <.L6>:
     63a:	0c 94 88 03 	jmp	0x710	; 0x710 <DIO_WritePin>

0000063e <Led_off>:
     63e:	41 30       	cpi	r20, 0x01	; 1
     640:	19 f0       	breq	.+6      	; 0x648 <.L11>
     642:	42 30       	cpi	r20, 0x02	; 2
     644:	21 f0       	breq	.+8      	; 0x64e <.L12>
     646:	08 95       	ret

00000648 <.L11>:
     648:	40 e0       	ldi	r20, 0x00	; 0
     64a:	0c 94 88 03 	jmp	0x710	; 0x710 <DIO_WritePin>

0000064e <.L12>:
     64e:	41 e0       	ldi	r20, 0x01	; 1
     650:	0c 94 88 03 	jmp	0x710	; 0x710 <DIO_WritePin>

00000654 <TIMER0_1Sec>:
     654:	83 e0       	ldi	r24, 0x03	; 3
     656:	0e 94 d4 05 	call	0xba8	; 0xba8 <TIMER0_Start>
     65a:	28 ee       	ldi	r18, 0xE8	; 232
     65c:	33 e0       	ldi	r19, 0x03	; 3

0000065e <.L2>:
     65e:	08 b6       	in	r0, 0x38	; 56
     660:	01 fe       	sbrs	r0, 1
     662:	fd cf       	rjmp	.-6      	; 0x65e <.L2>
     664:	88 b7       	in	r24, 0x38	; 56
     666:	82 60       	ori	r24, 0x02	; 2
     668:	88 bf       	out	0x38, r24	; 56
     66a:	21 50       	subi	r18, 0x01	; 1
     66c:	30 40       	sbci	r19, 0x00	; 0
     66e:	b9 f7       	brne	.-18     	; 0x65e <.L2>
     670:	0c 94 db 05 	jmp	0xbb6	; 0xbb6 <TIMER0_Stop>

00000674 <DIO_InitPin>:
     674:	84 30       	cpi	r24, 0x04	; 4
     676:	c0 f4       	brcc	.+48     	; 0x6a8 <.L1>
     678:	68 30       	cpi	r22, 0x08	; 8
     67a:	b0 f4       	brcc	.+44     	; 0x6a8 <.L1>
     67c:	41 30       	cpi	r20, 0x01	; 1
     67e:	a9 f0       	breq	.+42     	; 0x6aa <.L11>
     680:	98 f4       	brcc	.+38     	; 0x6a8 <.L1>
     682:	21 e0       	ldi	r18, 0x01	; 1
     684:	01 c0       	rjmp	.+2      	; 0x688 <.L2^B1>

00000686 <.L1^B1>:
     686:	22 0f       	add	r18, r18

00000688 <.L2^B1>:
     688:	6a 95       	dec	r22
     68a:	ea f7       	brpl	.-6      	; 0x686 <.L1^B1>
     68c:	20 95       	com	r18
     68e:	82 30       	cpi	r24, 0x02	; 2
     690:	39 f1       	breq	.+78     	; 0x6e0 <.L7>
     692:	83 30       	cpi	r24, 0x03	; 3
     694:	31 f0       	breq	.+12     	; 0x6a2 <.L8>
     696:	81 30       	cpi	r24, 0x01	; 1
     698:	39 f1       	breq	.+78     	; 0x6e8 <.L9>
     69a:	8a b3       	in	r24, 0x1a	; 26
     69c:	82 23       	and	r24, r18
     69e:	8a bb       	out	0x1a, r24	; 26
     6a0:	08 95       	ret

000006a2 <.L8>:
     6a2:	81 b3       	in	r24, 0x11	; 17
     6a4:	82 23       	and	r24, r18
     6a6:	81 bb       	out	0x11, r24	; 17

000006a8 <.L1>:
     6a8:	08 95       	ret

000006aa <.L11>:
     6aa:	21 e0       	ldi	r18, 0x01	; 1
     6ac:	01 c0       	rjmp	.+2      	; 0x6b0 <.L2^B2>

000006ae <.L1^B2>:
     6ae:	22 0f       	add	r18, r18

000006b0 <.L2^B2>:
     6b0:	6a 95       	dec	r22
     6b2:	ea f7       	brpl	.-6      	; 0x6ae <.L1^B2>
     6b4:	82 30       	cpi	r24, 0x02	; 2
     6b6:	61 f0       	breq	.+24     	; 0x6d0 <.L4>
     6b8:	83 30       	cpi	r24, 0x03	; 3
     6ba:	31 f0       	breq	.+12     	; 0x6c8 <.L5>
     6bc:	81 30       	cpi	r24, 0x01	; 1
     6be:	61 f0       	breq	.+24     	; 0x6d8 <.L6>
     6c0:	8a b3       	in	r24, 0x1a	; 26
     6c2:	82 2b       	or	r24, r18
     6c4:	8a bb       	out	0x1a, r24	; 26
     6c6:	08 95       	ret

000006c8 <.L5>:
     6c8:	81 b3       	in	r24, 0x11	; 17
     6ca:	82 2b       	or	r24, r18
     6cc:	81 bb       	out	0x11, r24	; 17
     6ce:	08 95       	ret

000006d0 <.L4>:
     6d0:	84 b3       	in	r24, 0x14	; 20
     6d2:	82 2b       	or	r24, r18
     6d4:	84 bb       	out	0x14, r24	; 20
     6d6:	08 95       	ret

000006d8 <.L6>:
     6d8:	87 b3       	in	r24, 0x17	; 23
     6da:	82 2b       	or	r24, r18
     6dc:	87 bb       	out	0x17, r24	; 23
     6de:	08 95       	ret

000006e0 <.L7>:
     6e0:	84 b3       	in	r24, 0x14	; 20
     6e2:	82 23       	and	r24, r18
     6e4:	84 bb       	out	0x14, r24	; 20
     6e6:	08 95       	ret

000006e8 <.L9>:
     6e8:	87 b3       	in	r24, 0x17	; 23
     6ea:	82 23       	and	r24, r18
     6ec:	87 bb       	out	0x17, r24	; 23
     6ee:	08 95       	ret

000006f0 <DIO_InitGroup>:
     6f0:	82 30       	cpi	r24, 0x02	; 2
     6f2:	49 f0       	breq	.+18     	; 0x706 <.L13>
     6f4:	20 f4       	brcc	.+8      	; 0x6fe <.L14>
     6f6:	81 15       	cp	r24, r1
     6f8:	41 f0       	breq	.+16     	; 0x70a <.L20>
     6fa:	67 bb       	out	0x17, r22	; 23
     6fc:	08 95       	ret

000006fe <.L14>:
     6fe:	83 30       	cpi	r24, 0x03	; 3
     700:	31 f4       	brne	.+12     	; 0x70e <.L21>
     702:	61 bb       	out	0x11, r22	; 17
     704:	08 95       	ret

00000706 <.L13>:
     706:	64 bb       	out	0x14, r22	; 20
     708:	08 95       	ret

0000070a <.L20>:
     70a:	6a bb       	out	0x1a, r22	; 26
     70c:	08 95       	ret

0000070e <.L21>:
     70e:	08 95       	ret

00000710 <DIO_WritePin>:
     710:	84 30       	cpi	r24, 0x04	; 4
     712:	c0 f4       	brcc	.+48     	; 0x744 <.L22>
     714:	68 30       	cpi	r22, 0x08	; 8
     716:	b0 f4       	brcc	.+44     	; 0x744 <.L22>
     718:	41 30       	cpi	r20, 0x01	; 1
     71a:	a9 f0       	breq	.+42     	; 0x746 <.L31>
     71c:	98 f4       	brcc	.+38     	; 0x744 <.L22>
     71e:	21 e0       	ldi	r18, 0x01	; 1
     720:	01 c0       	rjmp	.+2      	; 0x724 <.L2^B3>

00000722 <.L1^B3>:
     722:	22 0f       	add	r18, r18

00000724 <.L2^B3>:
     724:	6a 95       	dec	r22
     726:	ea f7       	brpl	.-6      	; 0x722 <.L1^B3>
     728:	20 95       	com	r18
     72a:	82 30       	cpi	r24, 0x02	; 2
     72c:	39 f1       	breq	.+78     	; 0x77c <.L28>
     72e:	83 30       	cpi	r24, 0x03	; 3
     730:	31 f0       	breq	.+12     	; 0x73e <.L29>
     732:	81 30       	cpi	r24, 0x01	; 1
     734:	39 f1       	breq	.+78     	; 0x784 <.L30>
     736:	8b b3       	in	r24, 0x1b	; 27
     738:	82 23       	and	r24, r18
     73a:	8b bb       	out	0x1b, r24	; 27
     73c:	08 95       	ret

0000073e <.L29>:
     73e:	82 b3       	in	r24, 0x12	; 18
     740:	82 23       	and	r24, r18
     742:	82 bb       	out	0x12, r24	; 18

00000744 <.L22>:
     744:	08 95       	ret

00000746 <.L31>:
     746:	21 e0       	ldi	r18, 0x01	; 1
     748:	01 c0       	rjmp	.+2      	; 0x74c <.L2^B4>

0000074a <.L1^B4>:
     74a:	22 0f       	add	r18, r18

0000074c <.L2^B4>:
     74c:	6a 95       	dec	r22
     74e:	ea f7       	brpl	.-6      	; 0x74a <.L1^B4>
     750:	82 30       	cpi	r24, 0x02	; 2
     752:	61 f0       	breq	.+24     	; 0x76c <.L25>
     754:	83 30       	cpi	r24, 0x03	; 3
     756:	31 f0       	breq	.+12     	; 0x764 <.L26>
     758:	81 30       	cpi	r24, 0x01	; 1
     75a:	61 f0       	breq	.+24     	; 0x774 <.L27>
     75c:	8b b3       	in	r24, 0x1b	; 27
     75e:	82 2b       	or	r24, r18
     760:	8b bb       	out	0x1b, r24	; 27
     762:	08 95       	ret

00000764 <.L26>:
     764:	82 b3       	in	r24, 0x12	; 18
     766:	82 2b       	or	r24, r18
     768:	82 bb       	out	0x12, r24	; 18
     76a:	08 95       	ret

0000076c <.L25>:
     76c:	85 b3       	in	r24, 0x15	; 21
     76e:	82 2b       	or	r24, r18
     770:	85 bb       	out	0x15, r24	; 21
     772:	08 95       	ret

00000774 <.L27>:
     774:	88 b3       	in	r24, 0x18	; 24
     776:	82 2b       	or	r24, r18
     778:	88 bb       	out	0x18, r24	; 24
     77a:	08 95       	ret

0000077c <.L28>:
     77c:	85 b3       	in	r24, 0x15	; 21
     77e:	82 23       	and	r24, r18
     780:	85 bb       	out	0x15, r24	; 21
     782:	08 95       	ret

00000784 <.L30>:
     784:	88 b3       	in	r24, 0x18	; 24
     786:	82 23       	and	r24, r18
     788:	88 bb       	out	0x18, r24	; 24
     78a:	08 95       	ret

0000078c <DIO_WriteGroup>:
     78c:	82 30       	cpi	r24, 0x02	; 2
     78e:	49 f0       	breq	.+18     	; 0x7a2 <.L33>
     790:	20 f4       	brcc	.+8      	; 0x79a <.L34>
     792:	81 15       	cp	r24, r1
     794:	41 f0       	breq	.+16     	; 0x7a6 <.L40>
     796:	68 bb       	out	0x18, r22	; 24
     798:	08 95       	ret

0000079a <.L34>:
     79a:	83 30       	cpi	r24, 0x03	; 3
     79c:	31 f4       	brne	.+12     	; 0x7aa <.L41>
     79e:	62 bb       	out	0x12, r22	; 18
     7a0:	08 95       	ret

000007a2 <.L33>:
     7a2:	65 bb       	out	0x15, r22	; 21
     7a4:	08 95       	ret

000007a6 <.L40>:
     7a6:	6b bb       	out	0x1b, r22	; 27
     7a8:	08 95       	ret

000007aa <.L41>:
     7aa:	08 95       	ret

000007ac <DIO_ReadPin>:
     7ac:	41 15       	cp	r20, r1
     7ae:	51 05       	cpc	r21, r1
     7b0:	a1 f0       	breq	.+40     	; 0x7da <.L42>
     7b2:	84 30       	cpi	r24, 0x04	; 4
     7b4:	90 f4       	brcc	.+36     	; 0x7da <.L42>
     7b6:	68 30       	cpi	r22, 0x08	; 8
     7b8:	80 f4       	brcc	.+32     	; 0x7da <.L42>
     7ba:	82 30       	cpi	r24, 0x02	; 2
     7bc:	99 f0       	breq	.+38     	; 0x7e4 <.L44>
     7be:	83 30       	cpi	r24, 0x03	; 3
     7c0:	79 f0       	breq	.+30     	; 0x7e0 <.L45>
     7c2:	81 30       	cpi	r24, 0x01	; 1
     7c4:	59 f4       	brne	.+22     	; 0x7dc <.L51>
     7c6:	86 b3       	in	r24, 0x16	; 22

000007c8 <.L50>:
     7c8:	90 e0       	ldi	r25, 0x00	; 0
     7ca:	02 c0       	rjmp	.+4      	; 0x7d0 <.L2^B5>

000007cc <.L1^B5>:
     7cc:	95 95       	asr	r25
     7ce:	87 95       	ror	r24

000007d0 <.L2^B5>:
     7d0:	6a 95       	dec	r22
     7d2:	e2 f7       	brpl	.-8      	; 0x7cc <.L1^B5>
     7d4:	81 70       	andi	r24, 0x01	; 1
     7d6:	fa 01       	movw	r30, r20
     7d8:	80 83       	st	Z, r24

000007da <.L42>:
     7da:	08 95       	ret

000007dc <.L51>:
     7dc:	89 b3       	in	r24, 0x19	; 25
     7de:	f4 cf       	rjmp	.-24     	; 0x7c8 <.L50>

000007e0 <.L45>:
     7e0:	80 b3       	in	r24, 0x10	; 16
     7e2:	f2 cf       	rjmp	.-28     	; 0x7c8 <.L50>

000007e4 <.L44>:
     7e4:	83 b3       	in	r24, 0x13	; 19
     7e6:	f0 cf       	rjmp	.-32     	; 0x7c8 <.L50>

000007e8 <DIO_ReadGroup>:
     7e8:	61 15       	cp	r22, r1
     7ea:	71 05       	cpc	r23, r1
     7ec:	71 f0       	breq	.+28     	; 0x80a <.L52>
     7ee:	82 30       	cpi	r24, 0x02	; 2
     7f0:	91 f0       	breq	.+36     	; 0x816 <.L54>
     7f2:	30 f4       	brcc	.+12     	; 0x800 <.L55>
     7f4:	81 15       	cp	r24, r1
     7f6:	59 f0       	breq	.+22     	; 0x80e <.L63>
     7f8:	86 b3       	in	r24, 0x16	; 22
     7fa:	fb 01       	movw	r30, r22
     7fc:	80 83       	st	Z, r24
     7fe:	08 95       	ret

00000800 <.L55>:
     800:	83 30       	cpi	r24, 0x03	; 3
     802:	21 f4       	brne	.+8      	; 0x80c <.L64>
     804:	80 b3       	in	r24, 0x10	; 16
     806:	fb 01       	movw	r30, r22
     808:	80 83       	st	Z, r24

0000080a <.L52>:
     80a:	08 95       	ret

0000080c <.L64>:
     80c:	08 95       	ret

0000080e <.L63>:
     80e:	89 b3       	in	r24, 0x19	; 25
     810:	fb 01       	movw	r30, r22
     812:	80 83       	st	Z, r24
     814:	08 95       	ret

00000816 <.L54>:
     816:	83 b3       	in	r24, 0x13	; 19
     818:	fb 01       	movw	r30, r22
     81a:	80 83       	st	Z, r24
     81c:	08 95       	ret

0000081e <DIO_Toggle>:
     81e:	82 30       	cpi	r24, 0x02	; 2
     820:	b9 f0       	breq	.+46     	; 0x850 <.L66>
     822:	58 f4       	brcc	.+22     	; 0x83a <.L67>
     824:	81 15       	cp	r24, r1
     826:	e9 f0       	breq	.+58     	; 0x862 <.L73>
     828:	88 b3       	in	r24, 0x18	; 24
     82a:	21 e0       	ldi	r18, 0x01	; 1
     82c:	01 c0       	rjmp	.+2      	; 0x830 <.L2^B6>

0000082e <.L1^B6>:
     82e:	22 0f       	add	r18, r18

00000830 <.L2^B6>:
     830:	6a 95       	dec	r22
     832:	ea f7       	brpl	.-6      	; 0x82e <.L1^B6>
     834:	82 27       	eor	r24, r18
     836:	88 bb       	out	0x18, r24	; 24
     838:	08 95       	ret

0000083a <.L67>:
     83a:	83 30       	cpi	r24, 0x03	; 3
     83c:	d9 f4       	brne	.+54     	; 0x874 <.L74>
     83e:	82 b3       	in	r24, 0x12	; 18
     840:	21 e0       	ldi	r18, 0x01	; 1
     842:	01 c0       	rjmp	.+2      	; 0x846 <.L2^B7>

00000844 <.L1^B7>:
     844:	22 0f       	add	r18, r18

00000846 <.L2^B7>:
     846:	6a 95       	dec	r22
     848:	ea f7       	brpl	.-6      	; 0x844 <.L1^B7>
     84a:	82 27       	eor	r24, r18
     84c:	82 bb       	out	0x12, r24	; 18
     84e:	08 95       	ret

00000850 <.L66>:
     850:	85 b3       	in	r24, 0x15	; 21
     852:	21 e0       	ldi	r18, 0x01	; 1
     854:	01 c0       	rjmp	.+2      	; 0x858 <.L2^B8>

00000856 <.L1^B8>:
     856:	22 0f       	add	r18, r18

00000858 <.L2^B8>:
     858:	6a 95       	dec	r22
     85a:	ea f7       	brpl	.-6      	; 0x856 <.L1^B8>
     85c:	82 27       	eor	r24, r18
     85e:	85 bb       	out	0x15, r24	; 21
     860:	08 95       	ret

00000862 <.L73>:
     862:	8b b3       	in	r24, 0x1b	; 27
     864:	21 e0       	ldi	r18, 0x01	; 1
     866:	01 c0       	rjmp	.+2      	; 0x86a <.L2^B9>

00000868 <.L1^B9>:
     868:	22 0f       	add	r18, r18

0000086a <.L2^B9>:
     86a:	6a 95       	dec	r22
     86c:	ea f7       	brpl	.-6      	; 0x868 <.L1^B9>
     86e:	82 27       	eor	r24, r18
     870:	8b bb       	out	0x1b, r24	; 27
     872:	08 95       	ret

00000874 <.L74>:
     874:	08 95       	ret

00000876 <EXTI_Init>:
     876:	86 30       	cpi	r24, 0x06	; 6
     878:	b1 f0       	breq	.+44     	; 0x8a6 <.L13>
     87a:	87 30       	cpi	r24, 0x07	; 7
     87c:	19 f0       	breq	.+6      	; 0x884 <.L14>
     87e:	85 30       	cpi	r24, 0x05	; 5
     880:	09 f1       	breq	.+66     	; 0x8c4 <.L15>

00000882 <.L1>:
     882:	08 95       	ret

00000884 <.L14>:
     884:	64 30       	cpi	r22, 0x04	; 4
     886:	69 f1       	breq	.+90     	; 0x8e2 <.L16>
     888:	65 30       	cpi	r22, 0x05	; 5
     88a:	09 f4       	brne	.+2      	; 0x88e <L0^A+0x2>

0000088c <L0^A>:
     88c:	43 c0       	rjmp	.+134    	; 0x914 <.L17>
     88e:	66 30       	cpi	r22, 0x06	; 6
     890:	09 f4       	brne	.+2      	; 0x894 <L0^A+0x2>

00000892 <L0^A>:
     892:	47 c0       	rjmp	.+142    	; 0x922 <.L18>
     894:	67 30       	cpi	r22, 0x07	; 7
     896:	a9 f7       	brne	.-22     	; 0x882 <.L1>
     898:	85 b7       	in	r24, 0x35	; 53
     89a:	84 60       	ori	r24, 0x04	; 4
     89c:	85 bf       	out	0x35, r24	; 53
     89e:	85 b7       	in	r24, 0x35	; 53
     8a0:	88 60       	ori	r24, 0x08	; 8
     8a2:	85 bf       	out	0x35, r24	; 53
     8a4:	08 95       	ret

000008a6 <.L13>:
     8a6:	64 30       	cpi	r22, 0x04	; 4
     8a8:	19 f1       	breq	.+70     	; 0x8f0 <.L19>
     8aa:	65 30       	cpi	r22, 0x05	; 5
     8ac:	99 f0       	breq	.+38     	; 0x8d4 <.L20>
     8ae:	66 30       	cpi	r22, 0x06	; 6
     8b0:	31 f1       	breq	.+76     	; 0x8fe <.L21>
     8b2:	67 30       	cpi	r22, 0x07	; 7
     8b4:	31 f7       	brne	.-52     	; 0x882 <.L1>
     8b6:	85 b7       	in	r24, 0x35	; 53
     8b8:	81 60       	ori	r24, 0x01	; 1
     8ba:	85 bf       	out	0x35, r24	; 53
     8bc:	85 b7       	in	r24, 0x35	; 53
     8be:	82 60       	ori	r24, 0x02	; 2
     8c0:	85 bf       	out	0x35, r24	; 53
     8c2:	08 95       	ret

000008c4 <.L15>:
     8c4:	66 30       	cpi	r22, 0x06	; 6
     8c6:	11 f1       	breq	.+68     	; 0x90c <.L22>
     8c8:	67 30       	cpi	r22, 0x07	; 7
     8ca:	d9 f6       	brne	.-74     	; 0x882 <.L1>
     8cc:	84 b7       	in	r24, 0x34	; 52
     8ce:	80 64       	ori	r24, 0x40	; 64
     8d0:	84 bf       	out	0x34, r24	; 52
     8d2:	08 95       	ret

000008d4 <.L20>:
     8d4:	85 b7       	in	r24, 0x35	; 53
     8d6:	81 60       	ori	r24, 0x01	; 1
     8d8:	85 bf       	out	0x35, r24	; 53
     8da:	85 b7       	in	r24, 0x35	; 53
     8dc:	8d 7f       	andi	r24, 0xFD	; 253
     8de:	85 bf       	out	0x35, r24	; 53
     8e0:	08 95       	ret

000008e2 <.L16>:
     8e2:	85 b7       	in	r24, 0x35	; 53
     8e4:	8b 7f       	andi	r24, 0xFB	; 251
     8e6:	85 bf       	out	0x35, r24	; 53
     8e8:	85 b7       	in	r24, 0x35	; 53
     8ea:	87 7f       	andi	r24, 0xF7	; 247
     8ec:	85 bf       	out	0x35, r24	; 53
     8ee:	08 95       	ret

000008f0 <.L19>:
     8f0:	85 b7       	in	r24, 0x35	; 53
     8f2:	8e 7f       	andi	r24, 0xFE	; 254
     8f4:	85 bf       	out	0x35, r24	; 53
     8f6:	85 b7       	in	r24, 0x35	; 53
     8f8:	8d 7f       	andi	r24, 0xFD	; 253
     8fa:	85 bf       	out	0x35, r24	; 53
     8fc:	08 95       	ret

000008fe <.L21>:
     8fe:	85 b7       	in	r24, 0x35	; 53
     900:	8e 7f       	andi	r24, 0xFE	; 254
     902:	85 bf       	out	0x35, r24	; 53
     904:	85 b7       	in	r24, 0x35	; 53
     906:	82 60       	ori	r24, 0x02	; 2
     908:	85 bf       	out	0x35, r24	; 53
     90a:	08 95       	ret

0000090c <.L22>:
     90c:	84 b7       	in	r24, 0x34	; 52
     90e:	8f 7b       	andi	r24, 0xBF	; 191
     910:	84 bf       	out	0x34, r24	; 52
     912:	08 95       	ret

00000914 <.L17>:
     914:	85 b7       	in	r24, 0x35	; 53
     916:	84 60       	ori	r24, 0x04	; 4
     918:	85 bf       	out	0x35, r24	; 53
     91a:	85 b7       	in	r24, 0x35	; 53
     91c:	87 7f       	andi	r24, 0xF7	; 247
     91e:	85 bf       	out	0x35, r24	; 53
     920:	08 95       	ret

00000922 <.L18>:
     922:	85 b7       	in	r24, 0x35	; 53
     924:	8b 7f       	andi	r24, 0xFB	; 251
     926:	85 bf       	out	0x35, r24	; 53
     928:	85 b7       	in	r24, 0x35	; 53
     92a:	88 60       	ori	r24, 0x08	; 8
     92c:	85 bf       	out	0x35, r24	; 53
     92e:	08 95       	ret

00000930 <EXTI_Enable>:
     930:	86 30       	cpi	r24, 0x06	; 6
     932:	49 f0       	breq	.+18     	; 0x946 <.L27>
     934:	87 30       	cpi	r24, 0x07	; 7
     936:	19 f0       	breq	.+6      	; 0x93e <.L28>
     938:	85 30       	cpi	r24, 0x05	; 5
     93a:	49 f0       	breq	.+18     	; 0x94e <.L29>
     93c:	08 95       	ret

0000093e <.L28>:
     93e:	8b b7       	in	r24, 0x3b	; 59
     940:	80 68       	ori	r24, 0x80	; 128
     942:	8b bf       	out	0x3b, r24	; 59
     944:	08 95       	ret

00000946 <.L27>:
     946:	8b b7       	in	r24, 0x3b	; 59
     948:	80 64       	ori	r24, 0x40	; 64
     94a:	8b bf       	out	0x3b, r24	; 59
     94c:	08 95       	ret

0000094e <.L29>:
     94e:	8b b7       	in	r24, 0x3b	; 59
     950:	80 62       	ori	r24, 0x20	; 32
     952:	8b bf       	out	0x3b, r24	; 59
     954:	08 95       	ret

00000956 <EXTI_Disable>:
     956:	86 30       	cpi	r24, 0x06	; 6
     958:	49 f0       	breq	.+18     	; 0x96c <.L34>
     95a:	87 30       	cpi	r24, 0x07	; 7
     95c:	19 f0       	breq	.+6      	; 0x964 <.L35>
     95e:	85 30       	cpi	r24, 0x05	; 5
     960:	49 f0       	breq	.+18     	; 0x974 <.L36>
     962:	08 95       	ret

00000964 <.L35>:
     964:	8b b7       	in	r24, 0x3b	; 59
     966:	8f 77       	andi	r24, 0x7F	; 127
     968:	8b bf       	out	0x3b, r24	; 59
     96a:	08 95       	ret

0000096c <.L34>:
     96c:	8b b7       	in	r24, 0x3b	; 59
     96e:	8f 7b       	andi	r24, 0xBF	; 191
     970:	8b bf       	out	0x3b, r24	; 59
     972:	08 95       	ret

00000974 <.L36>:
     974:	8b b7       	in	r24, 0x3b	; 59
     976:	8f 7d       	andi	r24, 0xDF	; 223
     978:	8b bf       	out	0x3b, r24	; 59
     97a:	08 95       	ret

0000097c <EXTI_CallBack>:
     97c:	83 30       	cpi	r24, 0x03	; 3
     97e:	58 f4       	brcc	.+22     	; 0x996 <.L37>
     980:	61 15       	cp	r22, r1
     982:	71 05       	cpc	r23, r1
     984:	41 f0       	breq	.+16     	; 0x996 <.L37>
     986:	e8 2f       	mov	r30, r24
     988:	f0 e0       	ldi	r31, 0x00	; 0
     98a:	ee 0f       	add	r30, r30
     98c:	ff 1f       	adc	r31, r31
     98e:	e6 57       	subi	r30, 0x76	; 118
     990:	ff 4f       	sbci	r31, 0xFF	; 255
     992:	60 83       	st	Z, r22
     994:	71 83       	std	Z+1, r23	; 0x01

00000996 <.L37>:
     996:	08 95       	ret

00000998 <__vector_1>:
     998:	1f 92       	push	r1
     99a:	0f 92       	push	r0
     99c:	0f b6       	in	r0, 0x3f	; 63
     99e:	0f 92       	push	r0
     9a0:	11 24       	eor	r1, r1
     9a2:	2f 93       	push	r18
     9a4:	3f 93       	push	r19
     9a6:	4f 93       	push	r20
     9a8:	5f 93       	push	r21
     9aa:	6f 93       	push	r22
     9ac:	7f 93       	push	r23
     9ae:	8f 93       	push	r24
     9b0:	9f 93       	push	r25
     9b2:	af 93       	push	r26
     9b4:	bf 93       	push	r27
     9b6:	ef 93       	push	r30
     9b8:	ff 93       	push	r31
     9ba:	e0 91 8a 00 	lds	r30, 0x008A	; 0x80008a <Ptr>
     9be:	f0 91 8b 00 	lds	r31, 0x008B	; 0x80008b <Ptr+0x1>
     9c2:	30 97       	sbiw	r30, 0x00	; 0
     9c4:	09 f0       	breq	.+2      	; 0x9c8 <.L42>
     9c6:	09 95       	icall

000009c8 <.L42>:
     9c8:	ff 91       	pop	r31
     9ca:	ef 91       	pop	r30
     9cc:	bf 91       	pop	r27
     9ce:	af 91       	pop	r26
     9d0:	9f 91       	pop	r25
     9d2:	8f 91       	pop	r24
     9d4:	7f 91       	pop	r23
     9d6:	6f 91       	pop	r22
     9d8:	5f 91       	pop	r21
     9da:	4f 91       	pop	r20
     9dc:	3f 91       	pop	r19
     9de:	2f 91       	pop	r18
     9e0:	0f 90       	pop	r0
     9e2:	0f be       	out	0x3f, r0	; 63
     9e4:	0f 90       	pop	r0
     9e6:	1f 90       	pop	r1
     9e8:	18 95       	reti

000009ea <__vector_2>:
     9ea:	1f 92       	push	r1
     9ec:	0f 92       	push	r0
     9ee:	0f b6       	in	r0, 0x3f	; 63
     9f0:	0f 92       	push	r0
     9f2:	11 24       	eor	r1, r1
     9f4:	2f 93       	push	r18
     9f6:	3f 93       	push	r19
     9f8:	4f 93       	push	r20
     9fa:	5f 93       	push	r21
     9fc:	6f 93       	push	r22
     9fe:	7f 93       	push	r23
     a00:	8f 93       	push	r24
     a02:	9f 93       	push	r25
     a04:	af 93       	push	r26
     a06:	bf 93       	push	r27
     a08:	ef 93       	push	r30
     a0a:	ff 93       	push	r31
     a0c:	e0 91 8c 00 	lds	r30, 0x008C	; 0x80008c <Ptr+0x2>
     a10:	f0 91 8d 00 	lds	r31, 0x008D	; 0x80008d <Ptr+0x3>
     a14:	30 97       	sbiw	r30, 0x00	; 0
     a16:	09 f0       	breq	.+2      	; 0xa1a <.L47>
     a18:	09 95       	icall

00000a1a <.L47>:
     a1a:	ff 91       	pop	r31
     a1c:	ef 91       	pop	r30
     a1e:	bf 91       	pop	r27
     a20:	af 91       	pop	r26
     a22:	9f 91       	pop	r25
     a24:	8f 91       	pop	r24
     a26:	7f 91       	pop	r23
     a28:	6f 91       	pop	r22
     a2a:	5f 91       	pop	r21
     a2c:	4f 91       	pop	r20
     a2e:	3f 91       	pop	r19
     a30:	2f 91       	pop	r18
     a32:	0f 90       	pop	r0
     a34:	0f be       	out	0x3f, r0	; 63
     a36:	0f 90       	pop	r0
     a38:	1f 90       	pop	r1
     a3a:	18 95       	reti

00000a3c <__vector_3>:
     a3c:	1f 92       	push	r1
     a3e:	0f 92       	push	r0
     a40:	0f b6       	in	r0, 0x3f	; 63
     a42:	0f 92       	push	r0
     a44:	11 24       	eor	r1, r1
     a46:	2f 93       	push	r18
     a48:	3f 93       	push	r19
     a4a:	4f 93       	push	r20
     a4c:	5f 93       	push	r21
     a4e:	6f 93       	push	r22
     a50:	7f 93       	push	r23
     a52:	8f 93       	push	r24
     a54:	9f 93       	push	r25
     a56:	af 93       	push	r26
     a58:	bf 93       	push	r27
     a5a:	ef 93       	push	r30
     a5c:	ff 93       	push	r31
     a5e:	e0 91 8e 00 	lds	r30, 0x008E	; 0x80008e <Ptr+0x4>
     a62:	f0 91 8f 00 	lds	r31, 0x008F	; 0x80008f <Ptr+0x5>
     a66:	30 97       	sbiw	r30, 0x00	; 0
     a68:	09 f0       	breq	.+2      	; 0xa6c <.L52>
     a6a:	09 95       	icall

00000a6c <.L52>:
     a6c:	ff 91       	pop	r31
     a6e:	ef 91       	pop	r30
     a70:	bf 91       	pop	r27
     a72:	af 91       	pop	r26
     a74:	9f 91       	pop	r25
     a76:	8f 91       	pop	r24
     a78:	7f 91       	pop	r23
     a7a:	6f 91       	pop	r22
     a7c:	5f 91       	pop	r21
     a7e:	4f 91       	pop	r20
     a80:	3f 91       	pop	r19
     a82:	2f 91       	pop	r18
     a84:	0f 90       	pop	r0
     a86:	0f be       	out	0x3f, r0	; 63
     a88:	0f 90       	pop	r0
     a8a:	1f 90       	pop	r1
     a8c:	18 95       	reti

00000a8e <GIE_Enable>:
     a8e:	8f b7       	in	r24, 0x3f	; 63
     a90:	80 68       	ori	r24, 0x80	; 128
     a92:	8f bf       	out	0x3f, r24	; 63
     a94:	08 95       	ret

00000a96 <GIE_Disable>:
     a96:	8f b7       	in	r24, 0x3f	; 63
     a98:	8f 77       	andi	r24, 0x7F	; 127
     a9a:	8f bf       	out	0x3f, r24	; 63
     a9c:	08 95       	ret

00000a9e <TIMER0_Init>:
     a9e:	cf 93       	push	r28
     aa0:	df 93       	push	r29
     aa2:	00 d0       	rcall	.+0      	; 0xaa4 <L0^A>

00000aa4 <L0^A>:
     aa4:	00 d0       	rcall	.+0      	; 0xaa6 <L0^A>

00000aa6 <L0^A>:
     aa6:	0f 92       	push	r0
     aa8:	cd b7       	in	r28, 0x3d	; 61
     aaa:	de b7       	in	r29, 0x3e	; 62
     aac:	49 83       	std	Y+1, r20	; 0x01
     aae:	5a 83       	std	Y+2, r21	; 0x02
     ab0:	6b 83       	std	Y+3, r22	; 0x03
     ab2:	37 2f       	mov	r19, r23
     ab4:	7c 83       	std	Y+4, r23	; 0x04
     ab6:	28 2f       	mov	r18, r24
     ab8:	8d 83       	std	Y+5, r24	; 0x05
     aba:	13 be       	out	0x33, r1	; 51
     abc:	41 30       	cpi	r20, 0x01	; 1
     abe:	98 f4       	brcc	.+38     	; 0xae6 <.L2>
     ac0:	83 b7       	in	r24, 0x33	; 51
     ac2:	8f 7b       	andi	r24, 0xBF	; 191
     ac4:	83 bf       	out	0x33, r24	; 51
     ac6:	83 b7       	in	r24, 0x33	; 51
     ac8:	87 7f       	andi	r24, 0xF7	; 247
     aca:	83 bf       	out	0x33, r24	; 51
     acc:	8a 81       	ldd	r24, Y+2	; 0x02
     ace:	82 bf       	out	0x32, r24	; 50
     ad0:	89 b7       	in	r24, 0x39	; 57
     ad2:	81 60       	ori	r24, 0x01	; 1
     ad4:	89 bf       	out	0x39, r24	; 57

00000ad6 <.L1>:
     ad6:	0f 90       	pop	r0
     ad8:	0f 90       	pop	r0
     ada:	0f 90       	pop	r0
     adc:	0f 90       	pop	r0
     ade:	0f 90       	pop	r0
     ae0:	df 91       	pop	r29
     ae2:	cf 91       	pop	r28
     ae4:	08 95       	ret

00000ae6 <.L2>:
     ae6:	c9 f0       	breq	.+50     	; 0xb1a <.L38>
     ae8:	42 30       	cpi	r20, 0x02	; 2
     aea:	39 f1       	breq	.+78     	; 0xb3a <.L39>
     aec:	43 30       	cpi	r20, 0x03	; 3
     aee:	99 f7       	brne	.-26     	; 0xad6 <.L1>
     af0:	83 b7       	in	r24, 0x33	; 51
     af2:	80 64       	ori	r24, 0x40	; 64
     af4:	83 bf       	out	0x33, r24	; 51
     af6:	83 b7       	in	r24, 0x33	; 51
     af8:	87 7f       	andi	r24, 0xF7	; 247
     afa:	83 bf       	out	0x33, r24	; 51
     afc:	74 30       	cpi	r23, 0x04	; 4
     afe:	29 f1       	breq	.+74     	; 0xb4a <.L30>

00000b00 <.L12>:
     b00:	35 30       	cpi	r19, 0x05	; 5
     b02:	d1 f1       	breq	.+116    	; 0xb78 <.L40>
     b04:	25 36       	cpi	r18, 0x65	; 101
     b06:	38 f7       	brcc	.-50     	; 0xad6 <.L1>
     b08:	80 91 94 00 	lds	r24, 0x0094	; 0x800094 <StaticPWMOutputMode>
     b0c:	84 30       	cpi	r24, 0x04	; 4
     b0e:	41 f1       	breq	.+80     	; 0xb60 <.L15>
     b10:	85 30       	cpi	r24, 0x05	; 5
     b12:	e9 f1       	breq	.+122    	; 0xb8e <.L16>
     b14:	20 e0       	ldi	r18, 0x00	; 0
     b16:	2c bb       	out	0x1c, r18	; 28
     b18:	de cf       	rjmp	.-68     	; 0xad6 <.L1>

00000b1a <.L38>:
     b1a:	83 b7       	in	r24, 0x33	; 51
     b1c:	88 60       	ori	r24, 0x08	; 8
     b1e:	83 bf       	out	0x33, r24	; 51
     b20:	83 b7       	in	r24, 0x33	; 51
     b22:	8f 7b       	andi	r24, 0xBF	; 191
     b24:	83 bf       	out	0x33, r24	; 51
     b26:	8b 81       	ldd	r24, Y+3	; 0x03
     b28:	8c bb       	out	0x1c, r24	; 28
     b2a:	0f 90       	pop	r0
     b2c:	0f 90       	pop	r0
     b2e:	0f 90       	pop	r0
     b30:	0f 90       	pop	r0
     b32:	0f 90       	pop	r0
     b34:	df 91       	pop	r29
     b36:	cf 91       	pop	r28
     b38:	08 95       	ret

00000b3a <.L39>:
     b3a:	83 b7       	in	r24, 0x33	; 51
     b3c:	80 64       	ori	r24, 0x40	; 64
     b3e:	83 bf       	out	0x33, r24	; 51
     b40:	83 b7       	in	r24, 0x33	; 51
     b42:	88 60       	ori	r24, 0x08	; 8
     b44:	83 bf       	out	0x33, r24	; 51
     b46:	74 30       	cpi	r23, 0x04	; 4
     b48:	d9 f6       	brne	.-74     	; 0xb00 <.L12>

00000b4a <.L30>:
     b4a:	83 b7       	in	r24, 0x33	; 51
     b4c:	8f 7e       	andi	r24, 0xEF	; 239
     b4e:	83 bf       	out	0x33, r24	; 51
     b50:	83 b7       	in	r24, 0x33	; 51
     b52:	80 62       	ori	r24, 0x20	; 32
     b54:	83 bf       	out	0x33, r24	; 51
     b56:	30 93 94 00 	sts	0x0094, r19	; 0x800094 <StaticPWMOutputMode>
     b5a:	25 36       	cpi	r18, 0x65	; 101
     b5c:	08 f0       	brcs	.+2      	; 0xb60 <.L15>

00000b5e <L0^A>:
     b5e:	bb cf       	rjmp	.-138    	; 0xad6 <.L1>

00000b60 <.L15>:
     b60:	30 e0       	ldi	r19, 0x00	; 0
     b62:	af ef       	ldi	r26, 0xFF	; 255
     b64:	b0 e0       	ldi	r27, 0x00	; 0
     b66:	0e 94 92 08 	call	0x1124	; 0x1124 <__umulhisi3>
     b6a:	24 e6       	ldi	r18, 0x64	; 100
     b6c:	40 e0       	ldi	r20, 0x00	; 0
     b6e:	50 e0       	ldi	r21, 0x00	; 0
     b70:	0e 94 a1 08 	call	0x1142	; 0x1142 <__udivmodsi4>
     b74:	2c bb       	out	0x1c, r18	; 28
     b76:	af cf       	rjmp	.-162    	; 0xad6 <.L1>

00000b78 <.L40>:
     b78:	83 b7       	in	r24, 0x33	; 51
     b7a:	80 61       	ori	r24, 0x10	; 16
     b7c:	83 bf       	out	0x33, r24	; 51
     b7e:	83 b7       	in	r24, 0x33	; 51
     b80:	80 62       	ori	r24, 0x20	; 32
     b82:	83 bf       	out	0x33, r24	; 51
     b84:	30 93 94 00 	sts	0x0094, r19	; 0x800094 <StaticPWMOutputMode>
     b88:	25 36       	cpi	r18, 0x65	; 101
     b8a:	08 f0       	brcs	.+2      	; 0xb8e <.L16>

00000b8c <L0^A>:
     b8c:	a4 cf       	rjmp	.-184    	; 0xad6 <.L1>

00000b8e <.L16>:
     b8e:	30 e0       	ldi	r19, 0x00	; 0
     b90:	af ef       	ldi	r26, 0xFF	; 255
     b92:	b0 e0       	ldi	r27, 0x00	; 0
     b94:	0e 94 92 08 	call	0x1124	; 0x1124 <__umulhisi3>
     b98:	24 e6       	ldi	r18, 0x64	; 100
     b9a:	40 e0       	ldi	r20, 0x00	; 0
     b9c:	50 e0       	ldi	r21, 0x00	; 0
     b9e:	0e 94 a1 08 	call	0x1142	; 0x1142 <__udivmodsi4>
     ba2:	20 95       	com	r18
     ba4:	2c bb       	out	0x1c, r18	; 28
     ba6:	97 cf       	rjmp	.-210    	; 0xad6 <.L1>

00000ba8 <TIMER0_Start>:
     ba8:	81 15       	cp	r24, r1
     baa:	21 f0       	breq	.+8      	; 0xbb4 <.L41>
     bac:	93 b7       	in	r25, 0x33	; 51
     bae:	98 7f       	andi	r25, 0xF8	; 248
     bb0:	89 2b       	or	r24, r25
     bb2:	83 bf       	out	0x33, r24	; 51

00000bb4 <.L41>:
     bb4:	08 95       	ret

00000bb6 <TIMER0_Stop>:
     bb6:	83 b7       	in	r24, 0x33	; 51
     bb8:	88 7f       	andi	r24, 0xF8	; 248
     bba:	83 bf       	out	0x33, r24	; 51
     bbc:	08 95       	ret

00000bbe <TIMER0_SetPreload>:
     bbe:	82 bf       	out	0x32, r24	; 50
     bc0:	08 95       	ret

00000bc2 <TIMER0_SetCompare>:
     bc2:	8c bb       	out	0x1c, r24	; 28
     bc4:	08 95       	ret

00000bc6 <TIMER0_SetCallBackFunction>:
     bc6:	81 30       	cpi	r24, 0x01	; 1
     bc8:	40 f4       	brcc	.+16     	; 0xbda <.L50>
     bca:	61 15       	cp	r22, r1
     bcc:	71 05       	cpc	r23, r1
     bce:	31 f0       	breq	.+12     	; 0xbdc <.L49>
     bd0:	60 93 92 00 	sts	0x0092, r22	; 0x800092 <Timer0_OVFCallBack>
     bd4:	70 93 93 00 	sts	0x0093, r23	; 0x800093 <Timer0_OVFCallBack+0x1>
     bd8:	08 95       	ret

00000bda <.L50>:
     bda:	09 f0       	breq	.+2      	; 0xbde <.L58>

00000bdc <.L49>:
     bdc:	08 95       	ret

00000bde <.L58>:
     bde:	61 15       	cp	r22, r1
     be0:	71 05       	cpc	r23, r1
     be2:	e1 f3       	breq	.-8      	; 0xbdc <.L49>
     be4:	60 93 90 00 	sts	0x0090, r22	; 0x800090 <Timer0_CTCCallBack>
     be8:	70 93 91 00 	sts	0x0091, r23	; 0x800091 <Timer0_CTCCallBack+0x1>
     bec:	08 95       	ret

00000bee <TIMER0_SetPWMDutyCycle>:
     bee:	85 36       	cpi	r24, 0x65	; 101
     bf0:	40 f4       	brcc	.+16     	; 0xc02 <.L59>
     bf2:	90 91 94 00 	lds	r25, 0x0094	; 0x800094 <StaticPWMOutputMode>
     bf6:	94 30       	cpi	r25, 0x04	; 4
     bf8:	29 f0       	breq	.+10     	; 0xc04 <.L64>
     bfa:	20 e0       	ldi	r18, 0x00	; 0
     bfc:	95 30       	cpi	r25, 0x05	; 5
     bfe:	79 f0       	breq	.+30     	; 0xc1e <.L65>
     c00:	2c bb       	out	0x1c, r18	; 28

00000c02 <.L59>:
     c02:	08 95       	ret

00000c04 <.L64>:
     c04:	28 2f       	mov	r18, r24
     c06:	30 e0       	ldi	r19, 0x00	; 0
     c08:	af ef       	ldi	r26, 0xFF	; 255
     c0a:	b0 e0       	ldi	r27, 0x00	; 0
     c0c:	0e 94 92 08 	call	0x1124	; 0x1124 <__umulhisi3>
     c10:	24 e6       	ldi	r18, 0x64	; 100
     c12:	40 e0       	ldi	r20, 0x00	; 0
     c14:	50 e0       	ldi	r21, 0x00	; 0
     c16:	0e 94 a1 08 	call	0x1142	; 0x1142 <__udivmodsi4>
     c1a:	2c bb       	out	0x1c, r18	; 28
     c1c:	08 95       	ret

00000c1e <.L65>:
     c1e:	28 2f       	mov	r18, r24
     c20:	30 e0       	ldi	r19, 0x00	; 0
     c22:	af ef       	ldi	r26, 0xFF	; 255
     c24:	b0 e0       	ldi	r27, 0x00	; 0
     c26:	0e 94 92 08 	call	0x1124	; 0x1124 <__umulhisi3>
     c2a:	24 e6       	ldi	r18, 0x64	; 100
     c2c:	40 e0       	ldi	r20, 0x00	; 0
     c2e:	50 e0       	ldi	r21, 0x00	; 0
     c30:	0e 94 a1 08 	call	0x1142	; 0x1142 <__udivmodsi4>
     c34:	20 95       	com	r18
     c36:	2c bb       	out	0x1c, r18	; 28
     c38:	08 95       	ret

00000c3a <__vector_10>:
     c3a:	1f 92       	push	r1
     c3c:	0f 92       	push	r0
     c3e:	0f b6       	in	r0, 0x3f	; 63
     c40:	0f 92       	push	r0
     c42:	11 24       	eor	r1, r1
     c44:	2f 93       	push	r18
     c46:	3f 93       	push	r19
     c48:	4f 93       	push	r20
     c4a:	5f 93       	push	r21
     c4c:	6f 93       	push	r22
     c4e:	7f 93       	push	r23
     c50:	8f 93       	push	r24
     c52:	9f 93       	push	r25
     c54:	af 93       	push	r26
     c56:	bf 93       	push	r27
     c58:	ef 93       	push	r30
     c5a:	ff 93       	push	r31
     c5c:	e0 91 90 00 	lds	r30, 0x0090	; 0x800090 <Timer0_CTCCallBack>
     c60:	f0 91 91 00 	lds	r31, 0x0091	; 0x800091 <Timer0_CTCCallBack+0x1>
     c64:	30 97       	sbiw	r30, 0x00	; 0
     c66:	09 f0       	breq	.+2      	; 0xc6a <.L66>
     c68:	09 95       	icall

00000c6a <.L66>:
     c6a:	ff 91       	pop	r31
     c6c:	ef 91       	pop	r30
     c6e:	bf 91       	pop	r27
     c70:	af 91       	pop	r26
     c72:	9f 91       	pop	r25
     c74:	8f 91       	pop	r24
     c76:	7f 91       	pop	r23
     c78:	6f 91       	pop	r22
     c7a:	5f 91       	pop	r21
     c7c:	4f 91       	pop	r20
     c7e:	3f 91       	pop	r19
     c80:	2f 91       	pop	r18
     c82:	0f 90       	pop	r0
     c84:	0f be       	out	0x3f, r0	; 63
     c86:	0f 90       	pop	r0
     c88:	1f 90       	pop	r1
     c8a:	18 95       	reti

00000c8c <__vector_11>:
     c8c:	1f 92       	push	r1
     c8e:	0f 92       	push	r0
     c90:	0f b6       	in	r0, 0x3f	; 63
     c92:	0f 92       	push	r0
     c94:	11 24       	eor	r1, r1
     c96:	2f 93       	push	r18
     c98:	3f 93       	push	r19
     c9a:	4f 93       	push	r20
     c9c:	5f 93       	push	r21
     c9e:	6f 93       	push	r22
     ca0:	7f 93       	push	r23
     ca2:	8f 93       	push	r24
     ca4:	9f 93       	push	r25
     ca6:	af 93       	push	r26
     ca8:	bf 93       	push	r27
     caa:	ef 93       	push	r30
     cac:	ff 93       	push	r31
     cae:	e0 91 92 00 	lds	r30, 0x0092	; 0x800092 <Timer0_OVFCallBack>
     cb2:	f0 91 93 00 	lds	r31, 0x0093	; 0x800093 <Timer0_OVFCallBack+0x1>
     cb6:	30 97       	sbiw	r30, 0x00	; 0
     cb8:	09 f0       	breq	.+2      	; 0xcbc <.L71>
     cba:	09 95       	icall

00000cbc <.L71>:
     cbc:	ff 91       	pop	r31
     cbe:	ef 91       	pop	r30
     cc0:	bf 91       	pop	r27
     cc2:	af 91       	pop	r26
     cc4:	9f 91       	pop	r25
     cc6:	8f 91       	pop	r24
     cc8:	7f 91       	pop	r23
     cca:	6f 91       	pop	r22
     ccc:	5f 91       	pop	r21
     cce:	4f 91       	pop	r20
     cd0:	3f 91       	pop	r19
     cd2:	2f 91       	pop	r18
     cd4:	0f 90       	pop	r0
     cd6:	0f be       	out	0x3f, r0	; 63
     cd8:	0f 90       	pop	r0
     cda:	1f 90       	pop	r1
     cdc:	18 95       	reti

00000cde <UART_Init>:
     cde:	ef 92       	push	r14
     ce0:	ff 92       	push	r15
     ce2:	0f 93       	push	r16
     ce4:	1f 93       	push	r17
     ce6:	cf 93       	push	r28
     ce8:	df 93       	push	r29
     cea:	cd b7       	in	r28, 0x3d	; 61
     cec:	de b7       	in	r29, 0x3e	; 62
     cee:	2b 97       	sbiw	r28, 0x0b	; 11
     cf0:	0f b6       	in	r0, 0x3f	; 63
     cf2:	f8 94       	cli
     cf4:	de bf       	out	0x3e, r29	; 62
     cf6:	0f be       	out	0x3f, r0	; 63
     cf8:	cd bf       	out	0x3d, r28	; 61
     cfa:	ae 2d       	mov	r26, r14
     cfc:	e9 82       	std	Y+1, r14	; 0x01
     cfe:	ff 2d       	mov	r31, r15
     d00:	fa 82       	std	Y+2, r15	; 0x02
     d02:	e0 2f       	mov	r30, r16
     d04:	0b 83       	std	Y+3, r16	; 0x03
     d06:	91 2f       	mov	r25, r17
     d08:	1c 83       	std	Y+4, r17	; 0x04
     d0a:	2d 83       	std	Y+5, r18	; 0x05
     d0c:	3e 83       	std	Y+6, r19	; 0x06
     d0e:	4f 83       	std	Y+7, r20	; 0x07
     d10:	58 87       	std	Y+8, r21	; 0x08
     d12:	06 2f       	mov	r16, r22
     d14:	69 87       	std	Y+9, r22	; 0x09
     d16:	67 2f       	mov	r22, r23
     d18:	7a 87       	std	Y+10, r23	; 0x0a
     d1a:	18 2f       	mov	r17, r24
     d1c:	8b 87       	std	Y+11, r24	; 0x0b
     d1e:	2d 81       	ldd	r18, Y+5	; 0x05
     d20:	3e 81       	ldd	r19, Y+6	; 0x06
     d22:	4f 81       	ldd	r20, Y+7	; 0x07
     d24:	58 85       	ldd	r21, Y+8	; 0x08
     d26:	e0 92 97 00 	sts	0x0097, r14	; 0x800097 <GlobaleUart_Config>
     d2a:	f0 92 98 00 	sts	0x0098, r15	; 0x800098 <GlobaleUart_Config+0x1>
     d2e:	e0 93 99 00 	sts	0x0099, r30	; 0x800099 <GlobaleUart_Config+0x2>
     d32:	90 93 9a 00 	sts	0x009A, r25	; 0x80009a <GlobaleUart_Config+0x3>
     d36:	20 93 9b 00 	sts	0x009B, r18	; 0x80009b <GlobaleUart_Config+0x4>
     d3a:	30 93 9c 00 	sts	0x009C, r19	; 0x80009c <GlobaleUart_Config+0x5>
     d3e:	40 93 9d 00 	sts	0x009D, r20	; 0x80009d <GlobaleUart_Config+0x6>
     d42:	50 93 9e 00 	sts	0x009E, r21	; 0x80009e <GlobaleUart_Config+0x7>
     d46:	00 93 9f 00 	sts	0x009F, r16	; 0x80009f <GlobaleUart_Config+0x8>
     d4a:	70 93 a0 00 	sts	0x00A0, r23	; 0x8000a0 <GlobaleUart_Config+0x9>
     d4e:	80 93 a1 00 	sts	0x00A1, r24	; 0x8000a1 <GlobaleUart_Config+0xa>
     d52:	80 ec       	ldi	r24, 0xC0	; 192
     d54:	a1 30       	cpi	r26, 0x01	; 1
     d56:	09 f0       	breq	.+2      	; 0xd5a <.L2>
     d58:	80 e8       	ldi	r24, 0x80	; 128

00000d5a <.L2>:
     d5a:	e1 30       	cpi	r30, 0x01	; 1
     d5c:	09 f4       	brne	.+2      	; 0xd60 <L0^A+0x2>

00000d5e <L0^A>:
     d5e:	74 c0       	rjmp	.+232    	; 0xe48 <.L35>
     d60:	e2 30       	cpi	r30, 0x02	; 2
     d62:	09 f4       	brne	.+2      	; 0xd66 <.L4>

00000d64 <L0^A>:
     d64:	5a c0       	rjmp	.+180    	; 0xe1a <.L36>

00000d66 <.L4>:
     d66:	f1 30       	cpi	r31, 0x01	; 1
     d68:	09 f4       	brne	.+2      	; 0xd6c <.L5>

00000d6a <L0^A>:
     d6a:	5b c0       	rjmp	.+182    	; 0xe22 <.L37>

00000d6c <.L5>:
     d6c:	91 30       	cpi	r25, 0x01	; 1
     d6e:	58 f0       	brcs	.+22     	; 0xd86 <.L6>
     d70:	09 f4       	brne	.+2      	; 0xd74 <L0^A+0x2>

00000d72 <L0^A>:
     d72:	6f c0       	rjmp	.+222    	; 0xe52 <.L38>
     d74:	92 30       	cpi	r25, 0x02	; 2
     d76:	09 f4       	brne	.+2      	; 0xd7a <L0^A+0x2>

00000d78 <L0^A>:
     d78:	75 c0       	rjmp	.+234    	; 0xe64 <.L39>
     d7a:	93 30       	cpi	r25, 0x03	; 3
     d7c:	09 f4       	brne	.+2      	; 0xd80 <L0^A+0x2>

00000d7e <L0^A>:
     d7e:	6b c0       	rjmp	.+214    	; 0xe56 <.L29>
     d80:	97 30       	cpi	r25, 0x07	; 7
     d82:	09 f4       	brne	.+2      	; 0xd86 <.L6>

00000d84 <L0^A>:
     d84:	68 c0       	rjmp	.+208    	; 0xe56 <.L29>

00000d86 <.L6>:
     d86:	80 bd       	out	0x20, r24	; 32
     d88:	61 30       	cpi	r22, 0x01	; 1
     d8a:	e8 f5       	brcc	.+122    	; 0xe06 <.L10>
     d8c:	59 98       	cbi	0x0b, 1	; 11
     d8e:	22 0f       	add	r18, r18
     d90:	33 1f       	adc	r19, r19
     d92:	44 1f       	adc	r20, r20
     d94:	55 1f       	adc	r21, r21
     d96:	22 0f       	add	r18, r18
     d98:	33 1f       	adc	r19, r19
     d9a:	44 1f       	adc	r20, r20
     d9c:	55 1f       	adc	r21, r21
     d9e:	22 0f       	add	r18, r18
     da0:	33 1f       	adc	r19, r19
     da2:	44 1f       	adc	r20, r20
     da4:	55 1f       	adc	r21, r21
     da6:	22 0f       	add	r18, r18
     da8:	33 1f       	adc	r19, r19
     daa:	44 1f       	adc	r20, r20
     dac:	55 1f       	adc	r21, r21

00000dae <.L30>:
     dae:	60 e0       	ldi	r22, 0x00	; 0
     db0:	72 e1       	ldi	r23, 0x12	; 18
     db2:	8a e7       	ldi	r24, 0x7A	; 122
     db4:	90 e0       	ldi	r25, 0x00	; 0
     db6:	0e 94 a1 08 	call	0x1142	; 0x1142 <__udivmodsi4>
     dba:	21 50       	subi	r18, 0x01	; 1
     dbc:	31 09       	sbc	r19, r1
     dbe:	92 2f       	mov	r25, r18
     dc0:	83 2f       	mov	r24, r19

00000dc2 <.L11>:
     dc2:	99 b9       	out	0x09, r25	; 9
     dc4:	80 bd       	out	0x20, r24	; 32
     dc6:	57 98       	cbi	0x0a, 7	; 10
     dc8:	56 98       	cbi	0x0a, 6	; 10
     dca:	55 98       	cbi	0x0a, 5	; 10
     dcc:	11 50       	subi	r17, 0x01	; 1
     dce:	17 30       	cpi	r17, 0x07	; 7
     dd0:	48 f4       	brcc	.+18     	; 0xde4 <.L12>
     dd2:	e1 2f       	mov	r30, r17
     dd4:	f0 e0       	ldi	r31, 0x00	; 0
     dd6:	ed 53       	subi	r30, 0x3D	; 61
     dd8:	f4 4f       	sbci	r31, 0xF4	; 244
     dda:	0c 94 c3 08 	jmp	0x1186	; 0x1186 <__tablejump2__>

00000dde <.L13>:
     dde:	56 9a       	sbi	0x0a, 6	; 10

00000de0 <.L33>:
     de0:	57 9a       	sbi	0x0a, 7	; 10

00000de2 <.L32>:
     de2:	55 9a       	sbi	0x0a, 5	; 10

00000de4 <.L12>:
     de4:	01 30       	cpi	r16, 0x01	; 1
     de6:	98 f4       	brcc	.+38     	; 0xe0e <.L21>
     de8:	54 9a       	sbi	0x0a, 4	; 10
     dea:	53 98       	cbi	0x0a, 3	; 10

00000dec <.L1>:
     dec:	2b 96       	adiw	r28, 0x0b	; 11
     dee:	0f b6       	in	r0, 0x3f	; 63
     df0:	f8 94       	cli
     df2:	de bf       	out	0x3e, r29	; 62
     df4:	0f be       	out	0x3f, r0	; 63
     df6:	cd bf       	out	0x3d, r28	; 61
     df8:	df 91       	pop	r29
     dfa:	cf 91       	pop	r28
     dfc:	1f 91       	pop	r17
     dfe:	0f 91       	pop	r16
     e00:	ff 90       	pop	r15
     e02:	ef 90       	pop	r14
     e04:	08 95       	ret

00000e06 <.L10>:
     e06:	79 f0       	breq	.+30     	; 0xe26 <.L40>
     e08:	80 e0       	ldi	r24, 0x00	; 0
     e0a:	90 e0       	ldi	r25, 0x00	; 0
     e0c:	da cf       	rjmp	.-76     	; 0xdc2 <.L11>

00000e0e <.L21>:
     e0e:	f1 f0       	breq	.+60     	; 0xe4c <.L41>
     e10:	02 30       	cpi	r16, 0x02	; 2
     e12:	61 f7       	brne	.-40     	; 0xdec <.L1>
     e14:	54 9a       	sbi	0x0a, 4	; 10
     e16:	53 9a       	sbi	0x0a, 3	; 10
     e18:	e9 cf       	rjmp	.-46     	; 0xdec <.L1>

00000e1a <.L36>:
     e1a:	80 63       	ori	r24, 0x30	; 48
     e1c:	f1 30       	cpi	r31, 0x01	; 1
     e1e:	09 f0       	breq	.+2      	; 0xe22 <.L37>

00000e20 <L0^A>:
     e20:	a5 cf       	rjmp	.-182    	; 0xd6c <.L5>

00000e22 <.L37>:
     e22:	88 60       	ori	r24, 0x08	; 8
     e24:	a3 cf       	rjmp	.-186    	; 0xd6c <.L5>

00000e26 <.L40>:
     e26:	59 9a       	sbi	0x0b, 1	; 11
     e28:	22 0f       	add	r18, r18
     e2a:	33 1f       	adc	r19, r19
     e2c:	44 1f       	adc	r20, r20
     e2e:	55 1f       	adc	r21, r21
     e30:	22 0f       	add	r18, r18
     e32:	33 1f       	adc	r19, r19
     e34:	44 1f       	adc	r20, r20
     e36:	55 1f       	adc	r21, r21
     e38:	22 0f       	add	r18, r18
     e3a:	33 1f       	adc	r19, r19
     e3c:	44 1f       	adc	r20, r20
     e3e:	55 1f       	adc	r21, r21
     e40:	b6 cf       	rjmp	.-148    	; 0xdae <.L30>

00000e42 <.L17>:
     e42:	57 9a       	sbi	0x0a, 7	; 10

00000e44 <.L31>:
     e44:	56 9a       	sbi	0x0a, 6	; 10
     e46:	ce cf       	rjmp	.-100    	; 0xde4 <.L12>

00000e48 <.L35>:
     e48:	80 62       	ori	r24, 0x20	; 32
     e4a:	8d cf       	rjmp	.-230    	; 0xd66 <.L4>

00000e4c <.L41>:
     e4c:	53 9a       	sbi	0x0a, 3	; 10
     e4e:	54 98       	cbi	0x0a, 4	; 10
     e50:	cd cf       	rjmp	.-102    	; 0xdec <.L1>

00000e52 <.L38>:
     e52:	82 60       	ori	r24, 0x02	; 2
     e54:	98 cf       	rjmp	.-208    	; 0xd86 <.L6>

00000e56 <.L29>:
     e56:	86 60       	ori	r24, 0x06	; 6
     e58:	96 cf       	rjmp	.-212    	; 0xd86 <.L6>

00000e5a <.L20>:
     e5a:	57 9a       	sbi	0x0a, 7	; 10
     e5c:	c3 cf       	rjmp	.-122    	; 0xde4 <.L12>

00000e5e <.L15>:
     e5e:	56 9a       	sbi	0x0a, 6	; 10
     e60:	55 9a       	sbi	0x0a, 5	; 10
     e62:	c0 cf       	rjmp	.-128    	; 0xde4 <.L12>

00000e64 <.L39>:
     e64:	84 60       	ori	r24, 0x04	; 4
     e66:	8f cf       	rjmp	.-226    	; 0xd86 <.L6>

00000e68 <UART_SendBytePolling>:
     e68:	9c 01       	movw	r18, r24

00000e6a <.L43>:
     e6a:	5d 9b       	sbis	0x0b, 5	; 11
     e6c:	fe cf       	rjmp	.-4      	; 0xe6a <.L43>
     e6e:	80 91 9a 00 	lds	r24, 0x009A	; 0x80009a <GlobaleUart_Config+0x3>
     e72:	89 30       	cpi	r24, 0x09	; 9
     e74:	11 f0       	breq	.+4      	; 0xe7a <.L52>

00000e76 <.L45>:
     e76:	2c b9       	out	0x0c, r18	; 12
     e78:	08 95       	ret

00000e7a <.L52>:
     e7a:	50 98       	cbi	0x0a, 0	; 10
     e7c:	30 ff       	sbrs	r19, 0
     e7e:	fb cf       	rjmp	.-10     	; 0xe76 <.L45>
     e80:	50 9a       	sbi	0x0a, 0	; 10
     e82:	2c b9       	out	0x0c, r18	; 12
     e84:	08 95       	ret

00000e86 <UART_ReceiveBytePolling>:
     e86:	5f 9b       	sbis	0x0b, 7	; 11
     e88:	fe cf       	rjmp	.-4      	; 0xe86 <UART_ReceiveBytePolling>
     e8a:	80 91 9a 00 	lds	r24, 0x009A	; 0x80009a <GlobaleUart_Config+0x3>
     e8e:	89 30       	cpi	r24, 0x09	; 9
     e90:	09 f4       	brne	.+2      	; 0xe94 <.L55>
     e92:	8a b1       	in	r24, 0x0a	; 10

00000e94 <.L55>:
     e94:	8c b1       	in	r24, 0x0c	; 12
     e96:	8c b1       	in	r24, 0x0c	; 12
     e98:	90 e0       	ldi	r25, 0x00	; 0
     e9a:	08 95       	ret

00000e9c <UART_SendStringPolling>:
     e9c:	dc 01       	movw	r26, r24
     e9e:	9c 91       	ld	r25, X
     ea0:	91 15       	cp	r25, r1
     ea2:	81 f0       	breq	.+32     	; 0xec4 <.L58>
     ea4:	20 e0       	ldi	r18, 0x00	; 0
     ea6:	80 91 9a 00 	lds	r24, 0x009A	; 0x80009a <GlobaleUart_Config+0x3>

00000eaa <.L60>:
     eaa:	5d 9b       	sbis	0x0b, 5	; 11
     eac:	fe cf       	rjmp	.-4      	; 0xeaa <.L60>
     eae:	89 30       	cpi	r24, 0x09	; 9
     eb0:	09 f4       	brne	.+2      	; 0xeb4 <.L61>
     eb2:	50 98       	cbi	0x0a, 0	; 10

00000eb4 <.L61>:
     eb4:	9c b9       	out	0x0c, r25	; 12
     eb6:	2f 5f       	subi	r18, 0xFF	; 255
     eb8:	fd 01       	movw	r30, r26
     eba:	e2 0f       	add	r30, r18
     ebc:	f1 1d       	adc	r31, r1
     ebe:	90 81       	ld	r25, Z
     ec0:	91 11       	cpse	r25, r1
     ec2:	f3 cf       	rjmp	.-26     	; 0xeaa <.L60>

00000ec4 <.L58>:
     ec4:	08 95       	ret

00000ec6 <UART_ReceiveStringPolling>:
     ec6:	dc 01       	movw	r26, r24
     ec8:	89 2b       	or	r24, r25
     eca:	d9 f0       	breq	.+54     	; 0xf02 <.L69>

00000ecc <.L71>:
     ecc:	5f 9b       	sbis	0x0b, 7	; 11
     ece:	fe cf       	rjmp	.-4      	; 0xecc <.L71>
     ed0:	80 91 9a 00 	lds	r24, 0x009A	; 0x80009a <GlobaleUart_Config+0x3>
     ed4:	89 30       	cpi	r24, 0x09	; 9
     ed6:	b1 f0       	breq	.+44     	; 0xf04 <.L86>
     ed8:	9c b1       	in	r25, 0x0c	; 12
     eda:	9c b1       	in	r25, 0x0c	; 12
     edc:	9c 93       	st	X, r25
     ede:	69 17       	cp	r22, r25
     ee0:	b9 f0       	breq	.+46     	; 0xf10 <.L77>

00000ee2 <.L87>:
     ee2:	90 e0       	ldi	r25, 0x00	; 0

00000ee4 <.L76>:
     ee4:	9f 5f       	subi	r25, 0xFF	; 255

00000ee6 <.L74>:
     ee6:	5f 9b       	sbis	0x0b, 7	; 11
     ee8:	fe cf       	rjmp	.-4      	; 0xee6 <.L74>
     eea:	89 30       	cpi	r24, 0x09	; 9
     eec:	09 f4       	brne	.+2      	; 0xef0 <.L75>
     eee:	2a b1       	in	r18, 0x0a	; 10

00000ef0 <.L75>:
     ef0:	2c b1       	in	r18, 0x0c	; 12
     ef2:	2c b1       	in	r18, 0x0c	; 12
     ef4:	fd 01       	movw	r30, r26
     ef6:	e9 0f       	add	r30, r25
     ef8:	f1 1d       	adc	r31, r1
     efa:	20 83       	st	Z, r18
     efc:	62 13       	cpse	r22, r18
     efe:	f2 cf       	rjmp	.-28     	; 0xee4 <.L76>
     f00:	10 82       	st	Z, r1

00000f02 <.L69>:
     f02:	08 95       	ret

00000f04 <.L86>:
     f04:	9a b1       	in	r25, 0x0a	; 10
     f06:	9c b1       	in	r25, 0x0c	; 12
     f08:	9c b1       	in	r25, 0x0c	; 12
     f0a:	9c 93       	st	X, r25
     f0c:	69 13       	cpse	r22, r25
     f0e:	e9 cf       	rjmp	.-46     	; 0xee2 <.L87>

00000f10 <.L77>:
     f10:	fd 01       	movw	r30, r26
     f12:	10 82       	st	Z, r1
     f14:	08 95       	ret

00000f16 <UART_SendBufferPolling>:
     f16:	61 15       	cp	r22, r1
     f18:	71 05       	cpc	r23, r1
     f1a:	79 f0       	breq	.+30     	; 0xf3a <.L88>
     f1c:	fc 01       	movw	r30, r24
     f1e:	68 0f       	add	r22, r24
     f20:	79 1f       	adc	r23, r25
     f22:	90 91 9a 00 	lds	r25, 0x009A	; 0x80009a <GlobaleUart_Config+0x3>

00000f26 <.L92>:
     f26:	81 91       	ld	r24, Z+

00000f28 <.L90>:
     f28:	5d 9b       	sbis	0x0b, 5	; 11
     f2a:	fe cf       	rjmp	.-4      	; 0xf28 <.L90>
     f2c:	99 30       	cpi	r25, 0x09	; 9
     f2e:	09 f4       	brne	.+2      	; 0xf32 <.L91>
     f30:	50 98       	cbi	0x0a, 0	; 10

00000f32 <.L91>:
     f32:	8c b9       	out	0x0c, r24	; 12
     f34:	e6 17       	cp	r30, r22
     f36:	f7 07       	cpc	r31, r23
     f38:	b1 f7       	brne	.-20     	; 0xf26 <.L92>

00000f3a <.L88>:
     f3a:	08 95       	ret

00000f3c <UART_ReceiveByteInterrupt>:
     f3c:	dc 01       	movw	r26, r24
     f3e:	90 91 95 00 	lds	r25, 0x0095	; 0x800095 <RX_rear>
     f42:	20 91 96 00 	lds	r18, 0x0096	; 0x800096 <RX_front>
     f46:	29 17       	cp	r18, r25
     f48:	a9 f0       	breq	.+42     	; 0xf74 <.L103>
     f4a:	e9 2f       	mov	r30, r25
     f4c:	f0 e0       	ldi	r31, 0x00	; 0
     f4e:	ee 0f       	add	r30, r30
     f50:	ff 1f       	adc	r31, r31
     f52:	ea 55       	subi	r30, 0x5A	; 90
     f54:	ff 4f       	sbci	r31, 0xFF	; 255
     f56:	20 81       	ld	r18, Z
     f58:	31 81       	ldd	r19, Z+1	; 0x01
     f5a:	2d 93       	st	X+, r18
     f5c:	3d 93       	st	X+, r19
     f5e:	9f 5f       	subi	r25, 0xFF	; 255
     f60:	90 34       	cpi	r25, 0x40	; 64
     f62:	20 f4       	brcc	.+8      	; 0xf6c <.L101>
     f64:	90 93 95 00 	sts	0x0095, r25	; 0x800095 <RX_rear>
     f68:	81 e0       	ldi	r24, 0x01	; 1
     f6a:	08 95       	ret

00000f6c <.L101>:
     f6c:	10 92 95 00 	sts	0x0095, r1	; 0x800095 <RX_rear>
     f70:	81 e0       	ldi	r24, 0x01	; 1
     f72:	08 95       	ret

00000f74 <.L103>:
     f74:	80 e0       	ldi	r24, 0x00	; 0
     f76:	08 95       	ret

00000f78 <UART_EnableRX>:
     f78:	54 9a       	sbi	0x0a, 4	; 10
     f7a:	08 95       	ret

00000f7c <UART_EnableTX>:
     f7c:	53 9a       	sbi	0x0a, 3	; 10
     f7e:	08 95       	ret

00000f80 <UART_DisableRX>:
     f80:	54 98       	cbi	0x0a, 4	; 10
     f82:	08 95       	ret

00000f84 <UART_DisableTX>:
     f84:	53 98       	cbi	0x0a, 3	; 10
     f86:	08 95       	ret

00000f88 <UART_SendByteInterrupt>:
     f88:	08 95       	ret

00000f8a <UART_EnableRXInterrupt>:
     f8a:	57 9a       	sbi	0x0a, 7	; 10
     f8c:	08 95       	ret

00000f8e <UART_EnableTXInterrupt>:
     f8e:	56 9a       	sbi	0x0a, 6	; 10
     f90:	08 95       	ret

00000f92 <UART_EnableREInterrupt>:
     f92:	55 9a       	sbi	0x0a, 5	; 10
     f94:	08 95       	ret

00000f96 <UART_DisableRXInterrupt>:
     f96:	57 98       	cbi	0x0a, 7	; 10
     f98:	08 95       	ret

00000f9a <UART_DisableTXInterrupt>:
     f9a:	56 98       	cbi	0x0a, 6	; 10
     f9c:	08 95       	ret

00000f9e <UART_DisableREInterrupt>:
     f9e:	55 98       	cbi	0x0a, 5	; 10
     fa0:	08 95       	ret

00000fa2 <UART_SetRXCallback>:
     fa2:	08 95       	ret

00000fa4 <UART_SetTXCallback>:
     fa4:	00 97       	sbiw	r24, 0x00	; 0
     fa6:	21 f0       	breq	.+8      	; 0xfb0 <.L116>
     fa8:	80 93 a4 00 	sts	0x00A4, r24	; 0x8000a4 <PF_UartTX>
     fac:	90 93 a5 00 	sts	0x00A5, r25	; 0x8000a5 <PF_UartTX+0x1>

00000fb0 <.L116>:
     fb0:	08 95       	ret

00000fb2 <UART_SetRECallback>:
     fb2:	00 97       	sbiw	r24, 0x00	; 0
     fb4:	21 f0       	breq	.+8      	; 0xfbe <.L121>
     fb6:	80 93 a2 00 	sts	0x00A2, r24	; 0x8000a2 <PF_UartRE>
     fba:	90 93 a3 00 	sts	0x00A3, r25	; 0x8000a3 <PF_UartRE+0x1>

00000fbe <.L121>:
     fbe:	08 95       	ret

00000fc0 <__vector_13>:
     fc0:	2f 93       	push	r18
     fc2:	2f b7       	in	r18, 0x3f	; 63
     fc4:	2f 93       	push	r18
     fc6:	3f 93       	push	r19
     fc8:	8f 93       	push	r24
     fca:	9f 93       	push	r25
     fcc:	ef 93       	push	r30
     fce:	ff 93       	push	r31
     fd0:	80 91 9a 00 	lds	r24, 0x009A	; 0x80009a <GlobaleUart_Config+0x3>
     fd4:	87 30       	cpi	r24, 0x07	; 7
     fd6:	d9 f0       	breq	.+54     	; 0x100e <.L132>
     fd8:	2c b1       	in	r18, 0x0c	; 12
     fda:	30 e0       	ldi	r19, 0x00	; 0

00000fdc <.L128>:
     fdc:	80 91 96 00 	lds	r24, 0x0096	; 0x800096 <RX_front>
     fe0:	e8 2f       	mov	r30, r24
     fe2:	f0 e0       	ldi	r31, 0x00	; 0
     fe4:	8f 5f       	subi	r24, 0xFF	; 255
     fe6:	80 34       	cpi	r24, 0x40	; 64
     fe8:	08 f0       	brcs	.+2      	; 0xfec <.L129>
     fea:	80 e0       	ldi	r24, 0x00	; 0

00000fec <.L129>:
     fec:	ee 0f       	add	r30, r30
     fee:	ff 1f       	adc	r31, r31
     ff0:	ea 55       	subi	r30, 0x5A	; 90
     ff2:	ff 4f       	sbci	r31, 0xFF	; 255
     ff4:	20 83       	st	Z, r18
     ff6:	31 83       	std	Z+1, r19	; 0x01
     ff8:	80 93 96 00 	sts	0x0096, r24	; 0x800096 <RX_front>
     ffc:	ff 91       	pop	r31
     ffe:	ef 91       	pop	r30
    1000:	9f 91       	pop	r25
    1002:	8f 91       	pop	r24
    1004:	3f 91       	pop	r19
    1006:	2f 91       	pop	r18
    1008:	2f bf       	out	0x3f, r18	; 63
    100a:	2f 91       	pop	r18
    100c:	18 95       	reti

0000100e <.L132>:
    100e:	8a b1       	in	r24, 0x0a	; 10
    1010:	86 95       	lsr	r24
    1012:	2c b1       	in	r18, 0x0c	; 12
    1014:	30 e0       	ldi	r19, 0x00	; 0
    1016:	80 ff       	sbrs	r24, 0
    1018:	e1 cf       	rjmp	.-62     	; 0xfdc <.L128>
    101a:	31 e0       	ldi	r19, 0x01	; 1
    101c:	df cf       	rjmp	.-66     	; 0xfdc <.L128>

0000101e <__vector_15>:
    101e:	1f 92       	push	r1
    1020:	0f 92       	push	r0
    1022:	0f b6       	in	r0, 0x3f	; 63
    1024:	0f 92       	push	r0
    1026:	11 24       	eor	r1, r1
    1028:	2f 93       	push	r18
    102a:	3f 93       	push	r19
    102c:	4f 93       	push	r20
    102e:	5f 93       	push	r21
    1030:	6f 93       	push	r22
    1032:	7f 93       	push	r23
    1034:	8f 93       	push	r24
    1036:	9f 93       	push	r25
    1038:	af 93       	push	r26
    103a:	bf 93       	push	r27
    103c:	ef 93       	push	r30
    103e:	ff 93       	push	r31
    1040:	e0 91 a4 00 	lds	r30, 0x00A4	; 0x8000a4 <PF_UartTX>
    1044:	f0 91 a5 00 	lds	r31, 0x00A5	; 0x8000a5 <PF_UartTX+0x1>
    1048:	30 97       	sbiw	r30, 0x00	; 0
    104a:	09 f0       	breq	.+2      	; 0x104e <.L133>
    104c:	09 95       	icall

0000104e <.L133>:
    104e:	ff 91       	pop	r31
    1050:	ef 91       	pop	r30
    1052:	bf 91       	pop	r27
    1054:	af 91       	pop	r26
    1056:	9f 91       	pop	r25
    1058:	8f 91       	pop	r24
    105a:	7f 91       	pop	r23
    105c:	6f 91       	pop	r22
    105e:	5f 91       	pop	r21
    1060:	4f 91       	pop	r20
    1062:	3f 91       	pop	r19
    1064:	2f 91       	pop	r18
    1066:	0f 90       	pop	r0
    1068:	0f be       	out	0x3f, r0	; 63
    106a:	0f 90       	pop	r0
    106c:	1f 90       	pop	r1
    106e:	18 95       	reti

00001070 <__vector_14>:
    1070:	1f 92       	push	r1
    1072:	0f 92       	push	r0
    1074:	0f b6       	in	r0, 0x3f	; 63
    1076:	0f 92       	push	r0
    1078:	11 24       	eor	r1, r1
    107a:	2f 93       	push	r18
    107c:	3f 93       	push	r19
    107e:	4f 93       	push	r20
    1080:	5f 93       	push	r21
    1082:	6f 93       	push	r22
    1084:	7f 93       	push	r23
    1086:	8f 93       	push	r24
    1088:	9f 93       	push	r25
    108a:	af 93       	push	r26
    108c:	bf 93       	push	r27
    108e:	ef 93       	push	r30
    1090:	ff 93       	push	r31
    1092:	e0 91 a2 00 	lds	r30, 0x00A2	; 0x8000a2 <PF_UartRE>
    1096:	f0 91 a3 00 	lds	r31, 0x00A3	; 0x8000a3 <PF_UartRE+0x1>
    109a:	30 97       	sbiw	r30, 0x00	; 0
    109c:	09 f0       	breq	.+2      	; 0x10a0 <.L138>
    109e:	09 95       	icall

000010a0 <.L138>:
    10a0:	ff 91       	pop	r31
    10a2:	ef 91       	pop	r30
    10a4:	bf 91       	pop	r27
    10a6:	af 91       	pop	r26
    10a8:	9f 91       	pop	r25
    10aa:	8f 91       	pop	r24
    10ac:	7f 91       	pop	r23
    10ae:	6f 91       	pop	r22
    10b0:	5f 91       	pop	r21
    10b2:	4f 91       	pop	r20
    10b4:	3f 91       	pop	r19
    10b6:	2f 91       	pop	r18
    10b8:	0f 90       	pop	r0
    10ba:	0f be       	out	0x3f, r0	; 63
    10bc:	0f 90       	pop	r0
    10be:	1f 90       	pop	r1
    10c0:	18 95       	reti

000010c2 <main>:
    10c2:	cf 93       	push	r28
    10c4:	df 93       	push	r29
    10c6:	00 d0       	rcall	.+0      	; 0x10c8 <L0^A>

000010c8 <L0^A>:
    10c8:	00 d0       	rcall	.+0      	; 0x10ca <L0^A>

000010ca <L0^A>:
    10ca:	0f 92       	push	r0
    10cc:	cd b7       	in	r28, 0x3d	; 61
    10ce:	de b7       	in	r29, 0x3e	; 62
    10d0:	85 e0       	ldi	r24, 0x05	; 5
    10d2:	e0 e8       	ldi	r30, 0x80	; 128
    10d4:	f0 e0       	ldi	r31, 0x00	; 0
    10d6:	de 01       	movw	r26, r28
    10d8:	11 96       	adiw	r26, 0x01	; 1

000010da <.L0^B1>:
    10da:	01 90       	ld	r0, Z+
    10dc:	0d 92       	st	X+, r0
    10de:	8a 95       	dec	r24
    10e0:	e1 f7       	brne	.-8      	; 0x10da <.L0^B1>
    10e2:	41 e0       	ldi	r20, 0x01	; 1
    10e4:	60 e0       	ldi	r22, 0x00	; 0
    10e6:	81 e0       	ldi	r24, 0x01	; 1
    10e8:	0e 94 3a 03 	call	0x674	; 0x674 <DIO_InitPin>
    10ec:	49 81       	ldd	r20, Y+1	; 0x01
    10ee:	5a 81       	ldd	r21, Y+2	; 0x02
    10f0:	6b 81       	ldd	r22, Y+3	; 0x03
    10f2:	7c 81       	ldd	r23, Y+4	; 0x04
    10f4:	8d 81       	ldd	r24, Y+5	; 0x05
    10f6:	0e 94 4f 05 	call	0xa9e	; 0xa9e <TIMER0_Init>

000010fa <.L11>:
    10fa:	60 e0       	ldi	r22, 0x00	; 0
    10fc:	81 e0       	ldi	r24, 0x01	; 1
    10fe:	0e 94 0f 04 	call	0x81e	; 0x81e <DIO_Toggle>
    1102:	83 e0       	ldi	r24, 0x03	; 3
    1104:	0e 94 d4 05 	call	0xba8	; 0xba8 <TIMER0_Start>
    1108:	28 ee       	ldi	r18, 0xE8	; 232
    110a:	33 e0       	ldi	r19, 0x03	; 3

0000110c <.L9>:
    110c:	08 b6       	in	r0, 0x38	; 56
    110e:	01 fe       	sbrs	r0, 1
    1110:	fd cf       	rjmp	.-6      	; 0x110c <.L9>
    1112:	88 b7       	in	r24, 0x38	; 56
    1114:	82 60       	ori	r24, 0x02	; 2
    1116:	88 bf       	out	0x38, r24	; 56
    1118:	21 50       	subi	r18, 0x01	; 1
    111a:	30 40       	sbci	r19, 0x00	; 0
    111c:	b9 f7       	brne	.-18     	; 0x110c <.L9>
    111e:	0e 94 db 05 	call	0xbb6	; 0xbb6 <TIMER0_Stop>
    1122:	eb cf       	rjmp	.-42     	; 0x10fa <.L11>

00001124 <__umulhisi3>:
    1124:	a2 9f       	mul	r26, r18

00001126 <.Loc.1>:
    1126:	b0 01       	movw	r22, r0

00001128 <.Loc.2>:
    1128:	b3 9f       	mul	r27, r19

0000112a <.Loc.3>:
    112a:	c0 01       	movw	r24, r0

0000112c <.Loc.4>:
    112c:	a3 9f       	mul	r26, r19

0000112e <.Loc.5>:
    112e:	70 0d       	add	r23, r0

00001130 <.Loc.6>:
    1130:	81 1d       	adc	r24, r1

00001132 <.Loc.7>:
    1132:	11 24       	eor	r1, r1

00001134 <.Loc.8>:
    1134:	91 1d       	adc	r25, r1

00001136 <.Loc.9>:
    1136:	b2 9f       	mul	r27, r18

00001138 <.Loc.10>:
    1138:	70 0d       	add	r23, r0

0000113a <.Loc.11>:
    113a:	81 1d       	adc	r24, r1

0000113c <.Loc.12>:
    113c:	11 24       	eor	r1, r1

0000113e <.Loc.13>:
    113e:	91 1d       	adc	r25, r1

00001140 <.Loc.14>:
    1140:	08 95       	ret

00001142 <__udivmodsi4>:
    1142:	a1 e2       	ldi	r26, 0x21	; 33

00001144 <.Loc.1>:
    1144:	1a 2e       	mov	r1, r26

00001146 <.Loc.2>:
    1146:	aa 1b       	sub	r26, r26

00001148 <.Loc.3>:
    1148:	bb 1b       	sub	r27, r27

0000114a <.Loc.4>:
    114a:	fd 01       	movw	r30, r26

0000114c <.Loc.5>:
    114c:	0d c0       	rjmp	.+26     	; 0x1168 <__udivmodsi4_ep>

0000114e <__udivmodsi4_loop>:
    114e:	aa 1f       	adc	r26, r26

00001150 <.Loc.7>:
    1150:	bb 1f       	adc	r27, r27

00001152 <.Loc.8>:
    1152:	ee 1f       	adc	r30, r30

00001154 <.Loc.9>:
    1154:	ff 1f       	adc	r31, r31

00001156 <.Loc.10>:
    1156:	a2 17       	cp	r26, r18

00001158 <.Loc.11>:
    1158:	b3 07       	cpc	r27, r19

0000115a <.Loc.12>:
    115a:	e4 07       	cpc	r30, r20

0000115c <.Loc.13>:
    115c:	f5 07       	cpc	r31, r21

0000115e <.Loc.14>:
    115e:	20 f0       	brcs	.+8      	; 0x1168 <__udivmodsi4_ep>

00001160 <.Loc.15>:
    1160:	a2 1b       	sub	r26, r18

00001162 <.Loc.16>:
    1162:	b3 0b       	sbc	r27, r19

00001164 <.Loc.17>:
    1164:	e4 0b       	sbc	r30, r20

00001166 <.Loc.18>:
    1166:	f5 0b       	sbc	r31, r21

00001168 <__udivmodsi4_ep>:
    1168:	66 1f       	adc	r22, r22

0000116a <.Loc.20>:
    116a:	77 1f       	adc	r23, r23

0000116c <.Loc.21>:
    116c:	88 1f       	adc	r24, r24

0000116e <.Loc.22>:
    116e:	99 1f       	adc	r25, r25

00001170 <.Loc.23>:
    1170:	1a 94       	dec	r1

00001172 <.Loc.24>:
    1172:	69 f7       	brne	.-38     	; 0x114e <__udivmodsi4_loop>

00001174 <.Loc.25>:
    1174:	60 95       	com	r22

00001176 <.Loc.26>:
    1176:	70 95       	com	r23

00001178 <.Loc.27>:
    1178:	80 95       	com	r24

0000117a <.Loc.28>:
    117a:	90 95       	com	r25

0000117c <.Loc.29>:
    117c:	9b 01       	movw	r18, r22

0000117e <.Loc.30>:
    117e:	ac 01       	movw	r20, r24

00001180 <.Loc.31>:
    1180:	bd 01       	movw	r22, r26

00001182 <.Loc.32>:
    1182:	cf 01       	movw	r24, r30

00001184 <.Loc.33>:
    1184:	08 95       	ret

00001186 <__tablejump2__>:
    1186:	ee 0f       	add	r30, r30

00001188 <.Loc.1>:
    1188:	ff 1f       	adc	r31, r31

0000118a <.Loc.2>:
    118a:	05 90       	lpm	r0, Z+

0000118c <.Loc.3>:
    118c:	f4 91       	lpm	r31, Z

0000118e <.Loc.4>:
    118e:	e0 2d       	mov	r30, r0

00001190 <.Loc.5>:
    1190:	09 94       	ijmp

00001192 <sprintf>:
    1192:	ae e0       	ldi	r26, 0x0E	; 14
    1194:	b0 e0       	ldi	r27, 0x00	; 0
    1196:	ef ec       	ldi	r30, 0xCF	; 207
    1198:	f8 e0       	ldi	r31, 0x08	; 8
    119a:	0c 94 9a 0b 	jmp	0x1734	; 0x1734 <.Loc.16>

0000119e <.L1^B1>:
    119e:	86 e0       	ldi	r24, 0x06	; 6
    11a0:	8c 83       	std	Y+4, r24	; 0x04
    11a2:	2b 89       	ldd	r18, Y+19	; 0x13
    11a4:	3c 89       	ldd	r19, Y+20	; 0x14
    11a6:	29 83       	std	Y+1, r18	; 0x01
    11a8:	3a 83       	std	Y+2, r19	; 0x02
    11aa:	8f ef       	ldi	r24, 0xFF	; 255
    11ac:	9f e7       	ldi	r25, 0x7F	; 127
    11ae:	8d 83       	std	Y+5, r24	; 0x05
    11b0:	9e 83       	std	Y+6, r25	; 0x06
    11b2:	ae 01       	movw	r20, r28
    11b4:	49 5e       	subi	r20, 0xE9	; 233
    11b6:	5f 4f       	sbci	r21, 0xFF	; 255
    11b8:	6d 89       	ldd	r22, Y+21	; 0x15
    11ba:	7e 89       	ldd	r23, Y+22	; 0x16
    11bc:	ce 01       	movw	r24, r28
    11be:	01 96       	adiw	r24, 0x01	; 1
    11c0:	0e 94 ed 08 	call	0x11da	; 0x11da <vfprintf>
    11c4:	ef 81       	ldd	r30, Y+7	; 0x07
    11c6:	f8 85       	ldd	r31, Y+8	; 0x08
    11c8:	2b 89       	ldd	r18, Y+19	; 0x13
    11ca:	3c 89       	ldd	r19, Y+20	; 0x14
    11cc:	e2 0f       	add	r30, r18
    11ce:	f3 1f       	adc	r31, r19
    11d0:	10 82       	st	Z, r1
    11d2:	2e 96       	adiw	r28, 0x0e	; 14
    11d4:	e2 e0       	ldi	r30, 0x02	; 2
    11d6:	0c 94 b6 0b 	jmp	0x176c	; 0x176c <.Loc.16>

000011da <vfprintf>:
    11da:	ab e0       	ldi	r26, 0x0B	; 11
    11dc:	b0 e0       	ldi	r27, 0x00	; 0
    11de:	e3 ef       	ldi	r30, 0xF3	; 243
    11e0:	f8 e0       	ldi	r31, 0x08	; 8
    11e2:	0c 94 8d 0b 	jmp	0x171a	; 0x171a <.Loc.3>

000011e6 <.L1^B1>:
    11e6:	6c 01       	movw	r12, r24
    11e8:	7b 01       	movw	r14, r22
    11ea:	8a 01       	movw	r16, r20
    11ec:	fc 01       	movw	r30, r24
    11ee:	16 82       	std	Z+6, r1	; 0x06
    11f0:	17 82       	std	Z+7, r1	; 0x07
    11f2:	83 81       	ldd	r24, Z+3	; 0x03
    11f4:	81 ff       	sbrs	r24, 1
    11f6:	df c1       	rjmp	.+958    	; 0x15b6 <.L80>
    11f8:	3a e0       	ldi	r19, 0x0A	; 10
    11fa:	53 2e       	mov	r5, r19

000011fc <.L3>:
    11fc:	f6 01       	movw	r30, r12
    11fe:	23 81       	ldd	r18, Z+3	; 0x03
    1200:	f7 01       	movw	r30, r14
    1202:	23 fd       	sbrc	r18, 3
    1204:	85 91       	lpm	r24, Z+
    1206:	23 ff       	sbrs	r18, 3
    1208:	81 91       	ld	r24, Z+
    120a:	7f 01       	movw	r14, r30
    120c:	81 15       	cp	r24, r1
    120e:	09 f4       	brne	.+2      	; 0x1212 <L0^A+0x2>

00001210 <L0^A>:
    1210:	37 c1       	rjmp	.+622    	; 0x1480 <.L4>
    1212:	85 32       	cpi	r24, 0x25	; 37
    1214:	39 f4       	brne	.+14     	; 0x1224 <.L5>
    1216:	23 fd       	sbrc	r18, 3
    1218:	95 91       	lpm	r25, Z+
    121a:	23 ff       	sbrs	r18, 3
    121c:	91 91       	ld	r25, Z+
    121e:	7f 01       	movw	r14, r30
    1220:	95 32       	cpi	r25, 0x25	; 37
    1222:	29 f4       	brne	.+10     	; 0x122e <.L81>

00001224 <.L5>:
    1224:	b6 01       	movw	r22, r12
    1226:	90 e0       	ldi	r25, 0x00	; 0
    1228:	0e 94 f4 0a 	call	0x15e8	; 0x15e8 <fputc>
    122c:	e7 cf       	rjmp	.-50     	; 0x11fc <.L3>

0000122e <.L81>:
    122e:	30 e0       	ldi	r19, 0x00	; 0
    1230:	91 2c       	mov	r9, r1
    1232:	61 2c       	mov	r6, r1
    1234:	71 2c       	mov	r7, r1

00001236 <.L6>:
    1236:	f0 e2       	ldi	r31, 0x20	; 32
    1238:	7f 16       	cp	r7, r31
    123a:	40 f5       	brcc	.+80     	; 0x128c <.L8>
    123c:	9b 32       	cpi	r25, 0x2B	; 43
    123e:	d9 f0       	breq	.+54     	; 0x1276 <.L9>
    1240:	58 f4       	brcc	.+22     	; 0x1258 <.L10>
    1242:	90 32       	cpi	r25, 0x20	; 32
    1244:	d1 f0       	breq	.+52     	; 0x127a <.L11>
    1246:	93 32       	cpi	r25, 0x23	; 35
    1248:	f1 f0       	breq	.+60     	; 0x1286 <.L12>

0000124a <.L13>:
    124a:	9e 32       	cpi	r25, 0x2E	; 46
    124c:	91 f5       	brne	.+100    	; 0x12b2 <.L19>
    124e:	76 fc       	sbrc	r7, 6
    1250:	17 c1       	rjmp	.+558    	; 0x1480 <.L4>
    1252:	68 94       	set
    1254:	76 f8       	bld	r7, 6
    1256:	06 c0       	rjmp	.+12     	; 0x1264 <.L16>

00001258 <.L10>:
    1258:	9d 32       	cpi	r25, 0x2D	; 45
    125a:	91 f0       	breq	.+36     	; 0x1280 <.L14>
    125c:	90 33       	cpi	r25, 0x30	; 48
    125e:	c1 f4       	brne	.+48     	; 0x1290 <.L15>
    1260:	68 94       	set
    1262:	70 f8       	bld	r7, 0

00001264 <.L16>:
    1264:	f7 01       	movw	r30, r14
    1266:	23 fd       	sbrc	r18, 3
    1268:	95 91       	lpm	r25, Z+
    126a:	23 ff       	sbrs	r18, 3
    126c:	91 91       	ld	r25, Z+
    126e:	7f 01       	movw	r14, r30
    1270:	91 11       	cpse	r25, r1
    1272:	e1 cf       	rjmp	.-62     	; 0x1236 <.L6>
    1274:	28 c0       	rjmp	.+80     	; 0x12c6 <.L17>

00001276 <.L9>:
    1276:	68 94       	set
    1278:	71 f8       	bld	r7, 1

0000127a <.L11>:
    127a:	68 94       	set
    127c:	72 f8       	bld	r7, 2
    127e:	f2 cf       	rjmp	.-28     	; 0x1264 <.L16>

00001280 <.L14>:
    1280:	68 94       	set
    1282:	73 f8       	bld	r7, 3
    1284:	ef cf       	rjmp	.-34     	; 0x1264 <.L16>

00001286 <.L12>:
    1286:	68 94       	set
    1288:	74 f8       	bld	r7, 4
    128a:	ec cf       	rjmp	.-40     	; 0x1264 <.L16>

0000128c <.L8>:
    128c:	77 fc       	sbrc	r7, 7
    128e:	1b c0       	rjmp	.+54     	; 0x12c6 <.L17>

00001290 <.L15>:
    1290:	80 ed       	ldi	r24, 0xD0	; 208
    1292:	89 0f       	add	r24, r25
    1294:	8a 30       	cpi	r24, 0x0A	; 10
    1296:	c8 f6       	brcc	.-78     	; 0x124a <.L13>
    1298:	76 fe       	sbrs	r7, 6
    129a:	05 c0       	rjmp	.+10     	; 0x12a6 <.L18>
    129c:	95 9c       	mul	r9, r5
    129e:	80 0d       	add	r24, r0
    12a0:	11 24       	eor	r1, r1
    12a2:	98 2e       	mov	r9, r24
    12a4:	df cf       	rjmp	.-66     	; 0x1264 <.L16>

000012a6 <.L18>:
    12a6:	65 9c       	mul	r6, r5
    12a8:	80 0d       	add	r24, r0
    12aa:	11 24       	eor	r1, r1
    12ac:	68 2e       	mov	r6, r24
    12ae:	7f 2a       	or	r7, r31
    12b0:	d9 cf       	rjmp	.-78     	; 0x1264 <.L16>

000012b2 <.L19>:
    12b2:	9c 36       	cpi	r25, 0x6C	; 108
    12b4:	19 f4       	brne	.+6      	; 0x12bc <.L20>
    12b6:	68 94       	set
    12b8:	77 f8       	bld	r7, 7
    12ba:	d4 cf       	rjmp	.-88     	; 0x1264 <.L16>

000012bc <.L20>:
    12bc:	9c 34       	cpi	r25, 0x4C	; 76
    12be:	09 f4       	brne	.+2      	; 0x12c2 <L0^A+0x2>

000012c0 <L0^A>:
    12c0:	45 c0       	rjmp	.+138    	; 0x134c <.L82>
    12c2:	98 36       	cpi	r25, 0x68	; 104
    12c4:	79 f2       	breq	.-98     	; 0x1264 <.L16>

000012c6 <.L17>:
    12c6:	89 2f       	mov	r24, r25
    12c8:	8f 7d       	andi	r24, 0xDF	; 223
    12ca:	85 54       	subi	r24, 0x45	; 69
    12cc:	83 30       	cpi	r24, 0x03	; 3
    12ce:	08 f4       	brcc	.+2      	; 0x12d2 <L0^A+0x2>

000012d0 <L0^A>:
    12d0:	3f c0       	rjmp	.+126    	; 0x1350 <.L21>
    12d2:	93 36       	cpi	r25, 0x63	; 99
    12d4:	09 f4       	brne	.+2      	; 0x12d8 <L0^A+0x2>

000012d6 <L0^A>:
    12d6:	61 c0       	rjmp	.+194    	; 0x139a <.L22>
    12d8:	93 37       	cpi	r25, 0x73	; 115
    12da:	09 f4       	brne	.+2      	; 0x12de <L0^A+0x2>

000012dc <L0^A>:
    12dc:	6b c0       	rjmp	.+214    	; 0x13b4 <.L23>
    12de:	93 35       	cpi	r25, 0x53	; 83
    12e0:	09 f4       	brne	.+2      	; 0x12e4 <L0^A+0x2>

000012e2 <L0^A>:
    12e2:	77 c0       	rjmp	.+238    	; 0x13d2 <.L24>
    12e4:	94 36       	cpi	r25, 0x64	; 100
    12e6:	19 f0       	breq	.+6      	; 0x12ee <.L39>
    12e8:	99 36       	cpi	r25, 0x69	; 105
    12ea:	09 f0       	breq	.+2      	; 0x12ee <.L39>

000012ec <L0^A>:
    12ec:	a4 c0       	rjmp	.+328    	; 0x1436 <.L40>

000012ee <.L39>:
    12ee:	f8 01       	movw	r30, r16
    12f0:	77 fe       	sbrs	r7, 7
    12f2:	9a c0       	rjmp	.+308    	; 0x1428 <.L41>
    12f4:	61 91       	ld	r22, Z+
    12f6:	71 91       	ld	r23, Z+
    12f8:	81 91       	ld	r24, Z+
    12fa:	91 91       	ld	r25, Z+

000012fc <.L126>:
    12fc:	8f 01       	movw	r16, r30
    12fe:	27 2d       	mov	r18, r7
    1300:	2f 76       	andi	r18, 0x6F	; 111
    1302:	82 2e       	mov	r8, r18
    1304:	97 ff       	sbrs	r25, 7
    1306:	04 c0       	rjmp	.+8      	; 0x1310 <.L43>
    1308:	0e 94 82 0b 	call	0x1704	; 0x1704 <__negsi2>
    130c:	68 94       	set
    130e:	87 f8       	bld	r8, 7

00001310 <.L43>:
    1310:	2a e0       	ldi	r18, 0x0A	; 10
    1312:	30 e0       	ldi	r19, 0x00	; 0
    1314:	5e 01       	movw	r10, r28
    1316:	4f ef       	ldi	r20, 0xFF	; 255
    1318:	a4 1a       	sub	r10, r20
    131a:	b4 0a       	sbc	r11, r20
    131c:	a5 01       	movw	r20, r10
    131e:	0e 94 24 0b 	call	0x1648	; 0x1648 <__ultoa_invert>
    1322:	78 2e       	mov	r7, r24
    1324:	7a 18       	sub	r7, r10

00001326 <.L44>:
    1326:	86 fe       	sbrs	r8, 6
    1328:	cf c0       	rjmp	.+414    	; 0x14c8 <.L54>
    132a:	88 2d       	mov	r24, r8
    132c:	8e 7f       	andi	r24, 0xFE	; 254
    132e:	79 14       	cp	r7, r9
    1330:	08 f0       	brcs	.+2      	; 0x1334 <L0^A+0x2>

00001332 <L0^A>:
    1332:	c9 c0       	rjmp	.+402    	; 0x14c6 <.L88>
    1334:	84 fe       	sbrs	r8, 4
    1336:	1d c1       	rjmp	.+570    	; 0x1572 <.L89>
    1338:	82 fc       	sbrc	r8, 2
    133a:	11 c1       	rjmp	.+546    	; 0x155e <.L90>
    133c:	2e ee       	ldi	r18, 0xEE	; 238
    133e:	82 22       	and	r8, r18
    1340:	b9 2c       	mov	r11, r9

00001342 <.L55>:
    1342:	88 2d       	mov	r24, r8
    1344:	86 78       	andi	r24, 0x86	; 134
    1346:	09 f4       	brne	.+2      	; 0x134a <L0^A+0x2>

00001348 <L0^A>:
    1348:	cb c0       	rjmp	.+406    	; 0x14e0 <.L58>
    134a:	0e c1       	rjmp	.+540    	; 0x1568 <.L128>

0000134c <.L82>:
    134c:	31 e0       	ldi	r19, 0x01	; 1
    134e:	8a cf       	rjmp	.-236    	; 0x1264 <.L16>

00001350 <.L21>:
    1350:	31 15       	cp	r19, r1
    1352:	01 f1       	breq	.+64     	; 0x1394 <.L26>
    1354:	08 5f       	subi	r16, 0xF8	; 248
    1356:	1f 4f       	sbci	r17, 0xFF	; 255

00001358 <.L27>:
    1358:	8f e3       	ldi	r24, 0x3F	; 63
    135a:	89 83       	std	Y+1, r24	; 0x01
    135c:	21 e0       	ldi	r18, 0x01	; 1
    135e:	82 2e       	mov	r8, r18
    1360:	91 2c       	mov	r9, r1
    1362:	5e 01       	movw	r10, r28
    1364:	2f ef       	ldi	r18, 0xFF	; 255
    1366:	a2 1a       	sub	r10, r18
    1368:	b2 0a       	sbc	r11, r18

0000136a <.L28>:
    136a:	e8 94       	clt
    136c:	77 f8       	bld	r7, 7

0000136e <.L30>:
    136e:	73 fc       	sbrc	r7, 3
    1370:	03 c0       	rjmp	.+6      	; 0x1378 <.L36>

00001372 <.L32>:
    1372:	86 14       	cp	r8, r6
    1374:	91 04       	cpc	r9, r1
    1376:	f0 f1       	brcs	.+124    	; 0x13f4 <.L34>

00001378 <.L36>:
    1378:	81 14       	cp	r8, r1
    137a:	91 04       	cpc	r9, r1
    137c:	09 f0       	breq	.+2      	; 0x1380 <.L77>

0000137e <L0^A>:
    137e:	41 c0       	rjmp	.+130    	; 0x1402 <.L37>

00001380 <.L77>:
    1380:	61 14       	cp	r6, r1
    1382:	09 f4       	brne	.+2      	; 0x1386 <L0^A+0x2>

00001384 <L0^A>:
    1384:	3b cf       	rjmp	.-394    	; 0x11fc <.L3>
    1386:	b6 01       	movw	r22, r12
    1388:	80 e2       	ldi	r24, 0x20	; 32
    138a:	90 e0       	ldi	r25, 0x00	; 0
    138c:	0e 94 f4 0a 	call	0x15e8	; 0x15e8 <fputc>
    1390:	6a 94       	dec	r6
    1392:	f6 cf       	rjmp	.-20     	; 0x1380 <.L77>

00001394 <.L26>:
    1394:	0c 5f       	subi	r16, 0xFC	; 252
    1396:	1f 4f       	sbci	r17, 0xFF	; 255
    1398:	df cf       	rjmp	.-66     	; 0x1358 <.L27>

0000139a <.L22>:
    139a:	f8 01       	movw	r30, r16
    139c:	80 81       	ld	r24, Z
    139e:	89 83       	std	Y+1, r24	; 0x01
    13a0:	0e 5f       	subi	r16, 0xFE	; 254
    13a2:	1f 4f       	sbci	r17, 0xFF	; 255
    13a4:	91 e0       	ldi	r25, 0x01	; 1
    13a6:	89 2e       	mov	r8, r25
    13a8:	91 2c       	mov	r9, r1
    13aa:	5e 01       	movw	r10, r28
    13ac:	ff ef       	ldi	r31, 0xFF	; 255
    13ae:	af 1a       	sub	r10, r31
    13b0:	bf 0a       	sbc	r11, r31
    13b2:	db cf       	rjmp	.-74     	; 0x136a <.L28>

000013b4 <.L23>:
    13b4:	f8 01       	movw	r30, r16
    13b6:	a1 90       	ld	r10, Z+
    13b8:	b1 90       	ld	r11, Z+
    13ba:	8f 01       	movw	r16, r30
    13bc:	69 2d       	mov	r22, r9
    13be:	70 e0       	ldi	r23, 0x00	; 0
    13c0:	76 fc       	sbrc	r7, 6
    13c2:	02 c0       	rjmp	.+4      	; 0x13c8 <.L29>
    13c4:	6f ef       	ldi	r22, 0xFF	; 255
    13c6:	7f ef       	ldi	r23, 0xFF	; 255

000013c8 <.L29>:
    13c8:	c5 01       	movw	r24, r10
    13ca:	0e 94 e9 0a 	call	0x15d2	; 0x15d2 <strnlen>
    13ce:	4c 01       	movw	r8, r24
    13d0:	cc cf       	rjmp	.-104    	; 0x136a <.L28>

000013d2 <.L24>:
    13d2:	f8 01       	movw	r30, r16
    13d4:	a1 90       	ld	r10, Z+
    13d6:	b1 90       	ld	r11, Z+
    13d8:	8f 01       	movw	r16, r30
    13da:	69 2d       	mov	r22, r9
    13dc:	70 e0       	ldi	r23, 0x00	; 0
    13de:	76 fc       	sbrc	r7, 6
    13e0:	02 c0       	rjmp	.+4      	; 0x13e6 <.L31>
    13e2:	6f ef       	ldi	r22, 0xFF	; 255
    13e4:	7f ef       	ldi	r23, 0xFF	; 255

000013e6 <.L31>:
    13e6:	c5 01       	movw	r24, r10
    13e8:	0e 94 de 0a 	call	0x15bc	; 0x15bc <strnlen_P>
    13ec:	4c 01       	movw	r8, r24
    13ee:	68 94       	set
    13f0:	77 f8       	bld	r7, 7
    13f2:	bd cf       	rjmp	.-134    	; 0x136e <.L30>

000013f4 <.L34>:
    13f4:	b6 01       	movw	r22, r12
    13f6:	80 e2       	ldi	r24, 0x20	; 32
    13f8:	90 e0       	ldi	r25, 0x00	; 0
    13fa:	0e 94 f4 0a 	call	0x15e8	; 0x15e8 <fputc>
    13fe:	6a 94       	dec	r6
    1400:	b8 cf       	rjmp	.-144    	; 0x1372 <.L32>

00001402 <.L37>:
    1402:	f5 01       	movw	r30, r10
    1404:	77 fc       	sbrc	r7, 7
    1406:	85 91       	lpm	r24, Z+
    1408:	77 fe       	sbrs	r7, 7
    140a:	81 91       	ld	r24, Z+
    140c:	5f 01       	movw	r10, r30
    140e:	b6 01       	movw	r22, r12
    1410:	90 e0       	ldi	r25, 0x00	; 0
    1412:	0e 94 f4 0a 	call	0x15e8	; 0x15e8 <fputc>
    1416:	81 e0       	ldi	r24, 0x01	; 1
    1418:	61 10       	cpse	r6, r1
    141a:	01 c0       	rjmp	.+2      	; 0x141e <.L35>
    141c:	80 e0       	ldi	r24, 0x00	; 0

0000141e <.L35>:
    141e:	68 1a       	sub	r6, r24
    1420:	f1 e0       	ldi	r31, 0x01	; 1
    1422:	8f 1a       	sub	r8, r31
    1424:	91 08       	sbc	r9, r1
    1426:	a8 cf       	rjmp	.-176    	; 0x1378 <.L36>

00001428 <.L41>:
    1428:	61 91       	ld	r22, Z+
    142a:	71 91       	ld	r23, Z+
    142c:	87 2f       	mov	r24, r23
    142e:	88 0f       	add	r24, r24
    1430:	88 0b       	sbc	r24, r24
    1432:	98 2f       	mov	r25, r24
    1434:	63 cf       	rjmp	.-314    	; 0x12fc <.L126>

00001436 <.L40>:
    1436:	95 37       	cpi	r25, 0x75	; 117
    1438:	c9 f4       	brne	.+50     	; 0x146c <.L45>
    143a:	87 2c       	mov	r8, r7
    143c:	e8 94       	clt
    143e:	84 f8       	bld	r8, 4
    1440:	2a e0       	ldi	r18, 0x0A	; 10
    1442:	30 e0       	ldi	r19, 0x00	; 0

00001444 <.L46>:
    1444:	f8 01       	movw	r30, r16
    1446:	87 fe       	sbrs	r8, 7
    1448:	39 c0       	rjmp	.+114    	; 0x14bc <.L52>
    144a:	61 91       	ld	r22, Z+
    144c:	71 91       	ld	r23, Z+
    144e:	81 91       	ld	r24, Z+
    1450:	91 91       	ld	r25, Z+

00001452 <.L127>:
    1452:	8f 01       	movw	r16, r30
    1454:	5e 01       	movw	r10, r28
    1456:	ff ef       	ldi	r31, 0xFF	; 255
    1458:	af 1a       	sub	r10, r31
    145a:	bf 0a       	sbc	r11, r31
    145c:	a5 01       	movw	r20, r10
    145e:	0e 94 24 0b 	call	0x1648	; 0x1648 <__ultoa_invert>
    1462:	78 2e       	mov	r7, r24
    1464:	7a 18       	sub	r7, r10
    1466:	e8 94       	clt
    1468:	87 f8       	bld	r8, 7
    146a:	5d cf       	rjmp	.-326    	; 0x1326 <.L44>

0000146c <.L45>:
    146c:	87 2d       	mov	r24, r7
    146e:	89 7f       	andi	r24, 0xF9	; 249
    1470:	88 2e       	mov	r8, r24
    1472:	90 37       	cpi	r25, 0x70	; 112
    1474:	99 f0       	breq	.+38     	; 0x149c <.L47>
    1476:	58 f4       	brcc	.+22     	; 0x148e <.L48>
    1478:	98 35       	cpi	r25, 0x58	; 88
    147a:	a9 f0       	breq	.+42     	; 0x14a6 <.L49>
    147c:	9f 36       	cpi	r25, 0x6F	; 111
    147e:	d9 f0       	breq	.+54     	; 0x14b6 <.L85>

00001480 <.L4>:
    1480:	f6 01       	movw	r30, r12
    1482:	86 81       	ldd	r24, Z+6	; 0x06
    1484:	97 81       	ldd	r25, Z+7	; 0x07

00001486 <.L1>:
    1486:	2b 96       	adiw	r28, 0x0b	; 11
    1488:	ef e0       	ldi	r30, 0x0F	; 15
    148a:	0c 94 a9 0b 	jmp	0x1752	; 0x1752 <.Loc.3>

0000148e <.L48>:
    148e:	98 37       	cpi	r25, 0x78	; 120
    1490:	b9 f7       	brne	.-18     	; 0x1480 <.L4>
    1492:	74 fc       	sbrc	r7, 4
    1494:	05 c0       	rjmp	.+10     	; 0x14a0 <.L51>

00001496 <.L86>:
    1496:	20 e1       	ldi	r18, 0x10	; 16
    1498:	30 e0       	ldi	r19, 0x00	; 0
    149a:	d4 cf       	rjmp	.-88     	; 0x1444 <.L46>

0000149c <.L47>:
    149c:	68 94       	set
    149e:	84 f8       	bld	r8, 4

000014a0 <.L51>:
    14a0:	68 94       	set
    14a2:	82 f8       	bld	r8, 2
    14a4:	f8 cf       	rjmp	.-16     	; 0x1496 <.L86>

000014a6 <.L49>:
    14a6:	74 fe       	sbrs	r7, 4
    14a8:	03 c0       	rjmp	.+6      	; 0x14b0 <.L87>
    14aa:	e7 2d       	mov	r30, r7
    14ac:	e6 60       	ori	r30, 0x06	; 6
    14ae:	8e 2e       	mov	r8, r30

000014b0 <.L87>:
    14b0:	20 e1       	ldi	r18, 0x10	; 16
    14b2:	32 e0       	ldi	r19, 0x02	; 2
    14b4:	c7 cf       	rjmp	.-114    	; 0x1444 <.L46>

000014b6 <.L85>:
    14b6:	28 e0       	ldi	r18, 0x08	; 8
    14b8:	30 e0       	ldi	r19, 0x00	; 0
    14ba:	c4 cf       	rjmp	.-120    	; 0x1444 <.L46>

000014bc <.L52>:
    14bc:	61 91       	ld	r22, Z+
    14be:	71 91       	ld	r23, Z+
    14c0:	80 e0       	ldi	r24, 0x00	; 0
    14c2:	90 e0       	ldi	r25, 0x00	; 0
    14c4:	c6 cf       	rjmp	.-116    	; 0x1452 <.L127>

000014c6 <.L88>:
    14c6:	88 2e       	mov	r8, r24

000014c8 <.L54>:
    14c8:	b7 2c       	mov	r11, r7
    14ca:	84 fe       	sbrs	r8, 4
    14cc:	3a cf       	rjmp	.-396    	; 0x1342 <.L55>

000014ce <.L56>:
    14ce:	fe 01       	movw	r30, r28
    14d0:	e7 0d       	add	r30, r7
    14d2:	f1 1d       	adc	r31, r1
    14d4:	80 81       	ld	r24, Z
    14d6:	80 33       	cpi	r24, 0x30	; 48
    14d8:	09 f0       	breq	.+2      	; 0x14dc <L0^A+0x2>

000014da <L0^A>:
    14da:	44 c0       	rjmp	.+136    	; 0x1564 <.L57>
    14dc:	49 ee       	ldi	r20, 0xE9	; 233
    14de:	84 22       	and	r8, r20

000014e0 <.L58>:
    14e0:	83 fc       	sbrc	r8, 3
    14e2:	0e c0       	rjmp	.+28     	; 0x1500 <.L60>
    14e4:	80 fe       	sbrs	r8, 0
    14e6:	51 c0       	rjmp	.+162    	; 0x158a <.L92>
    14e8:	97 2c       	mov	r9, r7
    14ea:	b6 14       	cp	r11, r6
    14ec:	18 f4       	brcc	.+6      	; 0x14f4 <.L79>
    14ee:	96 0c       	add	r9, r6
    14f0:	9b 18       	sub	r9, r11
    14f2:	b6 2c       	mov	r11, r6

000014f4 <.L79>:
    14f4:	86 2d       	mov	r24, r6
    14f6:	8b 19       	sub	r24, r11
    14f8:	6b 14       	cp	r6, r11
    14fa:	08 f4       	brcc	.+2      	; 0x14fe <.L65>
    14fc:	80 e0       	ldi	r24, 0x00	; 0

000014fe <.L65>:
    14fe:	b8 0e       	add	r11, r24

00001500 <.L60>:
    1500:	b6 14       	cp	r11, r6
    1502:	08 f0       	brcs	.+2      	; 0x1506 <L0^A+0x2>

00001504 <L0^A>:
    1504:	44 c0       	rjmp	.+136    	; 0x158e <.L94>
    1506:	6b 18       	sub	r6, r11

00001508 <.L67>:
    1508:	84 fe       	sbrs	r8, 4
    150a:	43 c0       	rjmp	.+134    	; 0x1592 <.L68>
    150c:	b6 01       	movw	r22, r12
    150e:	80 e3       	ldi	r24, 0x30	; 48
    1510:	90 e0       	ldi	r25, 0x00	; 0
    1512:	0e 94 f4 0a 	call	0x15e8	; 0x15e8 <fputc>
    1516:	82 fe       	sbrs	r8, 2
    1518:	09 c0       	rjmp	.+18     	; 0x152c <.L74>
    151a:	88 e5       	ldi	r24, 0x58	; 88
    151c:	90 e0       	ldi	r25, 0x00	; 0
    151e:	81 fc       	sbrc	r8, 1
    1520:	02 c0       	rjmp	.+4      	; 0x1526 <.L70>
    1522:	88 e7       	ldi	r24, 0x78	; 120
    1524:	90 e0       	ldi	r25, 0x00	; 0

00001526 <.L70>:
    1526:	b6 01       	movw	r22, r12

00001528 <.L129>:
    1528:	0e 94 f4 0a 	call	0x15e8	; 0x15e8 <fputc>

0000152c <.L74>:
    152c:	79 14       	cp	r7, r9
    152e:	e0 f1       	brcs	.+120    	; 0x15a8 <.L75>
    1530:	5e 01       	movw	r10, r28
    1532:	8f ef       	ldi	r24, 0xFF	; 255
    1534:	a8 1a       	sub	r10, r24
    1536:	b8 0a       	sbc	r11, r24
    1538:	7a 94       	dec	r7
    153a:	82 e0       	ldi	r24, 0x02	; 2
    153c:	88 2e       	mov	r8, r24
    153e:	91 2c       	mov	r9, r1
    1540:	8c 0e       	add	r8, r28
    1542:	9d 1e       	adc	r9, r29
    1544:	87 0c       	add	r8, r7
    1546:	91 1c       	adc	r9, r1

00001548 <.L76>:
    1548:	f4 01       	movw	r30, r8
    154a:	82 91       	ld	r24, -Z
    154c:	4f 01       	movw	r8, r30
    154e:	b6 01       	movw	r22, r12
    1550:	90 e0       	ldi	r25, 0x00	; 0
    1552:	0e 94 f4 0a 	call	0x15e8	; 0x15e8 <fputc>
    1556:	8a 14       	cp	r8, r10
    1558:	9b 04       	cpc	r9, r11
    155a:	b1 f7       	brne	.-20     	; 0x1548 <.L76>
    155c:	11 cf       	rjmp	.-478    	; 0x1380 <.L77>

0000155e <.L90>:
    155e:	b9 2c       	mov	r11, r9
    1560:	88 2e       	mov	r8, r24
    1562:	b5 cf       	rjmp	.-150    	; 0x14ce <.L56>

00001564 <.L57>:
    1564:	82 fc       	sbrc	r8, 2
    1566:	02 c0       	rjmp	.+4      	; 0x156c <.L59>

00001568 <.L128>:
    1568:	b3 94       	inc	r11
    156a:	ba cf       	rjmp	.-140    	; 0x14e0 <.L58>

0000156c <.L59>:
    156c:	b3 94       	inc	r11
    156e:	b3 94       	inc	r11
    1570:	b7 cf       	rjmp	.-146    	; 0x14e0 <.L58>

00001572 <.L89>:
    1572:	b9 2c       	mov	r11, r9
    1574:	88 2e       	mov	r8, r24
    1576:	e5 ce       	rjmp	.-566    	; 0x1342 <.L55>

00001578 <.L63>:
    1578:	b6 01       	movw	r22, r12
    157a:	80 e2       	ldi	r24, 0x20	; 32
    157c:	90 e0       	ldi	r25, 0x00	; 0
    157e:	0e 94 f4 0a 	call	0x15e8	; 0x15e8 <fputc>
    1582:	a3 94       	inc	r10

00001584 <.L61>:
    1584:	a6 14       	cp	r10, r6
    1586:	c0 f3       	brcs	.-16     	; 0x1578 <.L63>
    1588:	b5 cf       	rjmp	.-150    	; 0x14f4 <.L79>

0000158a <.L92>:
    158a:	ab 2c       	mov	r10, r11
    158c:	fb cf       	rjmp	.-10     	; 0x1584 <.L61>

0000158e <.L94>:
    158e:	61 2c       	mov	r6, r1
    1590:	bb cf       	rjmp	.-138    	; 0x1508 <.L67>

00001592 <.L68>:
    1592:	88 2d       	mov	r24, r8
    1594:	86 78       	andi	r24, 0x86	; 134
    1596:	51 f2       	breq	.-108    	; 0x152c <.L74>
    1598:	80 e2       	ldi	r24, 0x20	; 32
    159a:	81 fc       	sbrc	r8, 1
    159c:	8b e2       	ldi	r24, 0x2B	; 43
    159e:	87 fc       	sbrc	r8, 7
    15a0:	8d e2       	ldi	r24, 0x2D	; 45
    15a2:	b6 01       	movw	r22, r12
    15a4:	90 e0       	ldi	r25, 0x00	; 0
    15a6:	c0 cf       	rjmp	.-128    	; 0x1528 <.L129>

000015a8 <.L75>:
    15a8:	b6 01       	movw	r22, r12
    15aa:	80 e3       	ldi	r24, 0x30	; 48
    15ac:	90 e0       	ldi	r25, 0x00	; 0
    15ae:	0e 94 f4 0a 	call	0x15e8	; 0x15e8 <fputc>
    15b2:	9a 94       	dec	r9
    15b4:	bb cf       	rjmp	.-138    	; 0x152c <.L74>

000015b6 <.L80>:
    15b6:	8f ef       	ldi	r24, 0xFF	; 255
    15b8:	9f ef       	ldi	r25, 0xFF	; 255
    15ba:	65 cf       	rjmp	.-310    	; 0x1486 <.L1>

000015bc <strnlen_P>:
    15bc:	fc 01       	movw	r30, r24

000015be <.L_strnlen_P_loop>:
    15be:	05 90       	lpm	r0, Z+
    15c0:	61 50       	subi	r22, 0x01	; 1
    15c2:	70 40       	sbci	r23, 0x00	; 0
    15c4:	01 10       	cpse	r0, r1
    15c6:	d8 f7       	brcc	.-10     	; 0x15be <.L_strnlen_P_loop>
    15c8:	80 95       	com	r24
    15ca:	90 95       	com	r25
    15cc:	8e 0f       	add	r24, r30
    15ce:	9f 1f       	adc	r25, r31
    15d0:	08 95       	ret

000015d2 <strnlen>:
    15d2:	fc 01       	movw	r30, r24

000015d4 <.L_strnlen_loop>:
    15d4:	61 50       	subi	r22, 0x01	; 1
    15d6:	70 40       	sbci	r23, 0x00	; 0
    15d8:	01 90       	ld	r0, Z+
    15da:	01 10       	cpse	r0, r1
    15dc:	d8 f7       	brcc	.-10     	; 0x15d4 <.L_strnlen_loop>
    15de:	80 95       	com	r24
    15e0:	90 95       	com	r25
    15e2:	8e 0f       	add	r24, r30
    15e4:	9f 1f       	adc	r25, r31
    15e6:	08 95       	ret

000015e8 <fputc>:
    15e8:	0f 93       	push	r16
    15ea:	1f 93       	push	r17
    15ec:	cf 93       	push	r28
    15ee:	df 93       	push	r29
    15f0:	18 2f       	mov	r17, r24
    15f2:	09 2f       	mov	r16, r25
    15f4:	eb 01       	movw	r28, r22
    15f6:	8b 81       	ldd	r24, Y+3	; 0x03
    15f8:	81 fd       	sbrc	r24, 1
    15fa:	09 c0       	rjmp	.+18     	; 0x160e <.L2>

000015fc <.L7>:
    15fc:	0f ef       	ldi	r16, 0xFF	; 255
    15fe:	1f ef       	ldi	r17, 0xFF	; 255

00001600 <.L3>:
    1600:	81 2f       	mov	r24, r17
    1602:	90 2f       	mov	r25, r16
    1604:	df 91       	pop	r29
    1606:	cf 91       	pop	r28
    1608:	1f 91       	pop	r17
    160a:	0f 91       	pop	r16
    160c:	08 95       	ret

0000160e <.L2>:
    160e:	82 ff       	sbrs	r24, 2
    1610:	14 c0       	rjmp	.+40     	; 0x163a <.L4>
    1612:	2e 81       	ldd	r18, Y+6	; 0x06
    1614:	3f 81       	ldd	r19, Y+7	; 0x07
    1616:	8c 81       	ldd	r24, Y+4	; 0x04
    1618:	9d 81       	ldd	r25, Y+5	; 0x05
    161a:	28 17       	cp	r18, r24
    161c:	39 07       	cpc	r19, r25
    161e:	3c f4       	brge	.+14     	; 0x162e <.L8>
    1620:	e8 81       	ld	r30, Y
    1622:	f9 81       	ldd	r31, Y+1	; 0x01
    1624:	cf 01       	movw	r24, r30
    1626:	01 96       	adiw	r24, 0x01	; 1
    1628:	88 83       	st	Y, r24
    162a:	99 83       	std	Y+1, r25	; 0x01
    162c:	10 83       	st	Z, r17

0000162e <.L8>:
    162e:	8e 81       	ldd	r24, Y+6	; 0x06
    1630:	9f 81       	ldd	r25, Y+7	; 0x07
    1632:	01 96       	adiw	r24, 0x01	; 1
    1634:	8e 83       	std	Y+6, r24	; 0x06
    1636:	9f 83       	std	Y+7, r25	; 0x07
    1638:	e3 cf       	rjmp	.-58     	; 0x1600 <.L3>

0000163a <.L4>:
    163a:	e8 85       	ldd	r30, Y+8	; 0x08
    163c:	f9 85       	ldd	r31, Y+9	; 0x09
    163e:	81 2f       	mov	r24, r17
    1640:	09 95       	icall
    1642:	89 2b       	or	r24, r25
    1644:	a1 f3       	breq	.-24     	; 0x162e <.L8>
    1646:	da cf       	rjmp	.-76     	; 0x15fc <.L7>

00001648 <__ultoa_invert>:
    1648:	fa 01       	movw	r30, r20
    164a:	aa 27       	eor	r26, r26
    164c:	28 30       	cpi	r18, 0x08	; 8
    164e:	51 f1       	breq	.+84     	; 0x16a4 <.L_oct>
    1650:	20 31       	cpi	r18, 0x10	; 16
    1652:	81 f1       	breq	.+96     	; 0x16b4 <.L_hex>
    1654:	e8 94       	clt

00001656 <.L_dec_loop>:
    1656:	6f 93       	push	r22
    1658:	6e 7f       	andi	r22, 0xFE	; 254
    165a:	6e 5f       	subi	r22, 0xFE	; 254
    165c:	7f 4f       	sbci	r23, 0xFF	; 255
    165e:	8f 4f       	sbci	r24, 0xFF	; 255
    1660:	9f 4f       	sbci	r25, 0xFF	; 255
    1662:	af 4f       	sbci	r26, 0xFF	; 255
    1664:	b1 e0       	ldi	r27, 0x01	; 1
    1666:	3e d0       	rcall	.+124    	; 0x16e4 <.L_div_add>
    1668:	b4 e0       	ldi	r27, 0x04	; 4
    166a:	3c d0       	rcall	.+120    	; 0x16e4 <.L_div_add>
    166c:	67 0f       	add	r22, r23
    166e:	78 1f       	adc	r23, r24
    1670:	89 1f       	adc	r24, r25
    1672:	9a 1f       	adc	r25, r26
    1674:	a1 1d       	adc	r26, r1
    1676:	68 0f       	add	r22, r24
    1678:	79 1f       	adc	r23, r25
    167a:	8a 1f       	adc	r24, r26
    167c:	91 1d       	adc	r25, r1
    167e:	a1 1d       	adc	r26, r1
    1680:	6a 0f       	add	r22, r26
    1682:	71 1d       	adc	r23, r1
    1684:	81 1d       	adc	r24, r1
    1686:	91 1d       	adc	r25, r1
    1688:	a1 1d       	adc	r26, r1
    168a:	20 d0       	rcall	.+64     	; 0x16cc <.L_lsr_4>
    168c:	09 f4       	brne	.+2      	; 0x1690 <.L1^B1>
    168e:	68 94       	set

00001690 <.L1^B1>:
    1690:	3f 91       	pop	r19
    1692:	2a e0       	ldi	r18, 0x0A	; 10
    1694:	26 9f       	mul	r18, r22
    1696:	11 24       	eor	r1, r1
    1698:	30 19       	sub	r19, r0
    169a:	30 5d       	subi	r19, 0xD0	; 208
    169c:	31 93       	st	Z+, r19
    169e:	de f6       	brtc	.-74     	; 0x1656 <.L_dec_loop>

000016a0 <.L_eos>:
    16a0:	cf 01       	movw	r24, r30
    16a2:	08 95       	ret

000016a4 <.L_oct>:
    16a4:	46 2f       	mov	r20, r22
    16a6:	47 70       	andi	r20, 0x07	; 7
    16a8:	40 5d       	subi	r20, 0xD0	; 208
    16aa:	41 93       	st	Z+, r20
    16ac:	b3 e0       	ldi	r27, 0x03	; 3
    16ae:	0f d0       	rcall	.+30     	; 0x16ce <.L_lsr>
    16b0:	c9 f7       	brne	.-14     	; 0x16a4 <.L_oct>
    16b2:	f6 cf       	rjmp	.-20     	; 0x16a0 <.L_eos>

000016b4 <.L_hex>:
    16b4:	46 2f       	mov	r20, r22
    16b6:	4f 70       	andi	r20, 0x0F	; 15
    16b8:	40 5d       	subi	r20, 0xD0	; 208
    16ba:	4a 33       	cpi	r20, 0x3A	; 58
    16bc:	18 f0       	brcs	.+6      	; 0x16c4 <.L3^B1>
    16be:	49 5d       	subi	r20, 0xD9	; 217
    16c0:	31 fd       	sbrc	r19, 1
    16c2:	40 52       	subi	r20, 0x20	; 32

000016c4 <.L3^B1>:
    16c4:	41 93       	st	Z+, r20
    16c6:	02 d0       	rcall	.+4      	; 0x16cc <.L_lsr_4>
    16c8:	a9 f7       	brne	.-22     	; 0x16b4 <.L_hex>
    16ca:	ea cf       	rjmp	.-44     	; 0x16a0 <.L_eos>

000016cc <.L_lsr_4>:
    16cc:	b4 e0       	ldi	r27, 0x04	; 4

000016ce <.L_lsr>:
    16ce:	a6 95       	lsr	r26
    16d0:	97 95       	ror	r25
    16d2:	87 95       	ror	r24
    16d4:	77 95       	ror	r23
    16d6:	67 95       	ror	r22
    16d8:	ba 95       	dec	r27
    16da:	c9 f7       	brne	.-14     	; 0x16ce <.L_lsr>
    16dc:	00 97       	sbiw	r24, 0x00	; 0
    16de:	61 05       	cpc	r22, r1
    16e0:	71 05       	cpc	r23, r1
    16e2:	08 95       	ret

000016e4 <.L_div_add>:
    16e4:	9b 01       	movw	r18, r22
    16e6:	ac 01       	movw	r20, r24
    16e8:	0a 2e       	mov	r0, r26

000016ea <.L7^B1>:
    16ea:	06 94       	lsr	r0
    16ec:	57 95       	ror	r21
    16ee:	47 95       	ror	r20
    16f0:	37 95       	ror	r19
    16f2:	27 95       	ror	r18
    16f4:	ba 95       	dec	r27
    16f6:	c9 f7       	brne	.-14     	; 0x16ea <.L7^B1>
    16f8:	62 0f       	add	r22, r18
    16fa:	73 1f       	adc	r23, r19
    16fc:	84 1f       	adc	r24, r20
    16fe:	95 1f       	adc	r25, r21
    1700:	a0 1d       	adc	r26, r0
    1702:	08 95       	ret

00001704 <__negsi2>:
    1704:	90 95       	com	r25
    1706:	80 95       	com	r24
    1708:	70 95       	com	r23
    170a:	61 95       	neg	r22
    170c:	7f 4f       	sbci	r23, 0xFF	; 255
    170e:	8f 4f       	sbci	r24, 0xFF	; 255
    1710:	9f 4f       	sbci	r25, 0xFF	; 255

00001712 <.Loc.1>:
    1712:	08 95       	ret

00001714 <__prologue_saves__>:
    1714:	2f 92       	push	r2

00001716 <.Loc.1>:
    1716:	3f 92       	push	r3

00001718 <.Loc.2>:
    1718:	4f 92       	push	r4

0000171a <.Loc.3>:
    171a:	5f 92       	push	r5

0000171c <.Loc.4>:
    171c:	6f 92       	push	r6

0000171e <.Loc.5>:
    171e:	7f 92       	push	r7

00001720 <.Loc.6>:
    1720:	8f 92       	push	r8

00001722 <.Loc.7>:
    1722:	9f 92       	push	r9

00001724 <.Loc.8>:
    1724:	af 92       	push	r10

00001726 <.Loc.9>:
    1726:	bf 92       	push	r11

00001728 <.Loc.10>:
    1728:	cf 92       	push	r12

0000172a <.Loc.11>:
    172a:	df 92       	push	r13

0000172c <.Loc.12>:
    172c:	ef 92       	push	r14

0000172e <.Loc.13>:
    172e:	ff 92       	push	r15

00001730 <.Loc.14>:
    1730:	0f 93       	push	r16

00001732 <.Loc.15>:
    1732:	1f 93       	push	r17

00001734 <.Loc.16>:
    1734:	cf 93       	push	r28

00001736 <.Loc.17>:
    1736:	df 93       	push	r29

00001738 <.Loc.18>:
    1738:	cd b7       	in	r28, 0x3d	; 61

0000173a <.Loc.19>:
    173a:	de b7       	in	r29, 0x3e	; 62

0000173c <.Loc.20>:
    173c:	ca 1b       	sub	r28, r26

0000173e <.Loc.21>:
    173e:	db 0b       	sbc	r29, r27

00001740 <.Loc.22>:
    1740:	0f b6       	in	r0, 0x3f	; 63

00001742 <.Loc.23>:
    1742:	f8 94       	cli

00001744 <.Loc.24>:
    1744:	de bf       	out	0x3e, r29	; 62

00001746 <.Loc.25>:
    1746:	0f be       	out	0x3f, r0	; 63

00001748 <.Loc.26>:
    1748:	cd bf       	out	0x3d, r28	; 61

0000174a <.Loc.27>:
    174a:	09 94       	ijmp

0000174c <__epilogue_restores__>:
    174c:	2a 88       	ldd	r2, Y+18	; 0x12

0000174e <.Loc.1>:
    174e:	39 88       	ldd	r3, Y+17	; 0x11

00001750 <.Loc.2>:
    1750:	48 88       	ldd	r4, Y+16	; 0x10

00001752 <.Loc.3>:
    1752:	5f 84       	ldd	r5, Y+15	; 0x0f

00001754 <.Loc.4>:
    1754:	6e 84       	ldd	r6, Y+14	; 0x0e

00001756 <.Loc.5>:
    1756:	7d 84       	ldd	r7, Y+13	; 0x0d

00001758 <.Loc.6>:
    1758:	8c 84       	ldd	r8, Y+12	; 0x0c

0000175a <.Loc.7>:
    175a:	9b 84       	ldd	r9, Y+11	; 0x0b

0000175c <.Loc.8>:
    175c:	aa 84       	ldd	r10, Y+10	; 0x0a

0000175e <.Loc.9>:
    175e:	b9 84       	ldd	r11, Y+9	; 0x09

00001760 <.Loc.10>:
    1760:	c8 84       	ldd	r12, Y+8	; 0x08

00001762 <.Loc.11>:
    1762:	df 80       	ldd	r13, Y+7	; 0x07

00001764 <.Loc.12>:
    1764:	ee 80       	ldd	r14, Y+6	; 0x06

00001766 <.Loc.13>:
    1766:	fd 80       	ldd	r15, Y+5	; 0x05

00001768 <.Loc.14>:
    1768:	0c 81       	ldd	r16, Y+4	; 0x04

0000176a <.Loc.15>:
    176a:	1b 81       	ldd	r17, Y+3	; 0x03

0000176c <.Loc.16>:
    176c:	aa 81       	ldd	r26, Y+2	; 0x02

0000176e <.Loc.17>:
    176e:	b9 81       	ldd	r27, Y+1	; 0x01

00001770 <.Loc.18>:
    1770:	ce 0f       	add	r28, r30

00001772 <.Loc.19>:
    1772:	d1 1d       	adc	r29, r1

00001774 <.Loc.20>:
    1774:	0f b6       	in	r0, 0x3f	; 63

00001776 <.Loc.21>:
    1776:	f8 94       	cli

00001778 <.Loc.22>:
    1778:	de bf       	out	0x3e, r29	; 62

0000177a <.Loc.23>:
    177a:	0f be       	out	0x3f, r0	; 63

0000177c <.Loc.24>:
    177c:	cd bf       	out	0x3d, r28	; 61

0000177e <.Loc.25>:
    177e:	ed 01       	movw	r28, r26

00001780 <.Loc.26>:
    1780:	08 95       	ret

00001782 <_exit>:
    1782:	f8 94       	cli

00001784 <__stop_program>:
    1784:	ff cf       	rjmp	.-2      	; 0x1784 <__stop_program>

00001786 <L0^A>:
    1786:	2d 07       	cpc	r18, r29
    1788:	22 07       	cpc	r18, r18
    178a:	f1 06       	cpc	r15, r17
    178c:	21 07       	cpc	r18, r17
    178e:	f0 06       	cpc	r15, r16
    1790:	2f 07       	cpc	r18, r31
    1792:	ef 06       	cpc	r14, r31
