
C:\Tas_2\debug\pwm4.elf:     file format elf32-avr

Sections:
Idx Name          Size      VMA       LMA       File off  Algn
  0 .text         0000195c  00000000  00000000  00000094  2**1
                  CONTENTS, ALLOC, LOAD, READONLY, CODE
  1 .data         0000002a  00800060  0000195c  000019f0  2**0
                  CONTENTS, ALLOC, LOAD, DATA
  2 .bss          0000009e  0080008a  0080008a  00001a1a  2**0
                  ALLOC
  3 .comment      0000005c  00000000  00000000  00001a1a  2**0
                  CONTENTS, READONLY
  4 .note.gnu.avr.deviceinfo 0000003c  00000000  00000000  00001a78  2**2
                  CONTENTS, READONLY, OCTETS
  5 .debug_aranges 00000140  00000000  00000000  00001ab4  2**0
                  CONTENTS, READONLY, DEBUGGING, OCTETS
  6 .debug_info   00002867  00000000  00000000  00001bf4  2**0
                  CONTENTS, READONLY, DEBUGGING, OCTETS
  7 .debug_abbrev 00001002  00000000  00000000  0000445b  2**0
                  CONTENTS, READONLY, DEBUGGING, OCTETS
  8 .debug_line   000028b8  00000000  00000000  0000545d  2**0
                  CONTENTS, READONLY, DEBUGGING, OCTETS
  9 .debug_frame  00000824  00000000  00000000  00007d18  2**2
                  CONTENTS, READONLY, DEBUGGING, OCTETS
 10 .debug_str    0000096f  00000000  00000000  0000853c  2**0
                  CONTENTS, READONLY, DEBUGGING, OCTETS
 11 .debug_line_str 0000030f  00000000  00000000  00008eab  2**0
                  CONTENTS, READONLY, DEBUGGING, OCTETS
 12 .debug_loclists 00000fbe  00000000  00000000  000091ba  2**0
                  CONTENTS, READONLY, DEBUGGING, OCTETS
 13 .debug_rnglists 00000017  00000000  00000000  0000a178  2**0
                  CONTENTS, READONLY, DEBUGGING, OCTETS

Disassembly of section .text:

00000000 <__vectors>:
       0:	0c 94 2a 00 	jmp	0x54	; 0x54 <__ctors_end>
       4:	0c 94 9b 05 	jmp	0xb36	; 0xb36 <__vector_1>
       8:	0c 94 c4 05 	jmp	0xb88	; 0xb88 <__vector_2>
       c:	0c 94 ed 05 	jmp	0xbda	; 0xbda <__vector_3>
      10:	0c 94 47 00 	jmp	0x8e	; 0x8e <__bad_interrupt>
      14:	0c 94 47 00 	jmp	0x8e	; 0x8e <__bad_interrupt>
      18:	0c 94 47 00 	jmp	0x8e	; 0x8e <__bad_interrupt>
      1c:	0c 94 47 00 	jmp	0x8e	; 0x8e <__bad_interrupt>
      20:	0c 94 47 00 	jmp	0x8e	; 0x8e <__bad_interrupt>
      24:	0c 94 47 00 	jmp	0x8e	; 0x8e <__bad_interrupt>
      28:	0c 94 df 06 	jmp	0xdbe	; 0xdbe <__vector_10>
      2c:	0c 94 06 07 	jmp	0xe0c	; 0xe0c <__vector_11>
      30:	0c 94 47 00 	jmp	0x8e	; 0x8e <__bad_interrupt>
      34:	0c 94 fb 08 	jmp	0x11f6	; 0x11f6 <__vector_13>
      38:	0c 94 5a 09 	jmp	0x12b4	; 0x12b4 <__vector_14>
      3c:	0c 94 31 09 	jmp	0x1262	; 0x1262 <__vector_15>
      40:	0c 94 47 00 	jmp	0x8e	; 0x8e <__bad_interrupt>
      44:	0c 94 47 00 	jmp	0x8e	; 0x8e <__bad_interrupt>
      48:	0c 94 47 00 	jmp	0x8e	; 0x8e <__bad_interrupt>
      4c:	0c 94 47 00 	jmp	0x8e	; 0x8e <__bad_interrupt>
      50:	0c 94 47 00 	jmp	0x8e	; 0x8e <__bad_interrupt>

00000054 <__ctors_end>:
      54:	11 24       	eor	r1, r1
      56:	1f be       	out	0x3f, r1	; 63
      58:	cf e5       	ldi	r28, 0x5F	; 95
      5a:	d8 e0       	ldi	r29, 0x08	; 8
      5c:	de bf       	out	0x3e, r29	; 62
      5e:	cd bf       	out	0x3d, r28	; 61

00000060 <__do_copy_data>:
      60:	10 e0       	ldi	r17, 0x00	; 0

00000062 <.Loc.1>:
      62:	a0 e6       	ldi	r26, 0x60	; 96

00000064 <.Loc.2>:
      64:	b0 e0       	ldi	r27, 0x00	; 0

00000066 <.Loc.3>:
      66:	ec e5       	ldi	r30, 0x5C	; 92

00000068 <.Loc.4>:
      68:	f9 e1       	ldi	r31, 0x19	; 25

0000006a <.Loc.5>:
      6a:	02 c0       	rjmp	.+4      	; 0x70 <.L__do_copy_data_start>

0000006c <.L__do_copy_data_loop>:
      6c:	05 90       	lpm	r0, Z+

0000006e <.Loc.7>:
      6e:	0d 92       	st	X+, r0

00000070 <.L__do_copy_data_start>:
      70:	aa 38       	cpi	r26, 0x8A	; 138

00000072 <.Loc.9>:
      72:	b1 07       	cpc	r27, r17

00000074 <.Loc.10>:
      74:	d9 f7       	brne	.-10     	; 0x6c <.L__do_copy_data_loop>

00000076 <__do_clear_bss>:
      76:	21 e0       	ldi	r18, 0x01	; 1

00000078 <.Loc.1>:
      78:	aa e8       	ldi	r26, 0x8A	; 138

0000007a <.Loc.2>:
      7a:	b0 e0       	ldi	r27, 0x00	; 0

0000007c <.Loc.3>:
      7c:	01 c0       	rjmp	.+2      	; 0x80 <.Loc.5>

0000007e <.Loc.4>:
      7e:	1d 92       	st	X+, r1

00000080 <.Loc.5>:
      80:	a8 32       	cpi	r26, 0x28	; 40

00000082 <.Loc.6>:
      82:	b2 07       	cpc	r27, r18

00000084 <.Loc.7>:
      84:	e1 f7       	brne	.-8      	; 0x7e <.Loc.4>

00000086 <L0^A>:
      86:	0e 94 1a 03 	call	0x634	; 0x634 <main>
      8a:	0c 94 ac 0c 	jmp	0x1958	; 0x1958 <_exit>

0000008e <__bad_interrupt>:
      8e:	0c 94 00 00 	jmp	0	; 0x0 <__vectors>

00000092 <DCM_Stop>:
    DCM_Stop();
}

void DCM_Stop(void)
{
    DIO_WritePin(DCM_PORT, DCM_IN1, Low);
      92:	40 e0       	ldi	r20, 0x00	; 0
      94:	65 e0       	ldi	r22, 0x05	; 5
      96:	83 e0       	ldi	r24, 0x03	; 3
      98:	0e 94 ee 03 	call	0x7dc	; 0x7dc <DIO_WritePin>

0000009c <.LVL0>:
     DIO_WritePin(DCM_PORT, DCM_IN2, Low);
      9c:	40 e0       	ldi	r20, 0x00	; 0
      9e:	66 e0       	ldi	r22, 0x06	; 6
      a0:	83 e0       	ldi	r24, 0x03	; 3
      a2:	0e 94 ee 03 	call	0x7dc	; 0x7dc <DIO_WritePin>

000000a6 <.LVL1>:
      a6:	08 95       	ret

000000a8 <DCM_Init>:
    DIO_InitPin(DCM_PORT, DCM_IN1, Output);
      a8:	41 e0       	ldi	r20, 0x01	; 1
      aa:	65 e0       	ldi	r22, 0x05	; 5
      ac:	83 e0       	ldi	r24, 0x03	; 3
      ae:	0e 94 5e 03 	call	0x6bc	; 0x6bc <DIO_InitPin>

000000b2 <.LVL2>:
    DIO_InitPin(DCM_PORT, DCM_IN2, Output);
      b2:	41 e0       	ldi	r20, 0x01	; 1
      b4:	66 e0       	ldi	r22, 0x06	; 6
      b6:	83 e0       	ldi	r24, 0x03	; 3
      b8:	0e 94 5e 03 	call	0x6bc	; 0x6bc <DIO_InitPin>

000000bc <.LVL3>:
    DCM_Stop();
      bc:	0e 94 49 00 	call	0x92	; 0x92 <DCM_Stop>

000000c0 <.LVL4>:
}
      c0:	08 95       	ret

000000c2 <DCM_OpenGate>:
    DIO_WritePin(DCM_PORT, DCM_IN1, High);
      c2:	41 e0       	ldi	r20, 0x01	; 1
      c4:	65 e0       	ldi	r22, 0x05	; 5
      c6:	83 e0       	ldi	r24, 0x03	; 3
      c8:	0e 94 ee 03 	call	0x7dc	; 0x7dc <DIO_WritePin>

000000cc <.LVL5>:
    DIO_WritePin(DCM_PORT, DCM_IN2, Low);
      cc:	40 e0       	ldi	r20, 0x00	; 0
      ce:	66 e0       	ldi	r22, 0x06	; 6
      d0:	83 e0       	ldi	r24, 0x03	; 3
      d2:	0e 94 ee 03 	call	0x7dc	; 0x7dc <DIO_WritePin>

000000d6 <.LBB6>:
	#else
		//round up by default
		__ticks_dc = (uint32_t)(__builtin_ceil(__builtin_fabs(__tmp)));
	#endif

	__builtin_avr_delay_cycles(__ticks_dc);
      d6:	2f ef       	ldi	r18, 0xFF	; 255
      d8:	82 e5       	ldi	r24, 0x52	; 82
      da:	97 e0       	ldi	r25, 0x07	; 7

000000dc <.L1^B1>:
      dc:	21 50       	subi	r18, 0x01	; 1
      de:	80 40       	sbci	r24, 0x00	; 0
      e0:	90 40       	sbci	r25, 0x00	; 0
      e2:	e1 f7       	brne	.-8      	; 0xdc <.L1^B1>
      e4:	00 c0       	rjmp	.+0      	; 0xe6 <L0^A>

000000e6 <L0^A>:
	...

000000e8 <.LBE6>:
    DCM_Stop();
      e8:	0e 94 49 00 	call	0x92	; 0x92 <DCM_Stop>

000000ec <.LVL8>:
}
      ec:	08 95       	ret

000000ee <DCM_CloseGate>:
    DIO_WritePin(DCM_PORT, DCM_IN1, Low);
      ee:	40 e0       	ldi	r20, 0x00	; 0
      f0:	65 e0       	ldi	r22, 0x05	; 5
      f2:	83 e0       	ldi	r24, 0x03	; 3
      f4:	0e 94 ee 03 	call	0x7dc	; 0x7dc <DIO_WritePin>

000000f8 <.LVL9>:
    DIO_WritePin(DCM_PORT, DCM_IN2, High);
      f8:	41 e0       	ldi	r20, 0x01	; 1
      fa:	66 e0       	ldi	r22, 0x06	; 6
      fc:	83 e0       	ldi	r24, 0x03	; 3
      fe:	0e 94 ee 03 	call	0x7dc	; 0x7dc <DIO_WritePin>

00000102 <.LBB8>:
     102:	2f ef       	ldi	r18, 0xFF	; 255
     104:	82 e5       	ldi	r24, 0x52	; 82
     106:	97 e0       	ldi	r25, 0x07	; 7

00000108 <.L1^B2>:
     108:	21 50       	subi	r18, 0x01	; 1
     10a:	80 40       	sbci	r24, 0x00	; 0
     10c:	90 40       	sbci	r25, 0x00	; 0
     10e:	e1 f7       	brne	.-8      	; 0x108 <.L1^B2>
     110:	00 c0       	rjmp	.+0      	; 0x112 <L0^A>

00000112 <L0^A>:
	...

00000114 <.LBE8>:
    DCM_Stop();
     114:	0e 94 49 00 	call	0x92	; 0x92 <DCM_Stop>

00000118 <.LVL12>:
}
     118:	08 95       	ret

0000011a <KeyPad_Init>:
static uint8_t kpd_keysvalue[kpd_RowNo][kpd_ColumnsNo]=kpd_keyvalue;




void KeyPad_Init(){
     11a:	ef 92       	push	r14
     11c:	ff 92       	push	r15
     11e:	1f 93       	push	r17
     120:	cf 93       	push	r28
     122:	df 93       	push	r29

00000124 <.Loc.1>:
    uint8_t Counter =0;
// Columns as Input & Internal Pull UP
for(Counter=0;Counter<kpd_ColumnsNo;Counter++){
     124:	10 e0       	ldi	r17, 0x00	; 0

00000126 <.Loc.4>:
     126:	15 c0       	rjmp	.+42     	; 0x152 <.L2>

00000128 <.L3>:

 DIO_InitPin(kpd_columnsGroup[Counter],kpd_columnsPin[Counter],Input);
     128:	c1 2f       	mov	r28, r17
     12a:	d0 e0       	ldi	r29, 0x00	; 0
     12c:	ce 01       	movw	r24, r28
     12e:	88 58       	subi	r24, 0x88	; 136
     130:	9f 4f       	sbci	r25, 0xFF	; 255
     132:	7c 01       	movw	r14, r24
     134:	c4 58       	subi	r28, 0x84	; 132
     136:	df 4f       	sbci	r29, 0xFF	; 255
     138:	40 e0       	ldi	r20, 0x00	; 0
     13a:	fc 01       	movw	r30, r24
     13c:	60 81       	ld	r22, Z
     13e:	88 81       	ld	r24, Y
     140:	0e 94 5e 03 	call	0x6bc	; 0x6bc <DIO_InitPin>

00000144 <.LVL2>:
 DIO_WritePin(kpd_columnsGroup[Counter],kpd_columnsPin[Counter],High);
     144:	41 e0       	ldi	r20, 0x01	; 1
     146:	f7 01       	movw	r30, r14
     148:	60 81       	ld	r22, Z
     14a:	88 81       	ld	r24, Y
     14c:	0e 94 ee 03 	call	0x7dc	; 0x7dc <DIO_WritePin>

00000150 <.LVL3>:
for(Counter=0;Counter<kpd_ColumnsNo;Counter++){
     150:	1f 5f       	subi	r17, 0xFF	; 255

00000152 <.L2>:
     152:	14 30       	cpi	r17, 0x04	; 4
     154:	48 f3       	brcs	.-46     	; 0x128 <.L3>

00000156 <.Loc.9>:

}
//ROW as Output & Initaial Value VCC
for(Counter=0;Counter<kpd_RowNo;Counter++){
     156:	10 e0       	ldi	r17, 0x00	; 0

00000158 <.Loc.10>:
     158:	15 c0       	rjmp	.+42     	; 0x184 <.L4>

0000015a <.L5>:
DIO_InitPin(kpd_RowsGroup[Counter],kpd_RowsPin[Counter],Output);
     15a:	c1 2f       	mov	r28, r17
     15c:	d0 e0       	ldi	r29, 0x00	; 0
     15e:	ce 01       	movw	r24, r28
     160:	80 59       	subi	r24, 0x90	; 144
     162:	9f 4f       	sbci	r25, 0xFF	; 255
     164:	7c 01       	movw	r14, r24
     166:	cc 58       	subi	r28, 0x8C	; 140
     168:	df 4f       	sbci	r29, 0xFF	; 255
     16a:	41 e0       	ldi	r20, 0x01	; 1
     16c:	fc 01       	movw	r30, r24
     16e:	60 81       	ld	r22, Z
     170:	88 81       	ld	r24, Y
     172:	0e 94 5e 03 	call	0x6bc	; 0x6bc <DIO_InitPin>

00000176 <.LVL7>:
DIO_WritePin(kpd_RowsGroup[Counter],kpd_RowsPin[Counter],High);
     176:	41 e0       	ldi	r20, 0x01	; 1
     178:	f7 01       	movw	r30, r14
     17a:	60 81       	ld	r22, Z
     17c:	88 81       	ld	r24, Y
     17e:	0e 94 ee 03 	call	0x7dc	; 0x7dc <DIO_WritePin>

00000182 <.LVL8>:
for(Counter=0;Counter<kpd_RowNo;Counter++){
     182:	1f 5f       	subi	r17, 0xFF	; 255

00000184 <.L4>:
     184:	14 30       	cpi	r17, 0x04	; 4
     186:	48 f3       	brcs	.-46     	; 0x15a <.L5>

00000188 <.Loc.15>:

}
}
     188:	df 91       	pop	r29
     18a:	cf 91       	pop	r28
     18c:	1f 91       	pop	r17

0000018e <.Loc.16>:
     18e:	ff 90       	pop	r15
     190:	ef 90       	pop	r14
     192:	08 95       	ret

00000194 <KeyPad_Getpressedkey>:





uint8_t KeyPad_Getpressedkey(){
     194:	cf 92       	push	r12
     196:	df 92       	push	r13
     198:	ef 92       	push	r14
     19a:	ff 92       	push	r15
     19c:	0f 93       	push	r16
     19e:	1f 93       	push	r17
     1a0:	cf 93       	push	r28
     1a2:	df 93       	push	r29
     1a4:	0f 92       	push	r0
     1a6:	cd b7       	in	r28, 0x3d	; 61
     1a8:	de b7       	in	r29, 0x3e	; 62

000001aa <.Loc.18>:

uint8_t kpd_value=kpd_NoKeyPressed;
uint8_t Columns_Counter=0;
uint8_t Rows_Counter=0;
uint8_t BtnState=0;
     1aa:	19 82       	std	Y+1, r1	; 0x01

000001ac <.Loc.23>:


for(Rows_Counter=0;Rows_Counter<kpd_RowNo;Rows_Counter++){
     1ac:	00 e0       	ldi	r16, 0x00	; 0

000001ae <.Loc.25>:
     1ae:	38 c0       	rjmp	.+112    	; 0x220 <.L7>

000001b0 <.L16>:
    DIO_WritePin(kpd_RowsGroup[Rows_Counter],kpd_RowsPin[Rows_Counter],Low);
    for(Columns_Counter=0;Columns_Counter<kpd_ColumnsNo;Columns_Counter++){
         DIO_ReadPin(kpd_columnsGroup[Columns_Counter],kpd_columnsPin[Columns_Counter],&BtnState);
         if(BtnState==kpd_BtnPressed)
         {
           kpd_value = kpd_keysvalue[Rows_Counter][Columns_Counter];
     1b0:	f6 01       	movw	r30, r12
     1b2:	ee 0f       	add	r30, r30
     1b4:	ff 1f       	adc	r31, r31
     1b6:	ee 0f       	add	r30, r30
     1b8:	ff 1f       	adc	r31, r31
     1ba:	e0 5a       	subi	r30, 0xA0	; 160
     1bc:	ff 4f       	sbci	r31, 0xFF	; 255
     1be:	ee 0d       	add	r30, r14
     1c0:	ff 1d       	adc	r31, r15
     1c2:	10 81       	ld	r17, Z

000001c4 <.L10>:
           do
           {
               DIO_ReadPin(kpd_columnsGroup[Columns_Counter],
     1c4:	ae 01       	movw	r20, r28
     1c6:	4f 5f       	subi	r20, 0xFF	; 255
     1c8:	5f 4f       	sbci	r21, 0xFF	; 255
     1ca:	f7 01       	movw	r30, r14
     1cc:	e8 58       	subi	r30, 0x88	; 136
     1ce:	ff 4f       	sbci	r31, 0xFF	; 255
     1d0:	60 81       	ld	r22, Z
     1d2:	f7 01       	movw	r30, r14
     1d4:	e4 58       	subi	r30, 0x84	; 132
     1d6:	ff 4f       	sbci	r31, 0xFF	; 255
     1d8:	80 81       	ld	r24, Z
     1da:	0e 94 7e 04 	call	0x8fc	; 0x8fc <DIO_ReadPin>

000001de <.LVL14>:
                           kpd_columnsPin[Columns_Counter],
                           &BtnState);
           }
           while(BtnState == kpd_BtnPressed);
     1de:	89 81       	ldd	r24, Y+1	; 0x01
     1e0:	81 15       	cp	r24, r1
     1e2:	81 f3       	breq	.-32     	; 0x1c4 <.L10>

000001e4 <.LBB4>:
     1e4:	8f e3       	ldi	r24, 0x3F	; 63
     1e6:	9c e9       	ldi	r25, 0x9C	; 156

000001e8 <.L1^B1>:
     1e8:	01 97       	sbiw	r24, 0x01	; 1
     1ea:	f1 f7       	brne	.-4      	; 0x1e8 <.L1^B1>
     1ec:	00 c0       	rjmp	.+0      	; 0x1ee <L0^A>

000001ee <L0^A>:
	...

000001f0 <.LBE4>:
           _delay_ms(20);   // Debounce
           DIO_WritePin(kpd_RowsGroup[Rows_Counter],kpd_RowsPin[Rows_Counter],High);
     1f0:	d6 01       	movw	r26, r12
     1f2:	a0 59       	subi	r26, 0x90	; 144
     1f4:	bf 4f       	sbci	r27, 0xFF	; 255
     1f6:	f6 01       	movw	r30, r12
     1f8:	ec 58       	subi	r30, 0x8C	; 140
     1fa:	ff 4f       	sbci	r31, 0xFF	; 255
     1fc:	41 e0       	ldi	r20, 0x01	; 1
     1fe:	6c 91       	ld	r22, X
     200:	80 81       	ld	r24, Z
     202:	0e 94 ee 03 	call	0x7dc	; 0x7dc <DIO_WritePin>

00000206 <.LVL17>:
           return kpd_value;
     206:	34 c0       	rjmp	.+104    	; 0x270 <.L6>

00000208 <.L15>:
         }
        }
         DIO_WritePin(kpd_RowsGroup[Rows_Counter],kpd_RowsPin[Rows_Counter],High);
     208:	d6 01       	movw	r26, r12
     20a:	a0 59       	subi	r26, 0x90	; 144
     20c:	bf 4f       	sbci	r27, 0xFF	; 255
     20e:	f6 01       	movw	r30, r12
     210:	ec 58       	subi	r30, 0x8C	; 140
     212:	ff 4f       	sbci	r31, 0xFF	; 255
     214:	41 e0       	ldi	r20, 0x01	; 1
     216:	6c 91       	ld	r22, X
     218:	80 81       	ld	r24, Z
     21a:	0e 94 ee 03 	call	0x7dc	; 0x7dc <DIO_WritePin>

0000021e <.LVL19>:
for(Rows_Counter=0;Rows_Counter<kpd_RowNo;Rows_Counter++){
     21e:	0f 5f       	subi	r16, 0xFF	; 255

00000220 <.L7>:
     220:	04 30       	cpi	r16, 0x04	; 4
     222:	28 f5       	brcc	.+74     	; 0x26e <.L14>

00000224 <.Loc.46>:
    DIO_WritePin(kpd_RowsGroup[Rows_Counter],kpd_RowsPin[Rows_Counter],Low);
     224:	c0 2e       	mov	r12, r16
     226:	d1 2c       	mov	r13, r1
     228:	d6 01       	movw	r26, r12
     22a:	a0 59       	subi	r26, 0x90	; 144
     22c:	bf 4f       	sbci	r27, 0xFF	; 255
     22e:	f6 01       	movw	r30, r12
     230:	ec 58       	subi	r30, 0x8C	; 140
     232:	ff 4f       	sbci	r31, 0xFF	; 255
     234:	40 e0       	ldi	r20, 0x00	; 0
     236:	6c 91       	ld	r22, X
     238:	80 81       	ld	r24, Z
     23a:	0e 94 ee 03 	call	0x7dc	; 0x7dc <DIO_WritePin>

0000023e <.LVL21>:
    for(Columns_Counter=0;Columns_Counter<kpd_ColumnsNo;Columns_Counter++){
     23e:	10 e0       	ldi	r17, 0x00	; 0

00000240 <.L8>:
     240:	14 30       	cpi	r17, 0x04	; 4
     242:	10 f7       	brcc	.-60     	; 0x208 <.L15>

00000244 <.Loc.50>:
         DIO_ReadPin(kpd_columnsGroup[Columns_Counter],kpd_columnsPin[Columns_Counter],&BtnState);
     244:	e1 2e       	mov	r14, r17
     246:	f1 2c       	mov	r15, r1
     248:	d7 01       	movw	r26, r14
     24a:	a8 58       	subi	r26, 0x88	; 136
     24c:	bf 4f       	sbci	r27, 0xFF	; 255
     24e:	f7 01       	movw	r30, r14
     250:	e4 58       	subi	r30, 0x84	; 132
     252:	ff 4f       	sbci	r31, 0xFF	; 255
     254:	ae 01       	movw	r20, r28
     256:	4f 5f       	subi	r20, 0xFF	; 255
     258:	5f 4f       	sbci	r21, 0xFF	; 255
     25a:	6c 91       	ld	r22, X
     25c:	80 81       	ld	r24, Z
     25e:	0e 94 7e 04 	call	0x8fc	; 0x8fc <DIO_ReadPin>

00000262 <.LVL23>:
         if(BtnState==kpd_BtnPressed)
     262:	89 81       	ldd	r24, Y+1	; 0x01

00000264 <.Loc.53>:
     264:	81 15       	cp	r24, r1
     266:	09 f4       	brne	.+2      	; 0x26a <.Loc.54>

00000268 <L0^A>:
     268:	a3 cf       	rjmp	.-186    	; 0x1b0 <.L16>

0000026a <.Loc.54>:
    for(Columns_Counter=0;Columns_Counter<kpd_ColumnsNo;Columns_Counter++){
     26a:	1f 5f       	subi	r17, 0xFF	; 255

0000026c <.Loc.55>:
     26c:	e9 cf       	rjmp	.-46     	; 0x240 <.L8>

0000026e <.L14>:
    }
    return kpd_value;
     26e:	1f ef       	ldi	r17, 0xFF	; 255

00000270 <.L6>:
}
     270:	81 2f       	mov	r24, r17
     272:	0f 90       	pop	r0
     274:	df 91       	pop	r29
     276:	cf 91       	pop	r28
     278:	1f 91       	pop	r17
     27a:	0f 91       	pop	r16

0000027c <.Loc.58>:
     27c:	ff 90       	pop	r15
     27e:	ef 90       	pop	r14
     280:	df 90       	pop	r13
     282:	cf 90       	pop	r12
     284:	08 95       	ret

00000286 <LCD_WriteData>:
#include "LCD_Interface.h"
#include "LCD_Private.h"
#include <util/delay.h>

void LCD_WriteData(uint8_t Data,uint8_t ModeType)
{
     286:	cf 93       	push	r28
     288:	df 93       	push	r29
     28a:	0f 92       	push	r0
     28c:	cd b7       	in	r28, 0x3d	; 61
     28e:	de b7       	in	r29, 0x3e	; 62
     290:	89 83       	std	Y+1, r24	; 0x01

00000292 <.Loc.2>:
    if(ModeType==Lcd_8bitMode)
     292:	61 30       	cpi	r22, 0x01	; 1
     294:	29 f0       	breq	.+10     	; 0x2a0 <.L4>

00000296 <.Loc.4>:
    // delay 
    _delay_ms(1);
    // E=0
    DIO_WritePin(Lcd_EGroup,Lcd_EPin,Low);
    }
    else if(ModeType==Lcd_4bitMode)
     296:	18 f1       	brcs	.+70     	; 0x2de <.L5>

00000298 <.L1>:
    _delay_ms(1);
    //E=0
    DIO_WritePin(Lcd_EGroup,Lcd_EPin,Low);
    }
    
}
     298:	0f 90       	pop	r0
     29a:	df 91       	pop	r29
     29c:	cf 91       	pop	r28
     29e:	08 95       	ret

000002a0 <.L4>:
    DIO_WritePin(Lcd_RSGroup,Lcd_RSPin,High);
     2a0:	41 e0       	ldi	r20, 0x01	; 1
     2a2:	60 e0       	ldi	r22, 0x00	; 0

000002a4 <.Loc.8>:
     2a4:	80 e0       	ldi	r24, 0x00	; 0

000002a6 <.Loc.9>:
     2a6:	0e 94 ee 03 	call	0x7dc	; 0x7dc <DIO_WritePin>

000002aa <.LVL5>:
    DIO_WritePin(Lcd_RWGroup,Lcd_RWPin,Low);
     2aa:	40 e0       	ldi	r20, 0x00	; 0
     2ac:	61 e0       	ldi	r22, 0x01	; 1
     2ae:	80 e0       	ldi	r24, 0x00	; 0
     2b0:	0e 94 ee 03 	call	0x7dc	; 0x7dc <DIO_WritePin>

000002b4 <.LVL6>:
    DIO_WriteGroup(Lcd_DataGroup,Data);
     2b4:	69 81       	ldd	r22, Y+1	; 0x01
     2b6:	81 e0       	ldi	r24, 0x01	; 1
     2b8:	0e 94 6c 04 	call	0x8d8	; 0x8d8 <DIO_WriteGroup>

000002bc <.LVL7>:
    DIO_WritePin(Lcd_EGroup,Lcd_EPin,High);
     2bc:	41 e0       	ldi	r20, 0x01	; 1
     2be:	62 e0       	ldi	r22, 0x02	; 2
     2c0:	80 e0       	ldi	r24, 0x00	; 0
     2c2:	0e 94 ee 03 	call	0x7dc	; 0x7dc <DIO_WritePin>

000002c6 <.LBB36>:
     2c6:	8f ec       	ldi	r24, 0xCF	; 207
     2c8:	97 e0       	ldi	r25, 0x07	; 7

000002ca <.L1^B1>:
     2ca:	01 97       	sbiw	r24, 0x01	; 1
     2cc:	f1 f7       	brne	.-4      	; 0x2ca <.L1^B1>
     2ce:	00 c0       	rjmp	.+0      	; 0x2d0 <L0^A>

000002d0 <L0^A>:
	...

000002d2 <.LBE36>:
    DIO_WritePin(Lcd_EGroup,Lcd_EPin,Low);
     2d2:	40 e0       	ldi	r20, 0x00	; 0
     2d4:	62 e0       	ldi	r22, 0x02	; 2
     2d6:	80 e0       	ldi	r24, 0x00	; 0
     2d8:	0e 94 ee 03 	call	0x7dc	; 0x7dc <DIO_WritePin>

000002dc <.LVL10>:
     2dc:	dd cf       	rjmp	.-70     	; 0x298 <.L1>

000002de <.L5>:
    DIO_WritePin(Lcd_RSGroup,Lcd_RSPin,High);
     2de:	41 e0       	ldi	r20, 0x01	; 1
     2e0:	80 e0       	ldi	r24, 0x00	; 0

000002e2 <.Loc.24>:
     2e2:	0e 94 ee 03 	call	0x7dc	; 0x7dc <DIO_WritePin>

000002e6 <.LVL13>:
    DIO_WritePin(Lcd_RWGroup,Lcd_RWPin,Low);
     2e6:	40 e0       	ldi	r20, 0x00	; 0
     2e8:	61 e0       	ldi	r22, 0x01	; 1
     2ea:	80 e0       	ldi	r24, 0x00	; 0
     2ec:	0e 94 ee 03 	call	0x7dc	; 0x7dc <DIO_WritePin>

000002f0 <.LVL14>:
    DIO_WriteGroup(Lcd_DataGroup, Data & 0xF0);
     2f0:	69 81       	ldd	r22, Y+1	; 0x01
     2f2:	60 7f       	andi	r22, 0xF0	; 240
     2f4:	81 e0       	ldi	r24, 0x01	; 1
     2f6:	0e 94 6c 04 	call	0x8d8	; 0x8d8 <DIO_WriteGroup>

000002fa <.LVL15>:
    DIO_WritePin(Lcd_EGroup,Lcd_EPin,High);
     2fa:	41 e0       	ldi	r20, 0x01	; 1
     2fc:	62 e0       	ldi	r22, 0x02	; 2
     2fe:	80 e0       	ldi	r24, 0x00	; 0
     300:	0e 94 ee 03 	call	0x7dc	; 0x7dc <DIO_WritePin>

00000304 <.LBB38>:
     304:	8f ec       	ldi	r24, 0xCF	; 207
     306:	97 e0       	ldi	r25, 0x07	; 7

00000308 <.L1^B2>:
     308:	01 97       	sbiw	r24, 0x01	; 1
     30a:	f1 f7       	brne	.-4      	; 0x308 <.L1^B2>
     30c:	00 c0       	rjmp	.+0      	; 0x30e <L0^A>

0000030e <L0^A>:
	...

00000310 <.LBE38>:
    DIO_WritePin(Lcd_EGroup,Lcd_EPin,Low);
     310:	40 e0       	ldi	r20, 0x00	; 0
     312:	62 e0       	ldi	r22, 0x02	; 2
     314:	80 e0       	ldi	r24, 0x00	; 0
     316:	0e 94 ee 03 	call	0x7dc	; 0x7dc <DIO_WritePin>

0000031a <.LVL18>:
    DIO_WriteGroup(Lcd_DataGroup, (Data << 4) & 0xF0);
     31a:	69 81       	ldd	r22, Y+1	; 0x01
     31c:	62 95       	swap	r22
     31e:	60 7f       	andi	r22, 0xF0	; 240
     320:	81 e0       	ldi	r24, 0x01	; 1
     322:	0e 94 6c 04 	call	0x8d8	; 0x8d8 <DIO_WriteGroup>

00000326 <.LVL19>:
    DIO_WritePin(Lcd_EGroup,Lcd_EPin,High);
     326:	41 e0       	ldi	r20, 0x01	; 1
     328:	62 e0       	ldi	r22, 0x02	; 2
     32a:	80 e0       	ldi	r24, 0x00	; 0
     32c:	0e 94 ee 03 	call	0x7dc	; 0x7dc <DIO_WritePin>

00000330 <.LBB40>:
     330:	8f ec       	ldi	r24, 0xCF	; 207
     332:	97 e0       	ldi	r25, 0x07	; 7

00000334 <.L1^B3>:
     334:	01 97       	sbiw	r24, 0x01	; 1
     336:	f1 f7       	brne	.-4      	; 0x334 <.L1^B3>
     338:	00 c0       	rjmp	.+0      	; 0x33a <L0^A>

0000033a <L0^A>:
	...

0000033c <.LBE40>:
    DIO_WritePin(Lcd_EGroup,Lcd_EPin,Low);
     33c:	40 e0       	ldi	r20, 0x00	; 0
     33e:	62 e0       	ldi	r22, 0x02	; 2
     340:	80 e0       	ldi	r24, 0x00	; 0
     342:	0e 94 ee 03 	call	0x7dc	; 0x7dc <DIO_WritePin>

00000346 <.LVL22>:
}
     346:	a8 cf       	rjmp	.-176    	; 0x298 <.L1>

00000348 <LCD_WriteInstruction>:

void LCD_WriteInstruction(uint8_t Instruction,uint8_t ModeType)
{
     348:	cf 93       	push	r28
     34a:	df 93       	push	r29
     34c:	0f 92       	push	r0
     34e:	cd b7       	in	r28, 0x3d	; 61
     350:	de b7       	in	r29, 0x3e	; 62
     352:	89 83       	std	Y+1, r24	; 0x01

00000354 <.Loc.53>:
    if(ModeType==Lcd_8bitMode)
     354:	61 30       	cpi	r22, 0x01	; 1
     356:	29 f0       	breq	.+10     	; 0x362 <.L9>

00000358 <.Loc.55>:
    // delay 
    _delay_ms(1);
    // E=0
    DIO_WritePin(Lcd_EGroup,Lcd_EPin,Low);
    }
    else if(ModeType==Lcd_4bitMode)
     358:	18 f1       	brcs	.+70     	; 0x3a0 <.L10>

0000035a <.L6>:
    _delay_ms(1);
    //E=0
    DIO_WritePin(Lcd_EGroup,Lcd_EPin,Low);
    }
    
}
     35a:	0f 90       	pop	r0
     35c:	df 91       	pop	r29
     35e:	cf 91       	pop	r28
     360:	08 95       	ret

00000362 <.L9>:
    DIO_WritePin(Lcd_RSGroup,Lcd_RSPin,Low);
     362:	40 e0       	ldi	r20, 0x00	; 0
     364:	60 e0       	ldi	r22, 0x00	; 0

00000366 <.Loc.59>:
     366:	80 e0       	ldi	r24, 0x00	; 0

00000368 <.Loc.60>:
     368:	0e 94 ee 03 	call	0x7dc	; 0x7dc <DIO_WritePin>

0000036c <.LVL28>:
    DIO_WritePin(Lcd_RWGroup,Lcd_RWPin,Low);
     36c:	40 e0       	ldi	r20, 0x00	; 0
     36e:	61 e0       	ldi	r22, 0x01	; 1
     370:	80 e0       	ldi	r24, 0x00	; 0
     372:	0e 94 ee 03 	call	0x7dc	; 0x7dc <DIO_WritePin>

00000376 <.LVL29>:
    DIO_WriteGroup(Lcd_DataGroup,Instruction);
     376:	69 81       	ldd	r22, Y+1	; 0x01
     378:	81 e0       	ldi	r24, 0x01	; 1
     37a:	0e 94 6c 04 	call	0x8d8	; 0x8d8 <DIO_WriteGroup>

0000037e <.LVL30>:
    DIO_WritePin(Lcd_EGroup,Lcd_EPin,High);
     37e:	41 e0       	ldi	r20, 0x01	; 1
     380:	62 e0       	ldi	r22, 0x02	; 2
     382:	80 e0       	ldi	r24, 0x00	; 0
     384:	0e 94 ee 03 	call	0x7dc	; 0x7dc <DIO_WritePin>

00000388 <.LBB42>:
     388:	8f ec       	ldi	r24, 0xCF	; 207
     38a:	97 e0       	ldi	r25, 0x07	; 7

0000038c <.L1^B4>:
     38c:	01 97       	sbiw	r24, 0x01	; 1
     38e:	f1 f7       	brne	.-4      	; 0x38c <.L1^B4>
     390:	00 c0       	rjmp	.+0      	; 0x392 <L0^A>

00000392 <L0^A>:
	...

00000394 <.LBE42>:
    DIO_WritePin(Lcd_EGroup,Lcd_EPin,Low);
     394:	40 e0       	ldi	r20, 0x00	; 0
     396:	62 e0       	ldi	r22, 0x02	; 2
     398:	80 e0       	ldi	r24, 0x00	; 0
     39a:	0e 94 ee 03 	call	0x7dc	; 0x7dc <DIO_WritePin>

0000039e <.LVL33>:
     39e:	dd cf       	rjmp	.-70     	; 0x35a <.L6>

000003a0 <.L10>:
    DIO_WritePin(Lcd_RSGroup,Lcd_RSPin,Low);
     3a0:	40 e0       	ldi	r20, 0x00	; 0
     3a2:	80 e0       	ldi	r24, 0x00	; 0

000003a4 <.Loc.75>:
     3a4:	0e 94 ee 03 	call	0x7dc	; 0x7dc <DIO_WritePin>

000003a8 <.LVL36>:
    DIO_WritePin(Lcd_RWGroup,Lcd_RWPin,Low);
     3a8:	40 e0       	ldi	r20, 0x00	; 0
     3aa:	61 e0       	ldi	r22, 0x01	; 1
     3ac:	80 e0       	ldi	r24, 0x00	; 0
     3ae:	0e 94 ee 03 	call	0x7dc	; 0x7dc <DIO_WritePin>

000003b2 <.LVL37>:
    DIO_WriteGroup(Lcd_DataGroup, Instruction & 0xF0);
     3b2:	69 81       	ldd	r22, Y+1	; 0x01
     3b4:	60 7f       	andi	r22, 0xF0	; 240
     3b6:	81 e0       	ldi	r24, 0x01	; 1
     3b8:	0e 94 6c 04 	call	0x8d8	; 0x8d8 <DIO_WriteGroup>

000003bc <.LVL38>:
    DIO_WritePin(Lcd_EGroup,Lcd_EPin,High);
     3bc:	41 e0       	ldi	r20, 0x01	; 1
     3be:	62 e0       	ldi	r22, 0x02	; 2
     3c0:	80 e0       	ldi	r24, 0x00	; 0
     3c2:	0e 94 ee 03 	call	0x7dc	; 0x7dc <DIO_WritePin>

000003c6 <.LBB44>:
     3c6:	8f ec       	ldi	r24, 0xCF	; 207
     3c8:	97 e0       	ldi	r25, 0x07	; 7

000003ca <.L1^B5>:
     3ca:	01 97       	sbiw	r24, 0x01	; 1
     3cc:	f1 f7       	brne	.-4      	; 0x3ca <.L1^B5>
     3ce:	00 c0       	rjmp	.+0      	; 0x3d0 <L0^A>

000003d0 <L0^A>:
	...

000003d2 <.LBE44>:
    DIO_WritePin(Lcd_EGroup,Lcd_EPin,Low);
     3d2:	40 e0       	ldi	r20, 0x00	; 0
     3d4:	62 e0       	ldi	r22, 0x02	; 2
     3d6:	80 e0       	ldi	r24, 0x00	; 0
     3d8:	0e 94 ee 03 	call	0x7dc	; 0x7dc <DIO_WritePin>

000003dc <.LVL41>:
    DIO_WriteGroup(Lcd_DataGroup, (Instruction << 4) & 0xF0);
     3dc:	69 81       	ldd	r22, Y+1	; 0x01
     3de:	62 95       	swap	r22
     3e0:	60 7f       	andi	r22, 0xF0	; 240
     3e2:	81 e0       	ldi	r24, 0x01	; 1
     3e4:	0e 94 6c 04 	call	0x8d8	; 0x8d8 <DIO_WriteGroup>

000003e8 <.LVL42>:
    DIO_WritePin(Lcd_EGroup,Lcd_EPin,High);
     3e8:	41 e0       	ldi	r20, 0x01	; 1
     3ea:	62 e0       	ldi	r22, 0x02	; 2
     3ec:	80 e0       	ldi	r24, 0x00	; 0
     3ee:	0e 94 ee 03 	call	0x7dc	; 0x7dc <DIO_WritePin>

000003f2 <.LBB46>:
     3f2:	8f ec       	ldi	r24, 0xCF	; 207
     3f4:	97 e0       	ldi	r25, 0x07	; 7

000003f6 <.L1^B6>:
     3f6:	01 97       	sbiw	r24, 0x01	; 1
     3f8:	f1 f7       	brne	.-4      	; 0x3f6 <.L1^B6>
     3fa:	00 c0       	rjmp	.+0      	; 0x3fc <L0^A>

000003fc <L0^A>:
	...

000003fe <.LBE46>:
    DIO_WritePin(Lcd_EGroup,Lcd_EPin,Low);
     3fe:	40 e0       	ldi	r20, 0x00	; 0
     400:	62 e0       	ldi	r22, 0x02	; 2
     402:	80 e0       	ldi	r24, 0x00	; 0
     404:	0e 94 ee 03 	call	0x7dc	; 0x7dc <DIO_WritePin>

00000408 <.LVL45>:
}
     408:	a8 cf       	rjmp	.-176    	; 0x35a <.L6>

0000040a <LCD_Init>:

void LCD_Init(uint8_t ModeType)
{
    if (ModeType==Lcd_8bitMode)
     40a:	81 30       	cpi	r24, 0x01	; 1
     40c:	19 f0       	breq	.+6      	; 0x414 <.L14>

0000040e <.Loc.105>:
        LCD_WriteInstruction(Lcd_ClearScreen,Lcd_8bitMode);
        _delay_ms(2);
        LCD_WriteInstruction(Lcd_EntryMode1,Lcd_8bitMode);
        _delay_ms(1);
    }
     else if (ModeType == Lcd_4bitMode)
     40e:	08 f4       	brcc	.+2      	; 0x412 <.Loc.107>

00000410 <L0^A>:
     410:	46 c0       	rjmp	.+140    	; 0x49e <.L15>

00000412 <.Loc.107>:
        LCD_WriteInstruction(Lcd_ClearScreen, Lcd_4bitMode);       // 0x01 (Clear Screen)
        _delay_ms(2);
        LCD_WriteInstruction(Lcd_EntryMode1, Lcd_4bitMode);        // 0x06 (Increment Cursor)
        _delay_ms(1);
    }
}
     412:	08 95       	ret

00000414 <.L14>:
        DIO_InitPin(Lcd_RSGroup,Lcd_RSPin,Output);
     414:	41 e0       	ldi	r20, 0x01	; 1
     416:	60 e0       	ldi	r22, 0x00	; 0
     418:	80 e0       	ldi	r24, 0x00	; 0

0000041a <.Loc.109>:
     41a:	0e 94 5e 03 	call	0x6bc	; 0x6bc <DIO_InitPin>

0000041e <.LVL48>:
        DIO_InitPin(Lcd_RWGroup,Lcd_RWPin,Output);
     41e:	41 e0       	ldi	r20, 0x01	; 1
     420:	61 e0       	ldi	r22, 0x01	; 1
     422:	80 e0       	ldi	r24, 0x00	; 0
     424:	0e 94 5e 03 	call	0x6bc	; 0x6bc <DIO_InitPin>

00000428 <.LVL49>:
        DIO_InitPin(Lcd_EGroup,Lcd_EPin,Output);
     428:	41 e0       	ldi	r20, 0x01	; 1
     42a:	62 e0       	ldi	r22, 0x02	; 2
     42c:	80 e0       	ldi	r24, 0x00	; 0
     42e:	0e 94 5e 03 	call	0x6bc	; 0x6bc <DIO_InitPin>

00000432 <.LVL50>:
        DIO_InitGroup(Lcd_DataGroup,0xFF);
     432:	6f ef       	ldi	r22, 0xFF	; 255
     434:	81 e0       	ldi	r24, 0x01	; 1
     436:	0e 94 dc 03 	call	0x7b8	; 0x7b8 <DIO_InitGroup>

0000043a <.LBB48>:
     43a:	2f eb       	ldi	r18, 0xBF	; 191
     43c:	8a ed       	ldi	r24, 0xDA	; 218
     43e:	90 e0       	ldi	r25, 0x00	; 0

00000440 <.L1^B7>:
     440:	21 50       	subi	r18, 0x01	; 1
     442:	80 40       	sbci	r24, 0x00	; 0
     444:	90 40       	sbci	r25, 0x00	; 0
     446:	e1 f7       	brne	.-8      	; 0x440 <.L1^B7>
     448:	00 c0       	rjmp	.+0      	; 0x44a <L0^A>

0000044a <L0^A>:
	...

0000044c <.LBE48>:
        LCD_WriteInstruction(Lcd_8bitMode2Line5x8F,Lcd_8bitMode);
     44c:	61 e0       	ldi	r22, 0x01	; 1
     44e:	88 e3       	ldi	r24, 0x38	; 56
     450:	0e 94 a4 01 	call	0x348	; 0x348 <LCD_WriteInstruction>

00000454 <.LBB50>:
     454:	8f ec       	ldi	r24, 0xCF	; 207
     456:	97 e0       	ldi	r25, 0x07	; 7

00000458 <.L1^B8>:
     458:	01 97       	sbiw	r24, 0x01	; 1
     45a:	f1 f7       	brne	.-4      	; 0x458 <.L1^B8>
     45c:	00 c0       	rjmp	.+0      	; 0x45e <L0^A>

0000045e <L0^A>:
	...

00000460 <.LBE50>:
        LCD_WriteInstruction(Lcd_CursorOn,Lcd_8bitMode);
     460:	61 e0       	ldi	r22, 0x01	; 1
     462:	8e e0       	ldi	r24, 0x0E	; 14
     464:	0e 94 a4 01 	call	0x348	; 0x348 <LCD_WriteInstruction>

00000468 <.LBB52>:
     468:	8f ec       	ldi	r24, 0xCF	; 207
     46a:	97 e0       	ldi	r25, 0x07	; 7

0000046c <.L1^B9>:
     46c:	01 97       	sbiw	r24, 0x01	; 1
     46e:	f1 f7       	brne	.-4      	; 0x46c <.L1^B9>
     470:	00 c0       	rjmp	.+0      	; 0x472 <L0^A>

00000472 <L0^A>:
	...

00000474 <.LBE52>:
        LCD_WriteInstruction(Lcd_ClearScreen,Lcd_8bitMode);
     474:	61 e0       	ldi	r22, 0x01	; 1
     476:	81 e0       	ldi	r24, 0x01	; 1
     478:	0e 94 a4 01 	call	0x348	; 0x348 <LCD_WriteInstruction>

0000047c <.LBB54>:
     47c:	8f e9       	ldi	r24, 0x9F	; 159
     47e:	9f e0       	ldi	r25, 0x0F	; 15

00000480 <.L1^B10>:
     480:	01 97       	sbiw	r24, 0x01	; 1
     482:	f1 f7       	brne	.-4      	; 0x480 <.L1^B10>
     484:	00 c0       	rjmp	.+0      	; 0x486 <L0^A>

00000486 <L0^A>:
	...

00000488 <.LBE54>:
        LCD_WriteInstruction(Lcd_EntryMode1,Lcd_8bitMode);
     488:	61 e0       	ldi	r22, 0x01	; 1
     48a:	86 e0       	ldi	r24, 0x06	; 6
     48c:	0e 94 a4 01 	call	0x348	; 0x348 <LCD_WriteInstruction>

00000490 <.LBB56>:
     490:	8f ec       	ldi	r24, 0xCF	; 207
     492:	97 e0       	ldi	r25, 0x07	; 7

00000494 <.L1^B11>:
     494:	01 97       	sbiw	r24, 0x01	; 1
     496:	f1 f7       	brne	.-4      	; 0x494 <.L1^B11>
     498:	00 c0       	rjmp	.+0      	; 0x49a <L0^A>

0000049a <L0^A>:
	...

0000049c <.Loc.161>:
	}
	else
		__ticks = (uint16_t)__tmp;
	_delay_loop_2(__ticks);
#endif
}
     49c:	08 95       	ret

0000049e <.L15>:
        DIO_InitPin(Lcd_RSGroup, Lcd_RSPin, Output);
     49e:	41 e0       	ldi	r20, 0x01	; 1
     4a0:	60 e0       	ldi	r22, 0x00	; 0
     4a2:	0e 94 5e 03 	call	0x6bc	; 0x6bc <DIO_InitPin>

000004a6 <.LVL62>:
        DIO_InitPin(Lcd_RWGroup, Lcd_RWPin, Output);
     4a6:	41 e0       	ldi	r20, 0x01	; 1
     4a8:	61 e0       	ldi	r22, 0x01	; 1
     4aa:	80 e0       	ldi	r24, 0x00	; 0
     4ac:	0e 94 5e 03 	call	0x6bc	; 0x6bc <DIO_InitPin>

000004b0 <.LVL63>:
        DIO_InitPin(Lcd_EGroup, Lcd_EPin, Output);
     4b0:	41 e0       	ldi	r20, 0x01	; 1
     4b2:	62 e0       	ldi	r22, 0x02	; 2
     4b4:	80 e0       	ldi	r24, 0x00	; 0
     4b6:	0e 94 5e 03 	call	0x6bc	; 0x6bc <DIO_InitPin>

000004ba <.LVL64>:
        DIO_InitGroup(Lcd_DataGroup, 0xFF);
     4ba:	6f ef       	ldi	r22, 0xFF	; 255
     4bc:	81 e0       	ldi	r24, 0x01	; 1
     4be:	0e 94 dc 03 	call	0x7b8	; 0x7b8 <DIO_InitGroup>

000004c2 <.LBB58>:
	__builtin_avr_delay_cycles(__ticks_dc);
     4c2:	9f eb       	ldi	r25, 0xBF	; 191
     4c4:	2a ed       	ldi	r18, 0xDA	; 218
     4c6:	80 e0       	ldi	r24, 0x00	; 0

000004c8 <.L1^B12>:
     4c8:	91 50       	subi	r25, 0x01	; 1
     4ca:	20 40       	sbci	r18, 0x00	; 0
     4cc:	80 40       	sbci	r24, 0x00	; 0
     4ce:	e1 f7       	brne	.-8      	; 0x4c8 <.L1^B12>
     4d0:	00 c0       	rjmp	.+0      	; 0x4d2 <L0^A>

000004d2 <L0^A>:
	...

000004d4 <.LBE58>:
        LCD_WriteInstruction(0x02, Lcd_4bitMode);                  // Return Home / Switch to 4-Bit Mode
     4d4:	60 e0       	ldi	r22, 0x00	; 0
     4d6:	82 e0       	ldi	r24, 0x02	; 2
     4d8:	0e 94 a4 01 	call	0x348	; 0x348 <LCD_WriteInstruction>

000004dc <.LBB60>:
     4dc:	8f ec       	ldi	r24, 0xCF	; 207
     4de:	97 e0       	ldi	r25, 0x07	; 7

000004e0 <.L1^B13>:
     4e0:	01 97       	sbiw	r24, 0x01	; 1
     4e2:	f1 f7       	brne	.-4      	; 0x4e0 <.L1^B13>
     4e4:	00 c0       	rjmp	.+0      	; 0x4e6 <L0^A>

000004e6 <L0^A>:
	...

000004e8 <.LBE60>:
        LCD_WriteInstruction(Lcd_4bitMode2Line5x8F, Lcd_4bitMode); // 0x28 (2 Lines, 5x8 Font)
     4e8:	60 e0       	ldi	r22, 0x00	; 0
     4ea:	88 e2       	ldi	r24, 0x28	; 40
     4ec:	0e 94 a4 01 	call	0x348	; 0x348 <LCD_WriteInstruction>

000004f0 <.LBB62>:
     4f0:	8f ec       	ldi	r24, 0xCF	; 207
     4f2:	97 e0       	ldi	r25, 0x07	; 7

000004f4 <.L1^B14>:
     4f4:	01 97       	sbiw	r24, 0x01	; 1
     4f6:	f1 f7       	brne	.-4      	; 0x4f4 <.L1^B14>
     4f8:	00 c0       	rjmp	.+0      	; 0x4fa <L0^A>

000004fa <L0^A>:
	...

000004fc <.LBE62>:
        LCD_WriteInstruction(Lcd_DisplayOn, Lcd_4bitMode);         // 0x0C (Display ON, Cursor OFF)
     4fc:	60 e0       	ldi	r22, 0x00	; 0
     4fe:	8c e0       	ldi	r24, 0x0C	; 12
     500:	0e 94 a4 01 	call	0x348	; 0x348 <LCD_WriteInstruction>

00000504 <.LBB64>:
     504:	8f ec       	ldi	r24, 0xCF	; 207
     506:	97 e0       	ldi	r25, 0x07	; 7

00000508 <.L1^B15>:
     508:	01 97       	sbiw	r24, 0x01	; 1
     50a:	f1 f7       	brne	.-4      	; 0x508 <.L1^B15>
     50c:	00 c0       	rjmp	.+0      	; 0x50e <L0^A>

0000050e <L0^A>:
	...

00000510 <.LBE64>:
        LCD_WriteInstruction(Lcd_ClearScreen, Lcd_4bitMode);       // 0x01 (Clear Screen)
     510:	60 e0       	ldi	r22, 0x00	; 0
     512:	81 e0       	ldi	r24, 0x01	; 1
     514:	0e 94 a4 01 	call	0x348	; 0x348 <LCD_WriteInstruction>

00000518 <.LBB66>:
     518:	8f e9       	ldi	r24, 0x9F	; 159
     51a:	9f e0       	ldi	r25, 0x0F	; 15

0000051c <.L1^B16>:
     51c:	01 97       	sbiw	r24, 0x01	; 1
     51e:	f1 f7       	brne	.-4      	; 0x51c <.L1^B16>
     520:	00 c0       	rjmp	.+0      	; 0x522 <L0^A>

00000522 <L0^A>:
	...

00000524 <.LBE66>:
        LCD_WriteInstruction(Lcd_EntryMode1, Lcd_4bitMode);        // 0x06 (Increment Cursor)
     524:	60 e0       	ldi	r22, 0x00	; 0
     526:	86 e0       	ldi	r24, 0x06	; 6
     528:	0e 94 a4 01 	call	0x348	; 0x348 <LCD_WriteInstruction>

0000052c <.LBB68>:
     52c:	8f ec       	ldi	r24, 0xCF	; 207
     52e:	97 e0       	ldi	r25, 0x07	; 7

00000530 <.L1^B17>:
     530:	01 97       	sbiw	r24, 0x01	; 1
     532:	f1 f7       	brne	.-4      	; 0x530 <.L1^B17>
     534:	00 c0       	rjmp	.+0      	; 0x536 <L0^A>

00000536 <L0^A>:
	...

00000538 <.LBE68>:
}
     538:	08 95       	ret

0000053a <LCD_WriteString>:


void LCD_WriteString(uint8_t *String, uint8_t ModeType)
{
     53a:	0f 93       	push	r16
     53c:	1f 93       	push	r17
     53e:	cf 93       	push	r28
     540:	df 93       	push	r29
     542:	00 d0       	rcall	.+0      	; 0x544 <L0^A>

00000544 <L0^A>:
     544:	cd b7       	in	r28, 0x3d	; 61
     546:	de b7       	in	r29, 0x3e	; 62
     548:	08 2f       	mov	r16, r24
     54a:	19 2f       	mov	r17, r25
     54c:	69 83       	std	Y+1, r22	; 0x01

0000054e <.Loc.229>:
    if(String!=Null)
     54e:	01 15       	cp	r16, r1
     550:	11 05       	cpc	r17, r1
     552:	79 f0       	breq	.+30     	; 0x572 <.L16>

00000554 <.LBB70>:
    {   
        uint8_t count = 0 ;
     554:	1a 82       	std	Y+2, r1	; 0x02
     556:	06 c0       	rjmp	.+12     	; 0x564 <.L17>

00000558 <.L19>:
        while(String[count]!='\0')
        {
            LCD_WriteData(String[count],ModeType);
     558:	69 81       	ldd	r22, Y+1	; 0x01
     55a:	0e 94 43 01 	call	0x286	; 0x286 <LCD_WriteData>

0000055e <.LVL79>:
            count++;
     55e:	8a 81       	ldd	r24, Y+2	; 0x02
     560:	8f 5f       	subi	r24, 0xFF	; 255
     562:	8a 83       	std	Y+2, r24	; 0x02

00000564 <.L17>:
        while(String[count]!='\0')
     564:	f8 01       	movw	r30, r16
     566:	8a 81       	ldd	r24, Y+2	; 0x02
     568:	e8 0f       	add	r30, r24
     56a:	f1 1d       	adc	r31, r1
     56c:	80 81       	ld	r24, Z

0000056e <.Loc.237>:
     56e:	81 11       	cpse	r24, r1
     570:	f3 cf       	rjmp	.-26     	; 0x558 <.L19>

00000572 <.L16>:
        }
    }
}
     572:	0f 90       	pop	r0
     574:	0f 90       	pop	r0
     576:	df 91       	pop	r29
     578:	cf 91       	pop	r28
     57a:	1f 91       	pop	r17
     57c:	0f 91       	pop	r16
     57e:	08 95       	ret

00000580 <LCD_GotoXY>:


void LCD_GotoXY(uint8_t X , uint8_t Y)
{
     580:	98 2f       	mov	r25, r24
     582:	86 2f       	mov	r24, r22

00000584 <.Loc.242>:
    uint8_t DigitAddress = 0 ;
    switch(X)
     584:	91 30       	cpi	r25, 0x01	; 1
     586:	10 f0       	brcs	.+4      	; 0x58c <.L22>
     588:	31 f4       	brne	.+12     	; 0x596 <.L23>

0000058a <.Loc.244>:
    {
        case 0 : DigitAddress = 0x00+Y ; break;
        case 1 : DigitAddress = 0x40+Y ; break;
     58a:	80 5c       	subi	r24, 0xC0	; 192

0000058c <.L22>:
    }
    LCD_WriteInstruction(DigitAddress|0x80,Lcd_4bitMode);
     58c:	60 e0       	ldi	r22, 0x00	; 0

0000058e <.Loc.248>:
     58e:	80 68       	ori	r24, 0x80	; 128

00000590 <.Loc.249>:
     590:	0e 94 a4 01 	call	0x348	; 0x348 <LCD_WriteInstruction>

00000594 <.LVL87>:
}
     594:	08 95       	ret

00000596 <.L23>:
    switch(X)
     596:	80 e0       	ldi	r24, 0x00	; 0
     598:	f9 cf       	rjmp	.-14     	; 0x58c <.L22>

0000059a <LCD_WriteNumber>:

void LCD_WriteNumber(uint32_t Number, uint8_t ModeType)
{
     59a:	0f 93       	push	r16
     59c:	1f 93       	push	r17
     59e:	cf 93       	push	r28
     5a0:	df 93       	push	r29
     5a2:	cd b7       	in	r28, 0x3d	; 61
     5a4:	de b7       	in	r29, 0x3e	; 62
     5a6:	2c 97       	sbiw	r28, 0x0c	; 12
     5a8:	0f b6       	in	r0, 0x3f	; 63
     5aa:	f8 94       	cli
     5ac:	de bf       	out	0x3e, r29	; 62
     5ae:	0f be       	out	0x3f, r0	; 63
     5b0:	cd bf       	out	0x3d, r28	; 61
     5b2:	4c 87       	std	Y+12, r20	; 0x0c

000005b4 <.Loc.254>:
    char Buffer[11];
    sprintf(Buffer, "%lu", (unsigned long)Number);
     5b4:	9f 93       	push	r25
     5b6:	8f 93       	push	r24
     5b8:	7f 93       	push	r23
     5ba:	6f 93       	push	r22
     5bc:	85 e8       	ldi	r24, 0x85	; 133
     5be:	90 e0       	ldi	r25, 0x00	; 0
     5c0:	9f 93       	push	r25
     5c2:	8f 93       	push	r24
     5c4:	8e 01       	movw	r16, r28
     5c6:	0f 5f       	subi	r16, 0xFF	; 255
     5c8:	1f 4f       	sbci	r17, 0xFF	; 255
     5ca:	1f 93       	push	r17
     5cc:	0f 93       	push	r16
     5ce:	0e 94 b4 09 	call	0x1368	; 0x1368 <sprintf>

000005d2 <.LVL90>:
    LCD_WriteString(Buffer, ModeType);
     5d2:	6c 85       	ldd	r22, Y+12	; 0x0c
     5d4:	c8 01       	movw	r24, r16
     5d6:	0e 94 9d 02 	call	0x53a	; 0x53a <LCD_WriteString>

000005da <.LVL91>:
     5da:	0f b6       	in	r0, 0x3f	; 63
     5dc:	f8 94       	cli
     5de:	de bf       	out	0x3e, r29	; 62
     5e0:	0f be       	out	0x3f, r0	; 63
     5e2:	cd bf       	out	0x3d, r28	; 61
     5e4:	2c 96       	adiw	r28, 0x0c	; 12
     5e6:	0f b6       	in	r0, 0x3f	; 63
     5e8:	f8 94       	cli
     5ea:	de bf       	out	0x3e, r29	; 62
     5ec:	0f be       	out	0x3f, r0	; 63
     5ee:	cd bf       	out	0x3d, r28	; 61
     5f0:	df 91       	pop	r29
     5f2:	cf 91       	pop	r28
     5f4:	1f 91       	pop	r17
     5f6:	0f 91       	pop	r16
     5f8:	08 95       	ret

000005fa <Led_Init>:
#include"LED_Interface.h"

void Led_Init(uint8_t GroupName , uint8_t PinNumber)
{
    DIO_InitPin(GroupName,PinNumber,Output);
     5fa:	41 e0       	ldi	r20, 0x01	; 1
     5fc:	0e 94 5e 03 	call	0x6bc	; 0x6bc <DIO_InitPin>

00000600 <.LVL1>:
}
     600:	08 95       	ret

00000602 <Led_on>:


void Led_on(uint8_t GroupName , uint8_t PinNumber , uint8_t ConnectionType)
{
    if(ConnectionType==SourceConnection)
     602:	41 30       	cpi	r20, 0x01	; 1
     604:	19 f0       	breq	.+6      	; 0x60c <.L5>

00000606 <.Loc.6>:
        {
            DIO_WritePin(GroupName,PinNumber,High);
        }
        else if (ConnectionType==SinkConnection)
     606:	42 30       	cpi	r20, 0x02	; 2
     608:	21 f0       	breq	.+8      	; 0x612 <.L6>

0000060a <.Loc.8>:
        {
            DIO_WritePin(GroupName,PinNumber,Low);
 
        }

}
     60a:	08 95       	ret

0000060c <.L5>:
            DIO_WritePin(GroupName,PinNumber,High);
     60c:	0e 94 ee 03 	call	0x7dc	; 0x7dc <DIO_WritePin>

00000610 <.LVL3>:
     610:	08 95       	ret

00000612 <.L6>:
            DIO_WritePin(GroupName,PinNumber,Low);
     612:	40 e0       	ldi	r20, 0x00	; 0

00000614 <.Loc.12>:
     614:	0e 94 ee 03 	call	0x7dc	; 0x7dc <DIO_WritePin>

00000618 <.LVL6>:
}
     618:	08 95       	ret

0000061a <Led_off>:

void Led_off(uint8_t GroupName , uint8_t PinNumber , uint8_t ConnectionType)
{

    if(ConnectionType==SourceConnection)
     61a:	41 30       	cpi	r20, 0x01	; 1
     61c:	19 f0       	breq	.+6      	; 0x624 <.L10>

0000061e <.Loc.17>:
        {
            DIO_WritePin(GroupName,PinNumber,Low);
        }
        else if (ConnectionType==SinkConnection)
     61e:	42 30       	cpi	r20, 0x02	; 2
     620:	29 f0       	breq	.+10     	; 0x62c <.L11>

00000622 <.Loc.19>:
        {
            DIO_WritePin(GroupName,PinNumber,High);
        }

}
     622:	08 95       	ret

00000624 <.L10>:
            DIO_WritePin(GroupName,PinNumber,Low);
     624:	40 e0       	ldi	r20, 0x00	; 0

00000626 <.Loc.21>:
     626:	0e 94 ee 03 	call	0x7dc	; 0x7dc <DIO_WritePin>

0000062a <.LVL9>:
     62a:	08 95       	ret

0000062c <.L11>:
            DIO_WritePin(GroupName,PinNumber,High);
     62c:	41 e0       	ldi	r20, 0x01	; 1

0000062e <.Loc.24>:
     62e:	0e 94 ee 03 	call	0x7dc	; 0x7dc <DIO_WritePin>

00000632 <.LVL12>:
}
     632:	08 95       	ret

00000634 <main>:
#include "MCAL/TIMER0/Timer0_Private.h"
#include "MCAL/DIO/DIO_Interface.h"


void main()
{
     634:	cf 93       	push	r28
     636:	df 93       	push	r29
     638:	00 d0       	rcall	.+0      	; 0x63a <L0^A>

0000063a <L0^A>:
     63a:	00 d0       	rcall	.+0      	; 0x63c <L0^A>

0000063c <L0^A>:
     63c:	0f 92       	push	r0
     63e:	cd b7       	in	r28, 0x3d	; 61
     640:	de b7       	in	r29, 0x3e	; 62

00000642 <.Loc.1>:
    DIO_InitPin( Dio_GroupB,Dio_Pin3,Output);
     642:	41 e0       	ldi	r20, 0x01	; 1
     644:	63 e0       	ldi	r22, 0x03	; 3
     646:	81 e0       	ldi	r24, 0x01	; 1
     648:	0e 94 5e 03 	call	0x6bc	; 0x6bc <DIO_InitPin>

0000064c <.LVL0>:
    Timer0_Config_t TimerConfig =
     64c:	85 e0       	ldi	r24, 0x05	; 5
     64e:	e0 e8       	ldi	r30, 0x80	; 128
     650:	f0 e0       	ldi	r31, 0x00	; 0
     652:	de 01       	movw	r26, r28
     654:	11 96       	adiw	r26, 0x01	; 1

00000656 <.L0^B1>:
     656:	01 90       	ld	r0, Z+
     658:	0d 92       	st	X+, r0
     65a:	8a 95       	dec	r24
     65c:	e1 f7       	brne	.-8      	; 0x656 <.L0^B1>

0000065e <.Loc.4>:
        .PreloadValue         = 0,
        .CompareMatchValue    = 0,
        .PWMOutputMode        = Timer0_OC0NinInverting,
        .DutyCycleInitValue   = 50,
    };
     TIMER0_Init(TimerConfig);
     65e:	49 81       	ldd	r20, Y+1	; 0x01
     660:	5a 81       	ldd	r21, Y+2	; 0x02
     662:	6b 81       	ldd	r22, Y+3	; 0x03
     664:	7c 81       	ldd	r23, Y+4	; 0x04
     666:	8d 81       	ldd	r24, Y+5	; 0x05
     668:	0e 94 1e 06 	call	0xc3c	; 0xc3c <TIMER0_Init>

0000066c <.LVL1>:
     TIMER0_Start(Timer0_Prescaller8);
     66c:	82 e0       	ldi	r24, 0x02	; 2
     66e:	0e 94 94 06 	call	0xd28	; 0xd28 <TIMER0_Start>

00000672 <.L2>:

    while(1)
    {
   
   TIMER0_SetPWMDutyCycle(50);
     672:	82 e3       	ldi	r24, 0x32	; 50
     674:	0e 94 b9 06 	call	0xd72	; 0xd72 <TIMER0_SetPWMDutyCycle>

00000678 <.LBB8>:
     678:	2f ef       	ldi	r18, 0xFF	; 255
     67a:	83 ed       	ldi	r24, 0xD3	; 211
     67c:	90 e3       	ldi	r25, 0x30	; 48

0000067e <.L1^B1>:
     67e:	21 50       	subi	r18, 0x01	; 1
     680:	80 40       	sbci	r24, 0x00	; 0
     682:	90 40       	sbci	r25, 0x00	; 0
     684:	e1 f7       	brne	.-8      	; 0x67e <.L1^B1>
     686:	00 c0       	rjmp	.+0      	; 0x688 <L0^A>

00000688 <L0^A>:
	...

0000068a <.LBE8>:
   _delay_ms(2000);
   TIMER0_SetPWMDutyCycle(75); 
     68a:	8b e4       	ldi	r24, 0x4B	; 75
     68c:	0e 94 b9 06 	call	0xd72	; 0xd72 <TIMER0_SetPWMDutyCycle>

00000690 <.LBB10>:
     690:	2f ef       	ldi	r18, 0xFF	; 255
     692:	83 ed       	ldi	r24, 0xD3	; 211
     694:	90 e3       	ldi	r25, 0x30	; 48

00000696 <.L1^B2>:
     696:	21 50       	subi	r18, 0x01	; 1
     698:	80 40       	sbci	r24, 0x00	; 0
     69a:	90 40       	sbci	r25, 0x00	; 0
     69c:	e1 f7       	brne	.-8      	; 0x696 <.L1^B2>
     69e:	00 c0       	rjmp	.+0      	; 0x6a0 <L0^A>

000006a0 <L0^A>:
	...

000006a2 <.LBE10>:
    _delay_ms(2000);
   TIMER0_SetPWMDutyCycle(100);  
     6a2:	84 e6       	ldi	r24, 0x64	; 100
     6a4:	0e 94 b9 06 	call	0xd72	; 0xd72 <TIMER0_SetPWMDutyCycle>

000006a8 <.LBB12>:
     6a8:	2f ef       	ldi	r18, 0xFF	; 255
     6aa:	83 ed       	ldi	r24, 0xD3	; 211
     6ac:	90 e3       	ldi	r25, 0x30	; 48

000006ae <.L1^B3>:
     6ae:	21 50       	subi	r18, 0x01	; 1
     6b0:	80 40       	sbci	r24, 0x00	; 0
     6b2:	90 40       	sbci	r25, 0x00	; 0
     6b4:	e1 f7       	brne	.-8      	; 0x6ae <.L1^B3>
     6b6:	00 c0       	rjmp	.+0      	; 0x6b8 <L0^A>

000006b8 <L0^A>:
	...

000006ba <.LBE12>:
    while(1)
     6ba:	db cf       	rjmp	.-74     	; 0x672 <.L2>

000006bc <DIO_InitPin>:


// select direction  initpin 
void DIO_InitPin(uint8_t GroupName,uint8_t PinNumber,uint8_t DirState)
{
    if((GroupName>=Dio_GroupA && GroupName<=Dio_GroupD)&& 
     6bc:	84 30       	cpi	r24, 0x04	; 4
     6be:	08 f0       	brcs	.+2      	; 0x6c2 <.Loc.3>

000006c0 <L0^A>:
     6c0:	61 c0       	rjmp	.+194    	; 0x784 <.L1>

000006c2 <.Loc.3>:
     6c2:	68 30       	cpi	r22, 0x08	; 8
     6c4:	08 f0       	brcs	.+2      	; 0x6c8 <.Loc.4>

000006c6 <L0^A>:
     6c6:	5e c0       	rjmp	.+188    	; 0x784 <.L1>

000006c8 <.Loc.4>:
      (PinNumber>=Dio_Pin0 && PinNumber<=Dio_Pin7))
        {
            if(DirState==Output)
     6c8:	41 30       	cpi	r20, 0x01	; 1
     6ca:	c1 f0       	breq	.+48     	; 0x6fc <.L14>

000006cc <.Loc.6>:
                    case Dio_GroupB:SET_BIT(DDRB,PinNumber);break;
                    case Dio_GroupC:SET_BIT(DDRC,PinNumber);break;
                    case Dio_GroupD:SET_BIT(DDRD,PinNumber);break;
                }
            }
            else if (DirState==Input)
     6cc:	08 f0       	brcs	.+2      	; 0x6d0 <.Loc.8>

000006ce <L0^A>:
     6ce:	5a c0       	rjmp	.+180    	; 0x784 <.L1>

000006d0 <.Loc.8>:
            {
                switch(GroupName)
     6d0:	82 30       	cpi	r24, 0x02	; 2
     6d2:	09 f4       	brne	.+2      	; 0x6d6 <L0^A+0x2>

000006d4 <L0^A>:
     6d4:	65 c0       	rjmp	.+202    	; 0x7a0 <.L9>
     6d6:	08 f0       	brcs	.+2      	; 0x6da <L0^A+0x2>

000006d8 <L0^A>:
     6d8:	48 c0       	rjmp	.+144    	; 0x76a <.L10>
     6da:	81 30       	cpi	r24, 0x01	; 1
     6dc:	08 f4       	brcc	.+2      	; 0x6e0 <L0^A+0x2>

000006de <L0^A>:
     6de:	54 c0       	rjmp	.+168    	; 0x788 <.L11>
     6e0:	09 f0       	breq	.+2      	; 0x6e4 <.Loc.9>

000006e2 <L0^A>:
     6e2:	42 c0       	rjmp	.+132    	; 0x768 <.L15>

000006e4 <.Loc.9>:
                {
                    case Dio_GroupA:CLEAR_BIT(DDRA,PinNumber);break;
                    case Dio_GroupB:CLEAR_BIT(DDRB,PinNumber);break;
     6e4:	27 b3       	in	r18, 0x17	; 23
     6e6:	81 e0       	ldi	r24, 0x01	; 1
     6e8:	90 e0       	ldi	r25, 0x00	; 0

000006ea <.Loc.10>:
     6ea:	02 c0       	rjmp	.+4      	; 0x6f0 <.L2^B1>

000006ec <.L1^B1>:
     6ec:	88 0f       	add	r24, r24
     6ee:	99 1f       	adc	r25, r25

000006f0 <.L2^B1>:
     6f0:	6a 95       	dec	r22
     6f2:	e2 f7       	brpl	.-8      	; 0x6ec <.L1^B1>
     6f4:	80 95       	com	r24
     6f6:	82 23       	and	r24, r18
     6f8:	87 bb       	out	0x17, r24	; 23

000006fa <.Loc.11>:
     6fa:	08 95       	ret

000006fc <.L14>:
                switch(GroupName)
     6fc:	82 30       	cpi	r24, 0x02	; 2
     6fe:	49 f1       	breq	.+82     	; 0x752 <.L4>
     700:	78 f4       	brcc	.+30     	; 0x720 <.L5>
     702:	81 30       	cpi	r24, 0x01	; 1
     704:	d8 f0       	brcs	.+54     	; 0x73c <.L6>
     706:	59 f4       	brne	.+22     	; 0x71e <.L16>

00000708 <.Loc.13>:
                    case Dio_GroupB:SET_BIT(DDRB,PinNumber);break;
     708:	87 b3       	in	r24, 0x17	; 23

0000070a <.Loc.14>:
     70a:	21 e0       	ldi	r18, 0x01	; 1
     70c:	30 e0       	ldi	r19, 0x00	; 0
     70e:	02 c0       	rjmp	.+4      	; 0x714 <.L2^B2>

00000710 <.L1^B2>:
     710:	22 0f       	add	r18, r18
     712:	33 1f       	adc	r19, r19

00000714 <.L2^B2>:
     714:	6a 95       	dec	r22
     716:	e2 f7       	brpl	.-8      	; 0x710 <.L1^B2>
     718:	82 2b       	or	r24, r18
     71a:	87 bb       	out	0x17, r24	; 23

0000071c <.Loc.15>:
     71c:	08 95       	ret

0000071e <.L16>:
     71e:	08 95       	ret

00000720 <.L5>:
                switch(GroupName)
     720:	83 30       	cpi	r24, 0x03	; 3
     722:	59 f4       	brne	.+22     	; 0x73a <.L17>

00000724 <.Loc.18>:
                    case Dio_GroupD:SET_BIT(DDRD,PinNumber);break;
     724:	81 b3       	in	r24, 0x11	; 17

00000726 <.Loc.19>:
     726:	21 e0       	ldi	r18, 0x01	; 1
     728:	30 e0       	ldi	r19, 0x00	; 0
     72a:	02 c0       	rjmp	.+4      	; 0x730 <.L2^B3>

0000072c <.L1^B3>:
     72c:	22 0f       	add	r18, r18
     72e:	33 1f       	adc	r19, r19

00000730 <.L2^B3>:
     730:	6a 95       	dec	r22
     732:	e2 f7       	brpl	.-8      	; 0x72c <.L1^B3>
     734:	82 2b       	or	r24, r18
     736:	81 bb       	out	0x11, r24	; 17

00000738 <.Loc.20>:
     738:	08 95       	ret

0000073a <.L17>:
     73a:	08 95       	ret

0000073c <.L6>:
                    case Dio_GroupA:SET_BIT(DDRA,PinNumber);break;
     73c:	8a b3       	in	r24, 0x1a	; 26

0000073e <.Loc.23>:
     73e:	21 e0       	ldi	r18, 0x01	; 1
     740:	30 e0       	ldi	r19, 0x00	; 0
     742:	02 c0       	rjmp	.+4      	; 0x748 <.L2^B4>

00000744 <.L1^B4>:
     744:	22 0f       	add	r18, r18
     746:	33 1f       	adc	r19, r19

00000748 <.L2^B4>:
     748:	6a 95       	dec	r22
     74a:	e2 f7       	brpl	.-8      	; 0x744 <.L1^B4>
     74c:	82 2b       	or	r24, r18
     74e:	8a bb       	out	0x1a, r24	; 26

00000750 <.Loc.24>:
     750:	08 95       	ret

00000752 <.L4>:
                    case Dio_GroupC:SET_BIT(DDRC,PinNumber);break;
     752:	84 b3       	in	r24, 0x14	; 20

00000754 <.Loc.26>:
     754:	21 e0       	ldi	r18, 0x01	; 1
     756:	30 e0       	ldi	r19, 0x00	; 0
     758:	02 c0       	rjmp	.+4      	; 0x75e <.L2^B5>

0000075a <.L1^B5>:
     75a:	22 0f       	add	r18, r18
     75c:	33 1f       	adc	r19, r19

0000075e <.L2^B5>:
     75e:	6a 95       	dec	r22
     760:	e2 f7       	brpl	.-8      	; 0x75a <.L1^B5>
     762:	82 2b       	or	r24, r18
     764:	84 bb       	out	0x14, r24	; 20

00000766 <.Loc.27>:
     766:	08 95       	ret

00000768 <.L15>:
     768:	08 95       	ret

0000076a <.L10>:
                switch(GroupName)
     76a:	83 30       	cpi	r24, 0x03	; 3
     76c:	61 f4       	brne	.+24     	; 0x786 <.L18>

0000076e <.Loc.30>:
                    case Dio_GroupC:CLEAR_BIT(DDRC,PinNumber);break;
                    case Dio_GroupD:CLEAR_BIT(DDRD,PinNumber);break;
     76e:	21 b3       	in	r18, 0x11	; 17
     770:	81 e0       	ldi	r24, 0x01	; 1
     772:	90 e0       	ldi	r25, 0x00	; 0

00000774 <.Loc.31>:
     774:	02 c0       	rjmp	.+4      	; 0x77a <.L2^B6>

00000776 <.L1^B6>:
     776:	88 0f       	add	r24, r24
     778:	99 1f       	adc	r25, r25

0000077a <.L2^B6>:
     77a:	6a 95       	dec	r22
     77c:	e2 f7       	brpl	.-8      	; 0x776 <.L1^B6>
     77e:	80 95       	com	r24
     780:	82 23       	and	r24, r18
     782:	81 bb       	out	0x11, r24	; 17

00000784 <.L1>:
                }
            }
        }
    
}
     784:	08 95       	ret

00000786 <.L18>:
     786:	08 95       	ret

00000788 <.L11>:
                    case Dio_GroupA:CLEAR_BIT(DDRA,PinNumber);break;
     788:	2a b3       	in	r18, 0x1a	; 26
     78a:	81 e0       	ldi	r24, 0x01	; 1
     78c:	90 e0       	ldi	r25, 0x00	; 0

0000078e <.Loc.36>:
     78e:	02 c0       	rjmp	.+4      	; 0x794 <.L2^B7>

00000790 <.L1^B7>:
     790:	88 0f       	add	r24, r24
     792:	99 1f       	adc	r25, r25

00000794 <.L2^B7>:
     794:	6a 95       	dec	r22
     796:	e2 f7       	brpl	.-8      	; 0x790 <.L1^B7>
     798:	80 95       	com	r24
     79a:	82 23       	and	r24, r18
     79c:	8a bb       	out	0x1a, r24	; 26

0000079e <.Loc.37>:
     79e:	08 95       	ret

000007a0 <.L9>:
                    case Dio_GroupC:CLEAR_BIT(DDRC,PinNumber);break;
     7a0:	24 b3       	in	r18, 0x14	; 20
     7a2:	81 e0       	ldi	r24, 0x01	; 1
     7a4:	90 e0       	ldi	r25, 0x00	; 0

000007a6 <.Loc.39>:
     7a6:	02 c0       	rjmp	.+4      	; 0x7ac <.L2^B8>

000007a8 <.L1^B8>:
     7a8:	88 0f       	add	r24, r24
     7aa:	99 1f       	adc	r25, r25

000007ac <.L2^B8>:
     7ac:	6a 95       	dec	r22
     7ae:	e2 f7       	brpl	.-8      	; 0x7a8 <.L1^B8>
     7b0:	80 95       	com	r24
     7b2:	82 23       	and	r24, r18
     7b4:	84 bb       	out	0x14, r24	; 20

000007b6 <.Loc.40>:
     7b6:	08 95       	ret

000007b8 <DIO_InitGroup>:
// select direction  initDio_Group 
void DIO_InitGroup(uint8_t GroupName,uint8_t DirState)
{
    // if(Dio_GroupName>=Dio_GroupA&&Dio_GroupName<=Dio_GroupD)
    // {
        switch(GroupName)
     7b8:	82 30       	cpi	r24, 0x02	; 2
     7ba:	71 f0       	breq	.+28     	; 0x7d8 <.L20>
     7bc:	30 f4       	brcc	.+12     	; 0x7ca <.L21>
     7be:	81 30       	cpi	r24, 0x01	; 1
     7c0:	48 f0       	brcs	.+18     	; 0x7d4 <.L22>
     7c2:	11 f4       	brne	.+4      	; 0x7c8 <.L26>

000007c4 <.Loc.43>:
        {
            case Dio_GroupA: DDRA = DirState;break;
            case Dio_GroupB: DDRB = DirState;break;
     7c4:	67 bb       	out	0x17, r22	; 23

000007c6 <.Loc.45>:
     7c6:	08 95       	ret

000007c8 <.L26>:
     7c8:	08 95       	ret

000007ca <.L21>:
        switch(GroupName)
     7ca:	83 30       	cpi	r24, 0x03	; 3
     7cc:	11 f4       	brne	.+4      	; 0x7d2 <.L27>

000007ce <.Loc.48>:
            case Dio_GroupC: DDRC = DirState;break;
            case Dio_GroupD: DDRD = DirState;break;
     7ce:	61 bb       	out	0x11, r22	; 17

000007d0 <.Loc.50>:
            default : break;
        }
    // }
}
     7d0:	08 95       	ret

000007d2 <.L27>:
     7d2:	08 95       	ret

000007d4 <.L22>:
            case Dio_GroupA: DDRA = DirState;break;
     7d4:	6a bb       	out	0x1a, r22	; 26

000007d6 <.Loc.55>:
     7d6:	08 95       	ret

000007d8 <.L20>:
            case Dio_GroupC: DDRC = DirState;break;
     7d8:	64 bb       	out	0x14, r22	; 20

000007da <.Loc.58>:
     7da:	08 95       	ret

000007dc <DIO_WritePin>:

// outputvalue    writepin  
void DIO_WritePin(uint8_t GroupName,uint8_t PinNumber,uint8_t OutputValue)
{
    if(GroupName<=Dio_GroupD && PinNumber<=Dio_Pin7)
     7dc:	84 30       	cpi	r24, 0x04	; 4
     7de:	08 f0       	brcs	.+2      	; 0x7e2 <.Loc.62>

000007e0 <L0^A>:
     7e0:	61 c0       	rjmp	.+194    	; 0x8a4 <.L28>

000007e2 <.Loc.62>:
     7e2:	68 30       	cpi	r22, 0x08	; 8
     7e4:	08 f0       	brcs	.+2      	; 0x7e8 <.Loc.63>

000007e6 <L0^A>:
     7e6:	5e c0       	rjmp	.+188    	; 0x8a4 <.L28>

000007e8 <.Loc.63>:
    {
        if(OutputValue==High)
     7e8:	41 30       	cpi	r20, 0x01	; 1
     7ea:	c1 f0       	breq	.+48     	; 0x81c <.L41>

000007ec <.Loc.65>:
               case Dio_GroupB:SET_BIT(PORTB,PinNumber);break;                    
               case Dio_GroupC:SET_BIT(PORTC,PinNumber);break;                    
               case Dio_GroupD:SET_BIT(PORTD,PinNumber);break;                        
            }
        }
        else if (OutputValue==Low)
     7ec:	08 f0       	brcs	.+2      	; 0x7f0 <.Loc.67>

000007ee <L0^A>:
     7ee:	5a c0       	rjmp	.+180    	; 0x8a4 <.L28>

000007f0 <.Loc.67>:
        {
            switch(GroupName)
     7f0:	82 30       	cpi	r24, 0x02	; 2
     7f2:	09 f4       	brne	.+2      	; 0x7f6 <.LLST3+0x1>

000007f4 <L0^A>:
     7f4:	65 c0       	rjmp	.+202    	; 0x8c0 <.L36>
     7f6:	08 f0       	brcs	.+2      	; 0x7fa <L0^A+0x2>

000007f8 <L0^A>:
     7f8:	48 c0       	rjmp	.+144    	; 0x88a <.L37>
     7fa:	81 30       	cpi	r24, 0x01	; 1
     7fc:	08 f4       	brcc	.+2      	; 0x800 <__DATA_REGION_LENGTH__>

000007fe <L0^A>:
     7fe:	54 c0       	rjmp	.+168    	; 0x8a8 <.L38>
     800:	09 f0       	breq	.+2      	; 0x804 <.Loc.68>

00000802 <L0^A>:
     802:	42 c0       	rjmp	.+132    	; 0x888 <.L42>

00000804 <.Loc.68>:
            {
               case Dio_GroupA:CLEAR_BIT(PORTA,PinNumber);break;                    
               case Dio_GroupB:CLEAR_BIT(PORTB,PinNumber);break;                    
     804:	28 b3       	in	r18, 0x18	; 24
     806:	81 e0       	ldi	r24, 0x01	; 1
     808:	90 e0       	ldi	r25, 0x00	; 0

0000080a <.Loc.69>:
     80a:	02 c0       	rjmp	.+4      	; 0x810 <.L2^B9>

0000080c <.L1^B9>:
     80c:	88 0f       	add	r24, r24
     80e:	99 1f       	adc	r25, r25

00000810 <.L2^B9>:
     810:	6a 95       	dec	r22
     812:	e2 f7       	brpl	.-8      	; 0x80c <.L1^B9>
     814:	80 95       	com	r24
     816:	82 23       	and	r24, r18
     818:	88 bb       	out	0x18, r24	; 24

0000081a <.Loc.70>:
     81a:	08 95       	ret

0000081c <.L41>:
            switch(GroupName)
     81c:	82 30       	cpi	r24, 0x02	; 2
     81e:	49 f1       	breq	.+82     	; 0x872 <.L31>
     820:	78 f4       	brcc	.+30     	; 0x840 <.L32>
     822:	81 30       	cpi	r24, 0x01	; 1
     824:	d8 f0       	brcs	.+54     	; 0x85c <.L33>
     826:	59 f4       	brne	.+22     	; 0x83e <.L43>

00000828 <.Loc.72>:
               case Dio_GroupB:SET_BIT(PORTB,PinNumber);break;                    
     828:	88 b3       	in	r24, 0x18	; 24

0000082a <.Loc.73>:
     82a:	21 e0       	ldi	r18, 0x01	; 1
     82c:	30 e0       	ldi	r19, 0x00	; 0
     82e:	02 c0       	rjmp	.+4      	; 0x834 <.L2^B10>

00000830 <.L1^B10>:
     830:	22 0f       	add	r18, r18
     832:	33 1f       	adc	r19, r19

00000834 <.L2^B10>:
     834:	6a 95       	dec	r22
     836:	e2 f7       	brpl	.-8      	; 0x830 <.L1^B10>
     838:	82 2b       	or	r24, r18
     83a:	88 bb       	out	0x18, r24	; 24

0000083c <.Loc.74>:
     83c:	08 95       	ret

0000083e <.L43>:
     83e:	08 95       	ret

00000840 <.L32>:
            switch(GroupName)
     840:	83 30       	cpi	r24, 0x03	; 3
     842:	59 f4       	brne	.+22     	; 0x85a <.L44>

00000844 <.Loc.77>:
               case Dio_GroupD:SET_BIT(PORTD,PinNumber);break;                        
     844:	82 b3       	in	r24, 0x12	; 18

00000846 <.Loc.78>:
     846:	21 e0       	ldi	r18, 0x01	; 1
     848:	30 e0       	ldi	r19, 0x00	; 0
     84a:	02 c0       	rjmp	.+4      	; 0x850 <.L2^B11>

0000084c <.L1^B11>:
     84c:	22 0f       	add	r18, r18
     84e:	33 1f       	adc	r19, r19

00000850 <.L2^B11>:
     850:	6a 95       	dec	r22
     852:	e2 f7       	brpl	.-8      	; 0x84c <.L1^B11>
     854:	82 2b       	or	r24, r18
     856:	82 bb       	out	0x12, r24	; 18

00000858 <.Loc.79>:
     858:	08 95       	ret

0000085a <.L44>:
     85a:	08 95       	ret

0000085c <.L33>:
               case Dio_GroupA:SET_BIT(PORTA,PinNumber);break;                    
     85c:	8b b3       	in	r24, 0x1b	; 27

0000085e <.Loc.82>:
     85e:	21 e0       	ldi	r18, 0x01	; 1
     860:	30 e0       	ldi	r19, 0x00	; 0
     862:	02 c0       	rjmp	.+4      	; 0x868 <.L2^B12>

00000864 <.L1^B12>:
     864:	22 0f       	add	r18, r18
     866:	33 1f       	adc	r19, r19

00000868 <.L2^B12>:
     868:	6a 95       	dec	r22
     86a:	e2 f7       	brpl	.-8      	; 0x864 <.L1^B12>
     86c:	82 2b       	or	r24, r18
     86e:	8b bb       	out	0x1b, r24	; 27

00000870 <.Loc.83>:
     870:	08 95       	ret

00000872 <.L31>:
               case Dio_GroupC:SET_BIT(PORTC,PinNumber);break;                    
     872:	85 b3       	in	r24, 0x15	; 21

00000874 <.Loc.85>:
     874:	21 e0       	ldi	r18, 0x01	; 1
     876:	30 e0       	ldi	r19, 0x00	; 0
     878:	02 c0       	rjmp	.+4      	; 0x87e <.L2^B13>

0000087a <.L1^B13>:
     87a:	22 0f       	add	r18, r18
     87c:	33 1f       	adc	r19, r19

0000087e <.L2^B13>:
     87e:	6a 95       	dec	r22
     880:	e2 f7       	brpl	.-8      	; 0x87a <.L1^B13>
     882:	82 2b       	or	r24, r18
     884:	85 bb       	out	0x15, r24	; 21

00000886 <.Loc.86>:
     886:	08 95       	ret

00000888 <.L42>:
     888:	08 95       	ret

0000088a <.L37>:
            switch(GroupName)
     88a:	83 30       	cpi	r24, 0x03	; 3
     88c:	61 f4       	brne	.+24     	; 0x8a6 <.L45>

0000088e <.Loc.89>:
               case Dio_GroupC:CLEAR_BIT(PORTC,PinNumber);break;                    
               case Dio_GroupD:CLEAR_BIT(PORTD,PinNumber);break;                        
     88e:	22 b3       	in	r18, 0x12	; 18
     890:	81 e0       	ldi	r24, 0x01	; 1
     892:	90 e0       	ldi	r25, 0x00	; 0

00000894 <.Loc.90>:
     894:	02 c0       	rjmp	.+4      	; 0x89a <.L2^B14>

00000896 <.L1^B14>:
     896:	88 0f       	add	r24, r24
     898:	99 1f       	adc	r25, r25

0000089a <.L2^B14>:
     89a:	6a 95       	dec	r22
     89c:	e2 f7       	brpl	.-8      	; 0x896 <.L1^B14>
     89e:	80 95       	com	r24
     8a0:	82 23       	and	r24, r18
     8a2:	82 bb       	out	0x12, r24	; 18

000008a4 <.L28>:
            }
        }
    }
}
     8a4:	08 95       	ret

000008a6 <.L45>:
     8a6:	08 95       	ret

000008a8 <.L38>:
               case Dio_GroupA:CLEAR_BIT(PORTA,PinNumber);break;                    
     8a8:	2b b3       	in	r18, 0x1b	; 27
     8aa:	81 e0       	ldi	r24, 0x01	; 1
     8ac:	90 e0       	ldi	r25, 0x00	; 0

000008ae <.Loc.95>:
     8ae:	02 c0       	rjmp	.+4      	; 0x8b4 <.L2^B15>

000008b0 <.L1^B15>:
     8b0:	88 0f       	add	r24, r24
     8b2:	99 1f       	adc	r25, r25

000008b4 <.L2^B15>:
     8b4:	6a 95       	dec	r22
     8b6:	e2 f7       	brpl	.-8      	; 0x8b0 <.L1^B15>
     8b8:	80 95       	com	r24
     8ba:	82 23       	and	r24, r18
     8bc:	8b bb       	out	0x1b, r24	; 27

000008be <.Loc.96>:
     8be:	08 95       	ret

000008c0 <.L36>:
               case Dio_GroupC:CLEAR_BIT(PORTC,PinNumber);break;                    
     8c0:	25 b3       	in	r18, 0x15	; 21
     8c2:	81 e0       	ldi	r24, 0x01	; 1
     8c4:	90 e0       	ldi	r25, 0x00	; 0

000008c6 <.Loc.98>:
     8c6:	02 c0       	rjmp	.+4      	; 0x8cc <.L2^B16>

000008c8 <.L1^B16>:
     8c8:	88 0f       	add	r24, r24
     8ca:	99 1f       	adc	r25, r25

000008cc <.L2^B16>:
     8cc:	6a 95       	dec	r22
     8ce:	e2 f7       	brpl	.-8      	; 0x8c8 <.L1^B16>
     8d0:	80 95       	com	r24
     8d2:	82 23       	and	r24, r18
     8d4:	85 bb       	out	0x15, r24	; 21

000008d6 <.Loc.99>:
     8d6:	08 95       	ret

000008d8 <DIO_WriteGroup>:

// outputvalue    writeDio_Group   
void DIO_WriteGroup(uint8_t GroupName,uint8_t OutputValue)
{
    switch(GroupName)
     8d8:	82 30       	cpi	r24, 0x02	; 2
     8da:	71 f0       	breq	.+28     	; 0x8f8 <.L47>
     8dc:	30 f4       	brcc	.+12     	; 0x8ea <.L48>
     8de:	81 30       	cpi	r24, 0x01	; 1
     8e0:	48 f0       	brcs	.+18     	; 0x8f4 <.L49>
     8e2:	11 f4       	brne	.+4      	; 0x8e8 <.L53>

000008e4 <.Loc.102>:
    {
        case Dio_GroupA:PORTA=OutputValue;break;                    
        case Dio_GroupB:PORTB=OutputValue;break;                    
     8e4:	68 bb       	out	0x18, r22	; 24

000008e6 <.Loc.104>:
     8e6:	08 95       	ret

000008e8 <.L53>:
     8e8:	08 95       	ret

000008ea <.L48>:
    switch(GroupName)
     8ea:	83 30       	cpi	r24, 0x03	; 3
     8ec:	11 f4       	brne	.+4      	; 0x8f2 <.L54>

000008ee <.Loc.107>:
        case Dio_GroupC:PORTC=OutputValue;break;                    
        case Dio_GroupD:PORTD=OutputValue;break;  
     8ee:	62 bb       	out	0x12, r22	; 18

000008f0 <.Loc.109>:
        default : break;
    }
}
     8f0:	08 95       	ret

000008f2 <.L54>:
     8f2:	08 95       	ret

000008f4 <.L49>:
        case Dio_GroupA:PORTA=OutputValue;break;                    
     8f4:	6b bb       	out	0x1b, r22	; 27

000008f6 <.Loc.114>:
     8f6:	08 95       	ret

000008f8 <.L47>:
        case Dio_GroupC:PORTC=OutputValue;break;                    
     8f8:	65 bb       	out	0x15, r22	; 21

000008fa <.Loc.117>:
     8fa:	08 95       	ret

000008fc <DIO_ReadPin>:

// read  readpin 
// uint8_t DIO_ReadPin(uint8_t Dio_GroupName,uint8_t PinNumber);
void DIO_ReadPin(uint8_t GroupName,uint8_t PinNumber,uint8_t *PinState)
{
     8fc:	e4 2f       	mov	r30, r20
     8fe:	f5 2f       	mov	r31, r21

00000900 <.Loc.120>:
    if (PinState!=Null)
     900:	30 97       	sbiw	r30, 0x00	; 0
     902:	01 f1       	breq	.+64     	; 0x944 <.L55>

00000904 <.Loc.122>:
    {
        if (GroupName<=Dio_GroupD && PinNumber<=Dio_Pin7)
     904:	84 30       	cpi	r24, 0x04	; 4
     906:	f0 f4       	brcc	.+60     	; 0x944 <.L55>

00000908 <.Loc.124>:
     908:	68 30       	cpi	r22, 0x08	; 8
     90a:	e0 f4       	brcc	.+56     	; 0x944 <.L55>

0000090c <.Loc.125>:
        {
            switch(GroupName)
     90c:	82 30       	cpi	r24, 0x02	; 2
     90e:	31 f1       	breq	.+76     	; 0x95c <.L57>
     910:	70 f4       	brcc	.+28     	; 0x92e <.L58>
     912:	81 30       	cpi	r24, 0x01	; 1
     914:	c8 f0       	brcs	.+50     	; 0x948 <.L59>
     916:	51 f4       	brne	.+20     	; 0x92c <.L62>

00000918 <.Loc.126>:
            {
                case Dio_GroupA: *PinState = READ_BIT(PINA,PinNumber);break;
                case Dio_GroupB: *PinState = READ_BIT(PINB,PinNumber);break;
     918:	86 b3       	in	r24, 0x16	; 22

0000091a <.Loc.128>:
     91a:	90 e0       	ldi	r25, 0x00	; 0
     91c:	02 c0       	rjmp	.+4      	; 0x922 <.L2^B17>

0000091e <.L1^B17>:
     91e:	95 95       	asr	r25
     920:	87 95       	ror	r24

00000922 <.L2^B17>:
     922:	6a 95       	dec	r22
     924:	e2 f7       	brpl	.-8      	; 0x91e <.L1^B17>
     926:	81 70       	andi	r24, 0x01	; 1

00000928 <.Loc.129>:
     928:	80 83       	st	Z, r24

0000092a <.Loc.130>:
     92a:	08 95       	ret

0000092c <.L62>:
     92c:	08 95       	ret

0000092e <.L58>:
            switch(GroupName)
     92e:	83 30       	cpi	r24, 0x03	; 3
     930:	51 f4       	brne	.+20     	; 0x946 <.L63>

00000932 <.Loc.133>:
                case Dio_GroupC: *PinState = READ_BIT(PINC,PinNumber);break;
                case Dio_GroupD: *PinState = READ_BIT(PIND,PinNumber);break;
     932:	80 b3       	in	r24, 0x10	; 16

00000934 <.Loc.135>:
     934:	90 e0       	ldi	r25, 0x00	; 0
     936:	02 c0       	rjmp	.+4      	; 0x93c <.L2^B18>

00000938 <.L1^B18>:
     938:	95 95       	asr	r25
     93a:	87 95       	ror	r24

0000093c <.L2^B18>:
     93c:	6a 95       	dec	r22
     93e:	e2 f7       	brpl	.-8      	; 0x938 <.L1^B18>
     940:	81 70       	andi	r24, 0x01	; 1

00000942 <.Loc.136>:
     942:	80 83       	st	Z, r24

00000944 <.L55>:
                
            }
        }
    }
}
     944:	08 95       	ret

00000946 <.L63>:
     946:	08 95       	ret

00000948 <.L59>:
                case Dio_GroupA: *PinState = READ_BIT(PINA,PinNumber);break;
     948:	89 b3       	in	r24, 0x19	; 25

0000094a <.Loc.142>:
     94a:	90 e0       	ldi	r25, 0x00	; 0
     94c:	02 c0       	rjmp	.+4      	; 0x952 <.L2^B19>

0000094e <.L1^B19>:
     94e:	95 95       	asr	r25
     950:	87 95       	ror	r24

00000952 <.L2^B19>:
     952:	6a 95       	dec	r22
     954:	e2 f7       	brpl	.-8      	; 0x94e <.L1^B19>
     956:	81 70       	andi	r24, 0x01	; 1

00000958 <.Loc.143>:
     958:	80 83       	st	Z, r24

0000095a <.Loc.144>:
     95a:	08 95       	ret

0000095c <.L57>:
                case Dio_GroupC: *PinState = READ_BIT(PINC,PinNumber);break;
     95c:	83 b3       	in	r24, 0x13	; 19

0000095e <.Loc.147>:
     95e:	90 e0       	ldi	r25, 0x00	; 0
     960:	02 c0       	rjmp	.+4      	; 0x966 <.L2^B20>

00000962 <.L1^B20>:
     962:	95 95       	asr	r25
     964:	87 95       	ror	r24

00000966 <.L2^B20>:
     966:	6a 95       	dec	r22
     968:	e2 f7       	brpl	.-8      	; 0x962 <.L1^B20>
     96a:	81 70       	andi	r24, 0x01	; 1

0000096c <.Loc.148>:
     96c:	80 83       	st	Z, r24

0000096e <.Loc.149>:
     96e:	08 95       	ret

00000970 <DIO_ReadGroup>:
// read  readDio_Group  
void DIO_ReadGroup(uint8_t GroupName,uint8_t * InputStates)
{
     970:	e6 2f       	mov	r30, r22
     972:	f7 2f       	mov	r31, r23

00000974 <.Loc.152>:
    if(InputStates!=Null)
     974:	30 97       	sbiw	r30, 0x00	; 0
     976:	71 f0       	breq	.+28     	; 0x994 <.L64>

00000978 <.Loc.154>:
    {
        switch(GroupName)
     978:	82 30       	cpi	r24, 0x02	; 2
     97a:	89 f0       	breq	.+34     	; 0x99e <.L66>
     97c:	38 f4       	brcc	.+14     	; 0x98c <.L67>
     97e:	81 30       	cpi	r24, 0x01	; 1
     980:	58 f0       	brcs	.+22     	; 0x998 <.L68>
     982:	19 f4       	brne	.+6      	; 0x98a <.L71>

00000984 <.Loc.155>:
        {
                case Dio_GroupA: *InputStates = PINA;break;
                case Dio_GroupB: *InputStates = PINB;break;
     984:	86 b3       	in	r24, 0x16	; 22

00000986 <.Loc.157>:
     986:	80 83       	st	Z, r24

00000988 <.Loc.158>:
     988:	08 95       	ret

0000098a <.L71>:
     98a:	08 95       	ret

0000098c <.L67>:
        switch(GroupName)
     98c:	83 30       	cpi	r24, 0x03	; 3
     98e:	19 f4       	brne	.+6      	; 0x996 <.L72>

00000990 <.Loc.161>:
                case Dio_GroupC: *InputStates = PINC;break;
                case Dio_GroupD: *InputStates = PIND;break;
     990:	80 b3       	in	r24, 0x10	; 16

00000992 <.Loc.163>:
     992:	80 83       	st	Z, r24

00000994 <.L64>:
                
        }
    }
}
     994:	08 95       	ret

00000996 <.L72>:
     996:	08 95       	ret

00000998 <.L68>:
                case Dio_GroupA: *InputStates = PINA;break;
     998:	89 b3       	in	r24, 0x19	; 25

0000099a <.Loc.169>:
     99a:	80 83       	st	Z, r24

0000099c <.Loc.170>:
     99c:	08 95       	ret

0000099e <.L66>:
                case Dio_GroupC: *InputStates = PINC;break;
     99e:	83 b3       	in	r24, 0x13	; 19

000009a0 <.Loc.173>:
     9a0:	80 83       	st	Z, r24

000009a2 <.Loc.174>:
     9a2:	08 95       	ret

000009a4 <DIO_Toggle>:

void DIO_Toggle(uint8_t GroupName , uint8_t PinNumber){
switch(GroupName)
     9a4:	82 30       	cpi	r24, 0x02	; 2
     9a6:	49 f1       	breq	.+82     	; 0x9fa <.L74>
     9a8:	78 f4       	brcc	.+30     	; 0x9c8 <.L75>
     9aa:	81 30       	cpi	r24, 0x01	; 1
     9ac:	d8 f0       	brcs	.+54     	; 0x9e4 <.L76>
     9ae:	59 f4       	brne	.+22     	; 0x9c6 <.L80>

000009b0 <.Loc.177>:
        case Dio_GroupA:
            TOGGLE_BIT(PORTA, PinNumber);
            break;

        case Dio_GroupB:
            TOGGLE_BIT(PORTB, PinNumber);
     9b0:	88 b3       	in	r24, 0x18	; 24

000009b2 <.Loc.178>:
     9b2:	21 e0       	ldi	r18, 0x01	; 1
     9b4:	30 e0       	ldi	r19, 0x00	; 0
     9b6:	02 c0       	rjmp	.+4      	; 0x9bc <.L2^B21>

000009b8 <.L1^B21>:
     9b8:	22 0f       	add	r18, r18
     9ba:	33 1f       	adc	r19, r19

000009bc <.L2^B21>:
     9bc:	6a 95       	dec	r22
     9be:	e2 f7       	brpl	.-8      	; 0x9b8 <.L1^B21>
     9c0:	82 27       	eor	r24, r18
     9c2:	88 bb       	out	0x18, r24	; 24

000009c4 <.Loc.179>:
            break;
     9c4:	08 95       	ret

000009c6 <.L80>:
     9c6:	08 95       	ret

000009c8 <.L75>:
switch(GroupName)
     9c8:	83 30       	cpi	r24, 0x03	; 3
     9ca:	59 f4       	brne	.+22     	; 0x9e2 <.L81>

000009cc <.Loc.182>:
        case Dio_GroupC:
            TOGGLE_BIT(PORTC, PinNumber);
            break;

        case Dio_GroupD:
            TOGGLE_BIT(PORTD, PinNumber);
     9cc:	82 b3       	in	r24, 0x12	; 18

000009ce <.Loc.183>:
     9ce:	21 e0       	ldi	r18, 0x01	; 1
     9d0:	30 e0       	ldi	r19, 0x00	; 0
     9d2:	02 c0       	rjmp	.+4      	; 0x9d8 <.L2^B22>

000009d4 <.L1^B22>:
     9d4:	22 0f       	add	r18, r18
     9d6:	33 1f       	adc	r19, r19

000009d8 <.L2^B22>:
     9d8:	6a 95       	dec	r22
     9da:	e2 f7       	brpl	.-8      	; 0x9d4 <.L1^B22>
     9dc:	82 27       	eor	r24, r18
     9de:	82 bb       	out	0x12, r24	; 18

000009e0 <.Loc.184>:
            break;
    }

     9e0:	08 95       	ret

000009e2 <.L81>:
     9e2:	08 95       	ret

000009e4 <.L76>:
            TOGGLE_BIT(PORTA, PinNumber);
     9e4:	8b b3       	in	r24, 0x1b	; 27

000009e6 <.Loc.188>:
     9e6:	21 e0       	ldi	r18, 0x01	; 1
     9e8:	30 e0       	ldi	r19, 0x00	; 0
     9ea:	02 c0       	rjmp	.+4      	; 0x9f0 <.L2^B23>

000009ec <.L1^B23>:
     9ec:	22 0f       	add	r18, r18
     9ee:	33 1f       	adc	r19, r19

000009f0 <.L2^B23>:
     9f0:	6a 95       	dec	r22
     9f2:	e2 f7       	brpl	.-8      	; 0x9ec <.L1^B23>
     9f4:	82 27       	eor	r24, r18
     9f6:	8b bb       	out	0x1b, r24	; 27

000009f8 <.Loc.189>:
            break;
     9f8:	08 95       	ret

000009fa <.L74>:
            TOGGLE_BIT(PORTC, PinNumber);
     9fa:	85 b3       	in	r24, 0x15	; 21

000009fc <.Loc.191>:
     9fc:	21 e0       	ldi	r18, 0x01	; 1
     9fe:	30 e0       	ldi	r19, 0x00	; 0
     a00:	02 c0       	rjmp	.+4      	; 0xa06 <.L2^B24>

00000a02 <.L1^B24>:
     a02:	22 0f       	add	r18, r18
     a04:	33 1f       	adc	r19, r19

00000a06 <.L2^B24>:
     a06:	6a 95       	dec	r22
     a08:	e2 f7       	brpl	.-8      	; 0xa02 <.L1^B24>
     a0a:	82 27       	eor	r24, r18
     a0c:	85 bb       	out	0x15, r24	; 21

00000a0e <.Loc.192>:
            break;
     a0e:	08 95       	ret

00000a10 <EXTI_Init>:



void EXTI_Init(uint8_t InterruptName, uint8_t InterruptSense)
{
    if(InterruptName==Exti_INT0)
     a10:	86 30       	cpi	r24, 0x06	; 6
     a12:	31 f0       	breq	.+12     	; 0xa20 <.L12>

00000a14 <.Loc.3>:
        {
            SET_BIT(MCUCR, ISC00);
            SET_BIT(MCUCR, ISC01);
        }
    }
    else if(InterruptName==Exti_INT1)
     a14:	87 30       	cpi	r24, 0x07	; 7
     a16:	41 f1       	breq	.+80     	; 0xa68 <.L13>

00000a18 <.Loc.5>:
        {
            SET_BIT(MCUCR, ISC10);
            SET_BIT(MCUCR, ISC11);
        }
    }
    else if(InterruptName==Exti_INT2)
     a18:	85 30       	cpi	r24, 0x05	; 5
     a1a:	09 f4       	brne	.+2      	; 0xa1e <.L1>

00000a1c <L0^A>:
     a1c:	49 c0       	rjmp	.+146    	; 0xab0 <.L14>

00000a1e <.L1>:
        else if(InterruptSense==Exti_RisingEdge)
        {
            SET_BIT(MCUCSR, ISC2);
        }
    }
}
     a1e:	08 95       	ret

00000a20 <.L12>:
        if(InterruptSense==Exti_LowLevel)
     a20:	64 30       	cpi	r22, 0x04	; 4
     a22:	69 f0       	breq	.+26     	; 0xa3e <.L15>

00000a24 <.Loc.10>:
        else if(InterruptSense==Exti_AnyChange)
     a24:	65 30       	cpi	r22, 0x05	; 5
     a26:	91 f0       	breq	.+36     	; 0xa4c <.L16>

00000a28 <.Loc.12>:
        else if(InterruptSense==Exti_FallingEdge)
     a28:	66 30       	cpi	r22, 0x06	; 6
     a2a:	b9 f0       	breq	.+46     	; 0xa5a <.L17>

00000a2c <.Loc.14>:
        else if(InterruptSense==Exti_RisingEdge)
     a2c:	67 30       	cpi	r22, 0x07	; 7
     a2e:	b9 f7       	brne	.-18     	; 0xa1e <.L1>

00000a30 <.Loc.16>:
            SET_BIT(MCUCR, ISC00);
     a30:	85 b7       	in	r24, 0x35	; 53

00000a32 <.Loc.17>:
     a32:	81 60       	ori	r24, 0x01	; 1
     a34:	85 bf       	out	0x35, r24	; 53

00000a36 <.Loc.18>:
            SET_BIT(MCUCR, ISC01);
     a36:	85 b7       	in	r24, 0x35	; 53
     a38:	82 60       	ori	r24, 0x02	; 2
     a3a:	85 bf       	out	0x35, r24	; 53
     a3c:	08 95       	ret

00000a3e <.L15>:
            CLEAR_BIT(MCUCR , ISC00);
     a3e:	85 b7       	in	r24, 0x35	; 53

00000a40 <.Loc.20>:
     a40:	8e 7f       	andi	r24, 0xFE	; 254
     a42:	85 bf       	out	0x35, r24	; 53

00000a44 <.Loc.21>:
            CLEAR_BIT(MCUCR , ISC01);
     a44:	85 b7       	in	r24, 0x35	; 53
     a46:	8d 7f       	andi	r24, 0xFD	; 253
     a48:	85 bf       	out	0x35, r24	; 53
     a4a:	08 95       	ret

00000a4c <.L16>:
            SET_BIT(MCUCR, ISC00);
     a4c:	85 b7       	in	r24, 0x35	; 53

00000a4e <.Loc.23>:
     a4e:	81 60       	ori	r24, 0x01	; 1
     a50:	85 bf       	out	0x35, r24	; 53

00000a52 <.Loc.24>:
            CLEAR_BIT(MCUCR, ISC01);
     a52:	85 b7       	in	r24, 0x35	; 53
     a54:	8d 7f       	andi	r24, 0xFD	; 253
     a56:	85 bf       	out	0x35, r24	; 53
     a58:	08 95       	ret

00000a5a <.L17>:
            CLEAR_BIT(MCUCR, ISC00);
     a5a:	85 b7       	in	r24, 0x35	; 53

00000a5c <.Loc.26>:
     a5c:	8e 7f       	andi	r24, 0xFE	; 254
     a5e:	85 bf       	out	0x35, r24	; 53

00000a60 <.Loc.27>:
            SET_BIT(MCUCR, ISC01);
     a60:	85 b7       	in	r24, 0x35	; 53
     a62:	82 60       	ori	r24, 0x02	; 2
     a64:	85 bf       	out	0x35, r24	; 53
     a66:	08 95       	ret

00000a68 <.L13>:
        if(InterruptSense==Exti_LowLevel)
     a68:	64 30       	cpi	r22, 0x04	; 4
     a6a:	69 f0       	breq	.+26     	; 0xa86 <.L18>

00000a6c <.Loc.30>:
        else if(InterruptSense==Exti_AnyChange)
     a6c:	65 30       	cpi	r22, 0x05	; 5
     a6e:	91 f0       	breq	.+36     	; 0xa94 <.L19>

00000a70 <.Loc.32>:
        else if(InterruptSense==Exti_FallingEdge)
     a70:	66 30       	cpi	r22, 0x06	; 6
     a72:	b9 f0       	breq	.+46     	; 0xaa2 <.L20>

00000a74 <.Loc.34>:
        else if(InterruptSense==Exti_RisingEdge)
     a74:	67 30       	cpi	r22, 0x07	; 7
     a76:	99 f6       	brne	.-90     	; 0xa1e <.L1>

00000a78 <.Loc.36>:
            SET_BIT(MCUCR, ISC10);
     a78:	85 b7       	in	r24, 0x35	; 53

00000a7a <.Loc.37>:
     a7a:	84 60       	ori	r24, 0x04	; 4
     a7c:	85 bf       	out	0x35, r24	; 53

00000a7e <.Loc.38>:
            SET_BIT(MCUCR, ISC11);
     a7e:	85 b7       	in	r24, 0x35	; 53
     a80:	88 60       	ori	r24, 0x08	; 8
     a82:	85 bf       	out	0x35, r24	; 53
     a84:	08 95       	ret

00000a86 <.L18>:
            CLEAR_BIT(MCUCR, ISC10);
     a86:	85 b7       	in	r24, 0x35	; 53

00000a88 <.Loc.40>:
     a88:	8b 7f       	andi	r24, 0xFB	; 251
     a8a:	85 bf       	out	0x35, r24	; 53

00000a8c <.Loc.41>:
            CLEAR_BIT(MCUCR, ISC11);
     a8c:	85 b7       	in	r24, 0x35	; 53
     a8e:	87 7f       	andi	r24, 0xF7	; 247
     a90:	85 bf       	out	0x35, r24	; 53
     a92:	08 95       	ret

00000a94 <.L19>:
            SET_BIT(MCUCR, ISC10);
     a94:	85 b7       	in	r24, 0x35	; 53

00000a96 <.Loc.43>:
     a96:	84 60       	ori	r24, 0x04	; 4
     a98:	85 bf       	out	0x35, r24	; 53

00000a9a <.Loc.44>:
            CLEAR_BIT(MCUCR, ISC11);
     a9a:	85 b7       	in	r24, 0x35	; 53
     a9c:	87 7f       	andi	r24, 0xF7	; 247
     a9e:	85 bf       	out	0x35, r24	; 53
     aa0:	08 95       	ret

00000aa2 <.L20>:
            CLEAR_BIT(MCUCR, ISC10);
     aa2:	85 b7       	in	r24, 0x35	; 53

00000aa4 <.Loc.46>:
     aa4:	8b 7f       	andi	r24, 0xFB	; 251
     aa6:	85 bf       	out	0x35, r24	; 53

00000aa8 <.Loc.47>:
            SET_BIT(MCUCR, ISC11);
     aa8:	85 b7       	in	r24, 0x35	; 53
     aaa:	88 60       	ori	r24, 0x08	; 8
     aac:	85 bf       	out	0x35, r24	; 53
     aae:	08 95       	ret

00000ab0 <.L14>:
        if(InterruptSense==Exti_FallingEdge)
     ab0:	66 30       	cpi	r22, 0x06	; 6
     ab2:	39 f0       	breq	.+14     	; 0xac2 <.L21>

00000ab4 <.Loc.50>:
        else if(InterruptSense==Exti_RisingEdge)
     ab4:	67 30       	cpi	r22, 0x07	; 7
     ab6:	09 f0       	breq	.+2      	; 0xaba <.Loc.52>

00000ab8 <L0^A>:
     ab8:	b2 cf       	rjmp	.-156    	; 0xa1e <.L1>

00000aba <.Loc.52>:
            SET_BIT(MCUCSR, ISC2);
     aba:	84 b7       	in	r24, 0x34	; 52

00000abc <.Loc.53>:
     abc:	80 64       	ori	r24, 0x40	; 64
     abe:	84 bf       	out	0x34, r24	; 52

00000ac0 <.Loc.54>:
}
     ac0:	08 95       	ret

00000ac2 <.L21>:
            CLEAR_BIT(MCUCSR, ISC2);
     ac2:	84 b7       	in	r24, 0x34	; 52

00000ac4 <.Loc.56>:
     ac4:	8f 7b       	andi	r24, 0xBF	; 191
     ac6:	84 bf       	out	0x34, r24	; 52
     ac8:	08 95       	ret

00000aca <EXTI_Enable>:

void EXTI_Enable(uint8_t InterruptName)
{
    if(InterruptName == Exti_INT0)
     aca:	86 30       	cpi	r24, 0x06	; 6
     acc:	29 f0       	breq	.+10     	; 0xad8 <.L26>

00000ace <.Loc.60>:
    {
        SET_BIT(GICR, Exti_INT0);
    }
    else if(InterruptName == Exti_INT1)
     ace:	87 30       	cpi	r24, 0x07	; 7
     ad0:	39 f0       	breq	.+14     	; 0xae0 <.L27>

00000ad2 <.Loc.62>:
    {
        SET_BIT(GICR, Exti_INT1);
    }
    else if(InterruptName == Exti_INT2)
     ad2:	85 30       	cpi	r24, 0x05	; 5
     ad4:	49 f0       	breq	.+18     	; 0xae8 <.L28>

00000ad6 <.Loc.64>:
    {
        SET_BIT(GICR, Exti_INT2);
    }
}
     ad6:	08 95       	ret

00000ad8 <.L26>:
        SET_BIT(GICR, Exti_INT0);
     ad8:	8b b7       	in	r24, 0x3b	; 59

00000ada <.Loc.66>:
     ada:	80 64       	ori	r24, 0x40	; 64
     adc:	8b bf       	out	0x3b, r24	; 59
     ade:	08 95       	ret

00000ae0 <.L27>:
        SET_BIT(GICR, Exti_INT1);
     ae0:	8b b7       	in	r24, 0x3b	; 59

00000ae2 <.Loc.68>:
     ae2:	80 68       	ori	r24, 0x80	; 128
     ae4:	8b bf       	out	0x3b, r24	; 59
     ae6:	08 95       	ret

00000ae8 <.L28>:
        SET_BIT(GICR, Exti_INT2);
     ae8:	8b b7       	in	r24, 0x3b	; 59

00000aea <.Loc.70>:
     aea:	80 62       	ori	r24, 0x20	; 32
     aec:	8b bf       	out	0x3b, r24	; 59

00000aee <.Loc.71>:
}
     aee:	08 95       	ret

00000af0 <EXTI_Disable>:

void EXTI_Disable(uint8_t InterruptName)
{
    if(InterruptName == Exti_INT0)
     af0:	86 30       	cpi	r24, 0x06	; 6
     af2:	29 f0       	breq	.+10     	; 0xafe <.L33>

00000af4 <.Loc.75>:
    {
        CLEAR_BIT(GICR, Exti_INT0);
    }
    else if(InterruptName == Exti_INT1)
     af4:	87 30       	cpi	r24, 0x07	; 7
     af6:	39 f0       	breq	.+14     	; 0xb06 <.L34>

00000af8 <.Loc.77>:
    {
        CLEAR_BIT(GICR, Exti_INT1);
    }
    else if(InterruptName == Exti_INT2)
     af8:	85 30       	cpi	r24, 0x05	; 5
     afa:	49 f0       	breq	.+18     	; 0xb0e <.L35>

00000afc <.Loc.79>:
    {
        CLEAR_BIT(GICR, Exti_INT2);
    }
}
     afc:	08 95       	ret

00000afe <.L33>:
        CLEAR_BIT(GICR, Exti_INT0);
     afe:	8b b7       	in	r24, 0x3b	; 59

00000b00 <.Loc.81>:
     b00:	8f 7b       	andi	r24, 0xBF	; 191
     b02:	8b bf       	out	0x3b, r24	; 59
     b04:	08 95       	ret

00000b06 <.L34>:
        CLEAR_BIT(GICR, Exti_INT1);
     b06:	8b b7       	in	r24, 0x3b	; 59

00000b08 <.Loc.83>:
     b08:	8f 77       	andi	r24, 0x7F	; 127
     b0a:	8b bf       	out	0x3b, r24	; 59
     b0c:	08 95       	ret

00000b0e <.L35>:
        CLEAR_BIT(GICR, Exti_INT2);
     b0e:	8b b7       	in	r24, 0x3b	; 59

00000b10 <.Loc.85>:
     b10:	8f 7d       	andi	r24, 0xDF	; 223
     b12:	8b bf       	out	0x3b, r24	; 59

00000b14 <.Loc.86>:
}
     b14:	08 95       	ret

00000b16 <EXTI_CallBack>:

static void (*Ptr[Numbers_Interrupts])(void)={0};

void EXTI_CallBack(uint8_t InterruptName, void (*Func)(void))
{
     b16:	26 2f       	mov	r18, r22
     b18:	37 2f       	mov	r19, r23

00000b1a <.Loc.89>:
    if((InterruptName <= Exti_Interrupt2) && (Func != 0))
     b1a:	83 30       	cpi	r24, 0x03	; 3
     b1c:	58 f4       	brcc	.+22     	; 0xb34 <.L36>

00000b1e <.Loc.91>:
     b1e:	21 15       	cp	r18, r1
     b20:	31 05       	cpc	r19, r1
     b22:	41 f0       	breq	.+16     	; 0xb34 <.L36>

00000b24 <.Loc.92>:
    {
     Ptr[InterruptName]=Func;
     b24:	e8 2f       	mov	r30, r24
     b26:	f0 e0       	ldi	r31, 0x00	; 0

00000b28 <.Loc.94>:
     b28:	ee 0f       	add	r30, r30
     b2a:	ff 1f       	adc	r31, r31
     b2c:	e6 57       	subi	r30, 0x76	; 118
     b2e:	ff 4f       	sbci	r31, 0xFF	; 255
     b30:	31 83       	std	Z+1, r19	; 0x01
     b32:	20 83       	st	Z, r18

00000b34 <.L36>:
    }
}
     b34:	08 95       	ret

00000b36 <__vector_1>:

void __vector_1(void) __attribute__((signal));
void __vector_1(void)
{
     b36:	1f 92       	push	r1
     b38:	0f 92       	push	r0
     b3a:	0f b6       	in	r0, 0x3f	; 63
     b3c:	0f 92       	push	r0
     b3e:	11 24       	eor	r1, r1
     b40:	2f 93       	push	r18
     b42:	3f 93       	push	r19
     b44:	4f 93       	push	r20
     b46:	5f 93       	push	r21
     b48:	6f 93       	push	r22
     b4a:	7f 93       	push	r23
     b4c:	8f 93       	push	r24
     b4e:	9f 93       	push	r25
     b50:	af 93       	push	r26
     b52:	bf 93       	push	r27
     b54:	ef 93       	push	r30
     b56:	ff 93       	push	r31

00000b58 <.Loc.97>:
    if (Ptr[Exti_Interrupt0]!=Null)
     b58:	e0 91 8a 00 	lds	r30, 0x008A	; 0x80008a <Ptr>
     b5c:	f0 91 8b 00 	lds	r31, 0x008B	; 0x80008b <Ptr+0x1>

00000b60 <.Loc.99>:
     b60:	30 97       	sbiw	r30, 0x00	; 0
     b62:	09 f0       	breq	.+2      	; 0xb66 <.L38>

00000b64 <.Loc.100>:
    {
     Ptr[Exti_Interrupt0]();
     b64:	09 95       	icall

00000b66 <.L38>:
    }
}
     b66:	ff 91       	pop	r31
     b68:	ef 91       	pop	r30
     b6a:	bf 91       	pop	r27
     b6c:	af 91       	pop	r26
     b6e:	9f 91       	pop	r25
     b70:	8f 91       	pop	r24
     b72:	7f 91       	pop	r23
     b74:	6f 91       	pop	r22
     b76:	5f 91       	pop	r21
     b78:	4f 91       	pop	r20
     b7a:	3f 91       	pop	r19
     b7c:	2f 91       	pop	r18
     b7e:	0f 90       	pop	r0
     b80:	0f be       	out	0x3f, r0	; 63
     b82:	0f 90       	pop	r0
     b84:	1f 90       	pop	r1
     b86:	18 95       	reti

00000b88 <__vector_2>:

void __vector_2(void) __attribute__((signal));
void __vector_2(void)
{
     b88:	1f 92       	push	r1
     b8a:	0f 92       	push	r0
     b8c:	0f b6       	in	r0, 0x3f	; 63
     b8e:	0f 92       	push	r0
     b90:	11 24       	eor	r1, r1
     b92:	2f 93       	push	r18
     b94:	3f 93       	push	r19
     b96:	4f 93       	push	r20
     b98:	5f 93       	push	r21
     b9a:	6f 93       	push	r22
     b9c:	7f 93       	push	r23
     b9e:	8f 93       	push	r24
     ba0:	9f 93       	push	r25
     ba2:	af 93       	push	r26
     ba4:	bf 93       	push	r27
     ba6:	ef 93       	push	r30
     ba8:	ff 93       	push	r31

00000baa <.Loc.103>:
    if (Ptr[Exti_Interrupt1]!=Null)
     baa:	e0 91 8c 00 	lds	r30, 0x008C	; 0x80008c <Ptr+0x2>
     bae:	f0 91 8d 00 	lds	r31, 0x008D	; 0x80008d <Ptr+0x3>

00000bb2 <.Loc.105>:
     bb2:	30 97       	sbiw	r30, 0x00	; 0
     bb4:	09 f0       	breq	.+2      	; 0xbb8 <.L40>

00000bb6 <.Loc.106>:
    {
     Ptr[Exti_Interrupt1]();
     bb6:	09 95       	icall

00000bb8 <.L40>:
    }
}
     bb8:	ff 91       	pop	r31
     bba:	ef 91       	pop	r30
     bbc:	bf 91       	pop	r27
     bbe:	af 91       	pop	r26
     bc0:	9f 91       	pop	r25
     bc2:	8f 91       	pop	r24
     bc4:	7f 91       	pop	r23
     bc6:	6f 91       	pop	r22
     bc8:	5f 91       	pop	r21
     bca:	4f 91       	pop	r20
     bcc:	3f 91       	pop	r19
     bce:	2f 91       	pop	r18
     bd0:	0f 90       	pop	r0
     bd2:	0f be       	out	0x3f, r0	; 63
     bd4:	0f 90       	pop	r0
     bd6:	1f 90       	pop	r1
     bd8:	18 95       	reti

00000bda <__vector_3>:

void __vector_3(void) __attribute__((signal));
void __vector_3(void)
{
     bda:	1f 92       	push	r1
     bdc:	0f 92       	push	r0
     bde:	0f b6       	in	r0, 0x3f	; 63
     be0:	0f 92       	push	r0
     be2:	11 24       	eor	r1, r1
     be4:	2f 93       	push	r18
     be6:	3f 93       	push	r19
     be8:	4f 93       	push	r20
     bea:	5f 93       	push	r21
     bec:	6f 93       	push	r22
     bee:	7f 93       	push	r23
     bf0:	8f 93       	push	r24
     bf2:	9f 93       	push	r25
     bf4:	af 93       	push	r26
     bf6:	bf 93       	push	r27
     bf8:	ef 93       	push	r30
     bfa:	ff 93       	push	r31

00000bfc <.Loc.109>:
    if (Ptr[Exti_Interrupt2]!=Null)
     bfc:	e0 91 8e 00 	lds	r30, 0x008E	; 0x80008e <Ptr+0x4>
     c00:	f0 91 8f 00 	lds	r31, 0x008F	; 0x80008f <Ptr+0x5>

00000c04 <.Loc.111>:
     c04:	30 97       	sbiw	r30, 0x00	; 0
     c06:	09 f0       	breq	.+2      	; 0xc0a <.L42>

00000c08 <.Loc.112>:
    {
     Ptr[Exti_Interrupt2]();
     c08:	09 95       	icall

00000c0a <.L42>:
    }
}
     c0a:	ff 91       	pop	r31
     c0c:	ef 91       	pop	r30
     c0e:	bf 91       	pop	r27
     c10:	af 91       	pop	r26
     c12:	9f 91       	pop	r25
     c14:	8f 91       	pop	r24
     c16:	7f 91       	pop	r23
     c18:	6f 91       	pop	r22
     c1a:	5f 91       	pop	r21
     c1c:	4f 91       	pop	r20
     c1e:	3f 91       	pop	r19
     c20:	2f 91       	pop	r18
     c22:	0f 90       	pop	r0
     c24:	0f be       	out	0x3f, r0	; 63
     c26:	0f 90       	pop	r0
     c28:	1f 90       	pop	r1
     c2a:	18 95       	reti

00000c2c <GIE_Enable>:
#include "../Atmega32regmap.h"


void GIE_Enable()
{
    SET_BIT(SREG,I_Bit);
     c2c:	8f b7       	in	r24, 0x3f	; 63
     c2e:	80 68       	ori	r24, 0x80	; 128
     c30:	8f bf       	out	0x3f, r24	; 63

00000c32 <.Loc.2>:
}
     c32:	08 95       	ret

00000c34 <GIE_Disable>:
void GIE_Disable()
{
    CLEAR_BIT(SREG,I_Bit);
     c34:	8f b7       	in	r24, 0x3f	; 63
     c36:	8f 77       	andi	r24, 0x7F	; 127
     c38:	8f bf       	out	0x3f, r24	; 63

00000c3a <.Loc.5>:
     c3a:	08 95       	ret

00000c3c <TIMER0_Init>:
static void (*Timer0_CTCCallBack)(void)=Null;



void TIMER0_Init(Timer0_Config_t Config)
{
     c3c:	cf 93       	push	r28
     c3e:	df 93       	push	r29
     c40:	00 d0       	rcall	.+0      	; 0xc42 <L0^A>

00000c42 <L0^A>:
     c42:	00 d0       	rcall	.+0      	; 0xc44 <L0^A>

00000c44 <L0^A>:
     c44:	0f 92       	push	r0
     c46:	cd b7       	in	r28, 0x3d	; 61
     c48:	de b7       	in	r29, 0x3e	; 62
     c4a:	49 83       	std	Y+1, r20	; 0x01
     c4c:	5a 83       	std	Y+2, r21	; 0x02
     c4e:	6b 83       	std	Y+3, r22	; 0x03
     c50:	7c 83       	std	Y+4, r23	; 0x04
     c52:	8d 83       	std	Y+5, r24	; 0x05

00000c54 <.Loc.1>:
    TCCR0 = ClearRegister ; 
     c54:	13 be       	out	0x33, r1	; 51

00000c56 <.Loc.3>:
    if(Config.TimerMode==Timer0_NormalMode)
     c56:	89 81       	ldd	r24, Y+1	; 0x01

00000c58 <.Loc.5>:
     c58:	81 30       	cpi	r24, 0x01	; 1
     c5a:	98 f4       	brcc	.+38     	; 0xc82 <.L2>

00000c5c <.Loc.6>:
    {
        // Select the Normal Mode from TCCR0 
        CLEAR_BIT(TCCR0,Timer0_WGM00);
     c5c:	83 b7       	in	r24, 0x33	; 51
     c5e:	8f 7b       	andi	r24, 0xBF	; 191
     c60:	83 bf       	out	0x33, r24	; 51

00000c62 <.Loc.7>:
         CLEAR_BIT(TCCR0,Timer0_WGM01);
     c62:	83 b7       	in	r24, 0x33	; 51
     c64:	87 7f       	andi	r24, 0xF7	; 247
     c66:	83 bf       	out	0x33, r24	; 51

00000c68 <.Loc.8>:
        //Update the Preload value 
        TCNT0=Config.PreloadValue;
     c68:	8a 81       	ldd	r24, Y+2	; 0x02

00000c6a <.Loc.10>:
     c6a:	82 bf       	out	0x32, r24	; 50

00000c6c <.Loc.11>:
        // Enable the Interrupt for OverFlow 
        SET_BIT(TIMSK,Timer0_TOIE0);
     c6c:	89 b7       	in	r24, 0x39	; 57
     c6e:	81 60       	ori	r24, 0x01	; 1
     c70:	89 bf       	out	0x39, r24	; 57

00000c72 <.L1>:
            StaticPWMOutputMode = Timer0_OC0Inverting ;
        }
        OCR0 = ClearRegister;
    }

}
     c72:	0f 90       	pop	r0
     c74:	0f 90       	pop	r0
     c76:	0f 90       	pop	r0
     c78:	0f 90       	pop	r0
     c7a:	0f 90       	pop	r0
     c7c:	df 91       	pop	r29
     c7e:	cf 91       	pop	r28
     c80:	08 95       	ret

00000c82 <.L2>:
    else if (Config.TimerMode==Timer0_CTCMode)
     c82:	89 f0       	breq	.+34     	; 0xca6 <.L10>

00000c84 <.Loc.15>:
    else if (Config.TimerMode==Timer0_FastPWM)
     c84:	82 30       	cpi	r24, 0x02	; 2
     c86:	d9 f0       	breq	.+54     	; 0xcbe <.L11>

00000c88 <.Loc.17>:
    else if (Config.TimerMode==Timer0_PhaseCorrectPWM)
     c88:	83 30       	cpi	r24, 0x03	; 3
     c8a:	99 f7       	brne	.-26     	; 0xc72 <.L1>

00000c8c <.Loc.19>:
        SET_BIT(TCCR0,Timer0_WGM00);
     c8c:	83 b7       	in	r24, 0x33	; 51
     c8e:	80 64       	ori	r24, 0x40	; 64
     c90:	83 bf       	out	0x33, r24	; 51

00000c92 <.Loc.20>:
         CLEAR_BIT(TCCR0,Timer0_WGM01);
     c92:	83 b7       	in	r24, 0x33	; 51
     c94:	87 7f       	andi	r24, 0xF7	; 247
     c96:	83 bf       	out	0x33, r24	; 51

00000c98 <.Loc.21>:
        if(Config.PWMOutputMode==Timer0_OC0NinInverting)
     c98:	8c 81       	ldd	r24, Y+4	; 0x04

00000c9a <.Loc.23>:
     c9a:	81 30       	cpi	r24, 0x01	; 1
     c9c:	89 f1       	breq	.+98     	; 0xd00 <.L12>

00000c9e <.Loc.24>:
        else if(Config.PWMOutputMode==Timer0_OC0Inverting)
     c9e:	82 30       	cpi	r24, 0x02	; 2
     ca0:	c9 f1       	breq	.+114    	; 0xd14 <.L13>

00000ca2 <.L9>:
        OCR0 = ClearRegister;
     ca2:	1c ba       	out	0x1c, r1	; 28

00000ca4 <.Loc.28>:
}
     ca4:	e6 cf       	rjmp	.-52     	; 0xc72 <.L1>

00000ca6 <.L10>:
         CLEAR_BIT(TCCR0,Timer0_WGM00);
     ca6:	83 b7       	in	r24, 0x33	; 51
     ca8:	8f 7b       	andi	r24, 0xBF	; 191
     caa:	83 bf       	out	0x33, r24	; 51

00000cac <.Loc.30>:
        SET_BIT(TCCR0,Timer0_WGM01);
     cac:	83 b7       	in	r24, 0x33	; 51
     cae:	88 60       	ori	r24, 0x08	; 8
     cb0:	83 bf       	out	0x33, r24	; 51

00000cb2 <.Loc.31>:
        OCR0=Config.CompareMatchValue;
     cb2:	8b 81       	ldd	r24, Y+3	; 0x03

00000cb4 <.Loc.33>:
     cb4:	8c bb       	out	0x1c, r24	; 28

00000cb6 <.Loc.34>:
        SET_BIT(TIMSK,Timer0_OCIE0);
     cb6:	89 b7       	in	r24, 0x39	; 57
     cb8:	82 60       	ori	r24, 0x02	; 2
     cba:	89 bf       	out	0x39, r24	; 57
     cbc:	da cf       	rjmp	.-76     	; 0xc72 <.L1>

00000cbe <.L11>:
        SET_BIT(TCCR0,Timer0_WGM00);
     cbe:	83 b7       	in	r24, 0x33	; 51
     cc0:	80 64       	ori	r24, 0x40	; 64
     cc2:	83 bf       	out	0x33, r24	; 51

00000cc4 <.Loc.36>:
        SET_BIT(TCCR0,Timer0_WGM01);
     cc4:	83 b7       	in	r24, 0x33	; 51
     cc6:	88 60       	ori	r24, 0x08	; 8
     cc8:	83 bf       	out	0x33, r24	; 51

00000cca <.Loc.37>:
        if(Config.PWMOutputMode==Timer0_OC0NinInverting)
     cca:	8c 81       	ldd	r24, Y+4	; 0x04

00000ccc <.Loc.39>:
     ccc:	81 30       	cpi	r24, 0x01	; 1
     cce:	21 f0       	breq	.+8      	; 0xcd8 <.L14>

00000cd0 <.Loc.40>:
        else if (Config.PWMOutputMode==Timer0_OC0Inverting)
     cd0:	82 30       	cpi	r24, 0x02	; 2
     cd2:	61 f0       	breq	.+24     	; 0xcec <.L15>

00000cd4 <.L7>:
         OCR0 = ClearRegister ; 
     cd4:	1c ba       	out	0x1c, r1	; 28
     cd6:	cd cf       	rjmp	.-102    	; 0xc72 <.L1>

00000cd8 <.L14>:
             CLEAR_BIT(TCCR0,Timer0_COM00);
     cd8:	83 b7       	in	r24, 0x33	; 51
     cda:	8f 7e       	andi	r24, 0xEF	; 239
     cdc:	83 bf       	out	0x33, r24	; 51

00000cde <.Loc.45>:
            SET_BIT(TCCR0,Timer0_COM01);
     cde:	83 b7       	in	r24, 0x33	; 51
     ce0:	80 62       	ori	r24, 0x20	; 32
     ce2:	83 bf       	out	0x33, r24	; 51

00000ce4 <.Loc.46>:
            StaticPWMOutputMode = Timer0_OC0NinInverting ;
     ce4:	81 e0       	ldi	r24, 0x01	; 1
     ce6:	80 93 94 00 	sts	0x0094, r24	; 0x800094 <StaticPWMOutputMode>
     cea:	f4 cf       	rjmp	.-24     	; 0xcd4 <.L7>

00000cec <.L15>:
            SET_BIT(TCCR0,Timer0_COM00);
     cec:	83 b7       	in	r24, 0x33	; 51
     cee:	80 61       	ori	r24, 0x10	; 16
     cf0:	83 bf       	out	0x33, r24	; 51

00000cf2 <.Loc.49>:
            SET_BIT(TCCR0,Timer0_COM01);
     cf2:	83 b7       	in	r24, 0x33	; 51
     cf4:	80 62       	ori	r24, 0x20	; 32
     cf6:	83 bf       	out	0x33, r24	; 51

00000cf8 <.Loc.50>:
            StaticPWMOutputMode = Timer0_OC0Inverting ;
     cf8:	82 e0       	ldi	r24, 0x02	; 2
     cfa:	80 93 94 00 	sts	0x0094, r24	; 0x800094 <StaticPWMOutputMode>
     cfe:	ea cf       	rjmp	.-44     	; 0xcd4 <.L7>

00000d00 <.L12>:
             CLEAR_BIT(TCCR0,Timer0_COM00);
     d00:	83 b7       	in	r24, 0x33	; 51
     d02:	8f 7e       	andi	r24, 0xEF	; 239
     d04:	83 bf       	out	0x33, r24	; 51

00000d06 <.Loc.53>:
            SET_BIT(TCCR0,Timer0_COM01);
     d06:	83 b7       	in	r24, 0x33	; 51
     d08:	80 62       	ori	r24, 0x20	; 32
     d0a:	83 bf       	out	0x33, r24	; 51

00000d0c <.Loc.54>:
            StaticPWMOutputMode = Timer0_OC0NinInverting ;
     d0c:	81 e0       	ldi	r24, 0x01	; 1
     d0e:	80 93 94 00 	sts	0x0094, r24	; 0x800094 <StaticPWMOutputMode>
     d12:	c7 cf       	rjmp	.-114    	; 0xca2 <.L9>

00000d14 <.L13>:
            SET_BIT(TCCR0,Timer0_COM00);
     d14:	83 b7       	in	r24, 0x33	; 51
     d16:	80 61       	ori	r24, 0x10	; 16
     d18:	83 bf       	out	0x33, r24	; 51

00000d1a <.Loc.57>:
            SET_BIT(TCCR0,Timer0_COM01);
     d1a:	83 b7       	in	r24, 0x33	; 51
     d1c:	80 62       	ori	r24, 0x20	; 32
     d1e:	83 bf       	out	0x33, r24	; 51

00000d20 <.Loc.58>:
            StaticPWMOutputMode = Timer0_OC0Inverting ;
     d20:	82 e0       	ldi	r24, 0x02	; 2
     d22:	80 93 94 00 	sts	0x0094, r24	; 0x800094 <StaticPWMOutputMode>
     d26:	bd cf       	rjmp	.-134    	; 0xca2 <.L9>

00000d28 <TIMER0_Start>:

void TIMER0_Start(uint8_t ClockSelectValue)
{
    if (ClockSelectValue!=Timer0_Disable)
     d28:	81 15       	cp	r24, r1
     d2a:	21 f0       	breq	.+8      	; 0xd34 <.L16>

00000d2c <.Loc.63>:
    {
      TCCR0 = (TCCR0 &~ClockSelectMask)|ClockSelectValue;
     d2c:	93 b7       	in	r25, 0x33	; 51
     d2e:	98 7f       	andi	r25, 0xF8	; 248
     d30:	89 2b       	or	r24, r25

00000d32 <.Loc.65>:
     d32:	83 bf       	out	0x33, r24	; 51

00000d34 <.L16>:
    }
}
     d34:	08 95       	ret

00000d36 <TIMER0_Stop>:
void TIMER0_Stop(void)
{   
    TCCR0 = (TCCR0 &~ClockSelectMask)|Timer0_Disable;
     d36:	83 b7       	in	r24, 0x33	; 51
     d38:	88 7f       	andi	r24, 0xF8	; 248

00000d3a <.Loc.70>:
     d3a:	83 bf       	out	0x33, r24	; 51

00000d3c <.Loc.71>:
}
     d3c:	08 95       	ret

00000d3e <TIMER0_SetPreload>:

void TIMER0_SetPreload(uint8_t PreloadValue)
{
    TCNT0=PreloadValue;
     d3e:	82 bf       	out	0x32, r24	; 50

00000d40 <.Loc.75>:
}
     d40:	08 95       	ret

00000d42 <TIMER0_SetCompare>:
void TIMER0_SetCompare(uint8_t CompareValue)
{
    OCR0=CompareValue;
     d42:	8c bb       	out	0x1c, r24	; 28

00000d44 <.Loc.79>:
}
     d44:	08 95       	ret

00000d46 <TIMER0_SetCallBackFunction>:

void TIMER0_SetCallBackFunction(uint8_t TimerInterruptType, void (*PF)(void))
{
     d46:	26 2f       	mov	r18, r22
     d48:	37 2f       	mov	r19, r23

00000d4a <.Loc.82>:
    if(TimerInterruptType==Timer0_OverFlowInterrupt)
     d4a:	81 30       	cpi	r24, 0x01	; 1
     d4c:	40 f4       	brcc	.+16     	; 0xd5e <.L22>

00000d4e <.Loc.84>:
    {
      if(PF!=Null)
     d4e:	21 15       	cp	r18, r1
     d50:	31 05       	cpc	r19, r1
     d52:	31 f0       	breq	.+12     	; 0xd60 <.L21>

00000d54 <.Loc.86>:
      {
        Timer0_OVFCallBack=PF;
     d54:	30 93 93 00 	sts	0x0093, r19	; 0x800093 <Timer0_OVFCallBack+0x1>
     d58:	20 93 92 00 	sts	0x0092, r18	; 0x800092 <Timer0_OVFCallBack>
     d5c:	08 95       	ret

00000d5e <.L22>:
      }  
    }
    else if (TimerInterruptType==Timer0_CompareMatchInterrupt)
     d5e:	09 f0       	breq	.+2      	; 0xd62 <.L24>

00000d60 <.L21>:
        if(PF!=Null)
        {
            Timer0_CTCCallBack=PF;
        }
    }
}
     d60:	08 95       	ret

00000d62 <.L24>:
        if(PF!=Null)
     d62:	21 15       	cp	r18, r1
     d64:	31 05       	cpc	r19, r1
     d66:	e1 f3       	breq	.-8      	; 0xd60 <.L21>

00000d68 <.Loc.93>:
            Timer0_CTCCallBack=PF;
     d68:	30 93 91 00 	sts	0x0091, r19	; 0x800091 <Timer0_CTCCallBack+0x1>
     d6c:	20 93 90 00 	sts	0x0090, r18	; 0x800090 <Timer0_CTCCallBack>

00000d70 <.Loc.95>:
}
     d70:	08 95       	ret

00000d72 <TIMER0_SetPWMDutyCycle>:


void TIMER0_SetPWMDutyCycle(uint8_t DutyCyclePercentage )
{
   if(DutyCyclePercentage<=Timer0_MaxDutyCycle)
     d72:	85 36       	cpi	r24, 0x65	; 101
     d74:	40 f4       	brcc	.+16     	; 0xd86 <.L25>

00000d76 <.Loc.100>:
{
uint8_t LocalCompareValue=0;

if(StaticPWMOutputMode==Timer0_OC0NinInverting)
     d76:	90 91 94 00 	lds	r25, 0x0094	; 0x800094 <StaticPWMOutputMode>

00000d7a <.Loc.102>:
     d7a:	91 30       	cpi	r25, 0x01	; 1
     d7c:	29 f0       	breq	.+10     	; 0xd88 <.L30>

00000d7e <.Loc.103>:
{
LocalCompareValue=(uint8_t)(((uint32_t)DutyCyclePercentage*Timer0_MaxPWM)/Timer0_MaxDutyCycle) ;
}

else if(StaticPWMOutputMode==Timer0_OC0Inverting)
     d7e:	92 30       	cpi	r25, 0x02	; 2
     d80:	81 f0       	breq	.+32     	; 0xda2 <.L31>

00000d82 <.Loc.105>:
uint8_t LocalCompareValue=0;
     d82:	20 e0       	ldi	r18, 0x00	; 0

00000d84 <.L28>:
{
LocalCompareValue = Timer0_MaxPWM - (uint8_t)((Timer0_MaxPWM*(uint32_t)DutyCyclePercentage)/Timer0_MaxDutyCycle) ; 
}
OCR0 = LocalCompareValue ;
     d84:	2c bb       	out	0x1c, r18	; 28

00000d86 <.L25>:
    }
}
     d86:	08 95       	ret

00000d88 <.L30>:
LocalCompareValue=(uint8_t)(((uint32_t)DutyCyclePercentage*Timer0_MaxPWM)/Timer0_MaxDutyCycle) ;
     d88:	28 2f       	mov	r18, r24
     d8a:	30 e0       	ldi	r19, 0x00	; 0
     d8c:	af ef       	ldi	r26, 0xFF	; 255
     d8e:	b0 e0       	ldi	r27, 0x00	; 0
     d90:	0e 94 83 09 	call	0x1306	; 0x1306 <__umulhisi3>

00000d94 <.Loc.112>:
     d94:	24 e6       	ldi	r18, 0x64	; 100
     d96:	30 e0       	ldi	r19, 0x00	; 0
     d98:	40 e0       	ldi	r20, 0x00	; 0
     d9a:	50 e0       	ldi	r21, 0x00	; 0
     d9c:	0e 94 92 09 	call	0x1324	; 0x1324 <__udivmodsi4>

00000da0 <.Loc.113>:
     da0:	f1 cf       	rjmp	.-30     	; 0xd84 <.L28>

00000da2 <.L31>:
LocalCompareValue = Timer0_MaxPWM - (uint8_t)((Timer0_MaxPWM*(uint32_t)DutyCyclePercentage)/Timer0_MaxDutyCycle) ; 
     da2:	28 2f       	mov	r18, r24
     da4:	30 e0       	ldi	r19, 0x00	; 0
     da6:	af ef       	ldi	r26, 0xFF	; 255
     da8:	b0 e0       	ldi	r27, 0x00	; 0
     daa:	0e 94 83 09 	call	0x1306	; 0x1306 <__umulhisi3>

00000dae <.Loc.116>:
     dae:	24 e6       	ldi	r18, 0x64	; 100
     db0:	30 e0       	ldi	r19, 0x00	; 0
     db2:	40 e0       	ldi	r20, 0x00	; 0
     db4:	50 e0       	ldi	r21, 0x00	; 0
     db6:	0e 94 92 09 	call	0x1324	; 0x1324 <__udivmodsi4>

00000dba <.Loc.117>:
     dba:	20 95       	com	r18

00000dbc <.Loc.118>:
     dbc:	e3 cf       	rjmp	.-58     	; 0xd84 <.L28>

00000dbe <__vector_10>:

//Compare Match 
void __vector_10(void)   __attribute__((signal));
void __vector_10(void)
{
     dbe:	1f 92       	push	r1
     dc0:	0f 92       	push	r0
     dc2:	0f b6       	in	r0, 0x3f	; 63
     dc4:	0f 92       	push	r0
     dc6:	11 24       	eor	r1, r1
     dc8:	2f 93       	push	r18
     dca:	3f 93       	push	r19
     dcc:	4f 93       	push	r20
     dce:	5f 93       	push	r21
     dd0:	6f 93       	push	r22
     dd2:	7f 93       	push	r23
     dd4:	8f 93       	push	r24
     dd6:	9f 93       	push	r25
     dd8:	af 93       	push	r26
     dda:	bf 93       	push	r27
     ddc:	ef 93       	push	r30
     dde:	ff 93       	push	r31

00000de0 <.Loc.120>:
    Timer0_CTCCallBack();
     de0:	e0 91 90 00 	lds	r30, 0x0090	; 0x800090 <Timer0_CTCCallBack>
     de4:	f0 91 91 00 	lds	r31, 0x0091	; 0x800091 <Timer0_CTCCallBack+0x1>
     de8:	09 95       	icall

00000dea <.Loc.121>:
}
     dea:	ff 91       	pop	r31
     dec:	ef 91       	pop	r30
     dee:	bf 91       	pop	r27
     df0:	af 91       	pop	r26
     df2:	9f 91       	pop	r25
     df4:	8f 91       	pop	r24
     df6:	7f 91       	pop	r23
     df8:	6f 91       	pop	r22
     dfa:	5f 91       	pop	r21
     dfc:	4f 91       	pop	r20
     dfe:	3f 91       	pop	r19
     e00:	2f 91       	pop	r18
     e02:	0f 90       	pop	r0
     e04:	0f be       	out	0x3f, r0	; 63
     e06:	0f 90       	pop	r0
     e08:	1f 90       	pop	r1
     e0a:	18 95       	reti

00000e0c <__vector_11>:
//OverFlow 
void __vector_11(void)   __attribute__((signal));
void __vector_11(void)
{
     e0c:	1f 92       	push	r1
     e0e:	0f 92       	push	r0
     e10:	0f b6       	in	r0, 0x3f	; 63
     e12:	0f 92       	push	r0
     e14:	11 24       	eor	r1, r1
     e16:	2f 93       	push	r18
     e18:	3f 93       	push	r19
     e1a:	4f 93       	push	r20
     e1c:	5f 93       	push	r21
     e1e:	6f 93       	push	r22
     e20:	7f 93       	push	r23
     e22:	8f 93       	push	r24
     e24:	9f 93       	push	r25
     e26:	af 93       	push	r26
     e28:	bf 93       	push	r27
     e2a:	ef 93       	push	r30
     e2c:	ff 93       	push	r31

00000e2e <.Loc.123>:
    Timer0_OVFCallBack();
     e2e:	e0 91 92 00 	lds	r30, 0x0092	; 0x800092 <Timer0_OVFCallBack>
     e32:	f0 91 93 00 	lds	r31, 0x0093	; 0x800093 <Timer0_OVFCallBack+0x1>
     e36:	09 95       	icall

00000e38 <.Loc.124>:
}
     e38:	ff 91       	pop	r31
     e3a:	ef 91       	pop	r30
     e3c:	bf 91       	pop	r27
     e3e:	af 91       	pop	r26
     e40:	9f 91       	pop	r25
     e42:	8f 91       	pop	r24
     e44:	7f 91       	pop	r23
     e46:	6f 91       	pop	r22
     e48:	5f 91       	pop	r21
     e4a:	4f 91       	pop	r20
     e4c:	3f 91       	pop	r19
     e4e:	2f 91       	pop	r18
     e50:	0f 90       	pop	r0
     e52:	0f be       	out	0x3f, r0	; 63
     e54:	0f 90       	pop	r0
     e56:	1f 90       	pop	r1
     e58:	18 95       	reti

00000e5a <UART_SendBytePolling>:
    }
}

/* Polling (Blocking)API*/
void UART_SendBytePolling(uint16_t Data)
{    // 0 1 1 1 1 0 0 1 0 
     e5a:	28 2f       	mov	r18, r24
     e5c:	39 2f       	mov	r19, r25

00000e5e <.L2>:
     // 1 1 1 1 1 0 0 1 0 
    // 1- Make Sure the Regiser is Empty 
    while(ReadFlag(UCSRA,Uart_UDRE)==FlagDown);
     e5e:	5d 9b       	sbis	0x0b, 5	; 11
     e60:	fe cf       	rjmp	.-4      	; 0xe5e <.L2>

00000e62 <.Loc.4>:
    // 2- Check on size 
    if(GlobaleUart_Config.SizeCharacterSelect==9)
     e62:	80 91 9a 00 	lds	r24, 0x009A	; 0x80009a <GlobaleUart_Config+0x3>

00000e66 <.Loc.6>:
     e66:	89 30       	cpi	r24, 0x09	; 9
     e68:	11 f0       	breq	.+4      	; 0xe6e <.L4>

00000e6a <.L3>:
        {
            SET_BIT(UCSRB,Uart_TXB8);
        }
    }
    // 3- Update the UDR 
    UDR=(uint8_t)Data;
     e6a:	2c b9       	out	0x0c, r18	; 12

00000e6c <.Loc.9>:
}
     e6c:	08 95       	ret

00000e6e <.L4>:
        CLEAR_BIT(UCSRB,Uart_TXB8);
     e6e:	8a b1       	in	r24, 0x0a	; 10
     e70:	8e 7f       	andi	r24, 0xFE	; 254
     e72:	8a b9       	out	0x0a, r24	; 10

00000e74 <.Loc.11>:
        if(READ_BIT(Data,8)==1)
     e74:	30 ff       	sbrs	r19, 0
     e76:	f9 cf       	rjmp	.-14     	; 0xe6a <.L3>

00000e78 <.Loc.13>:
            SET_BIT(UCSRB,Uart_TXB8);
     e78:	8a b1       	in	r24, 0x0a	; 10
     e7a:	81 60       	ori	r24, 0x01	; 1
     e7c:	8a b9       	out	0x0a, r24	; 10
     e7e:	f5 cf       	rjmp	.-22     	; 0xe6a <.L3>

00000e80 <UART_ReceiveBytePolling>:
uint16_t UART_ReceiveBytePolling()
{
    uint16_t LocalData = 0;
    while(ReadFlag(UCSRA,Uart_RXC)==FlagDown);
     e80:	5f 9b       	sbis	0x0b, 7	; 11
     e82:	fe cf       	rjmp	.-4      	; 0xe80 <UART_ReceiveBytePolling>

00000e84 <.Loc.16>:
    if(GlobaleUart_Config.SizeCharacterSelect==9)
     e84:	80 91 9a 00 	lds	r24, 0x009A	; 0x80009a <GlobaleUart_Config+0x3>

00000e88 <.Loc.18>:
     e88:	89 30       	cpi	r24, 0x09	; 9
     e8a:	21 f0       	breq	.+8      	; 0xe94 <.L8>

00000e8c <.L7>:
        if(READ_BIT(UCSRB,Uart_RXB8)==1)
        {
            SET_BIT(LocalData,Uart_RXB8);
        }
    }
    LocalData|=UDR;
     e8c:	8c b1       	in	r24, 0x0c	; 12

00000e8e <.Loc.21>:
    return UDR;
     e8e:	8c b1       	in	r24, 0x0c	; 12

00000e90 <.Loc.23>:
}
     e90:	90 e0       	ldi	r25, 0x00	; 0
     e92:	08 95       	ret

00000e94 <.L8>:
        if(READ_BIT(UCSRB,Uart_RXB8)==1)
     e94:	8a b1       	in	r24, 0x0a	; 10

00000e96 <.Loc.26>:
            SET_BIT(LocalData,Uart_RXB8);
     e96:	fa cf       	rjmp	.-12     	; 0xe8c <.L7>

00000e98 <UART_SendStringPolling>:
void UART_SendStringPolling(uint8_t* String)
{
     e98:	0f 93       	push	r16
     e9a:	1f 93       	push	r17
     e9c:	cf 93       	push	r28
     e9e:	08 2f       	mov	r16, r24
     ea0:	19 2f       	mov	r17, r25

00000ea2 <.Loc.29>:
    uint8_t LocalCount = 0;
     ea2:	c0 e0       	ldi	r28, 0x00	; 0

00000ea4 <.Loc.32>:
    while(String[LocalCount] != '\0')
     ea4:	04 c0       	rjmp	.+8      	; 0xeae <.L10>

00000ea6 <.L11>:
    {
        UART_SendBytePolling(String[LocalCount]);
     ea6:	90 e0       	ldi	r25, 0x00	; 0
     ea8:	0e 94 2d 07 	call	0xe5a	; 0xe5a <UART_SendBytePolling>

00000eac <.LVL5>:
        LocalCount++;
     eac:	cf 5f       	subi	r28, 0xFF	; 255

00000eae <.L10>:
    while(String[LocalCount] != '\0')
     eae:	f8 01       	movw	r30, r16
     eb0:	ec 0f       	add	r30, r28
     eb2:	f1 1d       	adc	r31, r1
     eb4:	80 81       	ld	r24, Z

00000eb6 <.Loc.38>:
     eb6:	81 11       	cpse	r24, r1
     eb8:	f6 cf       	rjmp	.-20     	; 0xea6 <.L11>

00000eba <.Loc.39>:
    }
}
     eba:	cf 91       	pop	r28

00000ebc <.Loc.40>:
     ebc:	1f 91       	pop	r17
     ebe:	0f 91       	pop	r16
     ec0:	08 95       	ret

00000ec2 <UART_ReceiveStringPolling>:
void UART_ReceiveStringPolling(uint8_t* Buffer, uint8_t Terminator)
{
     ec2:	0f 93       	push	r16
     ec4:	1f 93       	push	r17
     ec6:	cf 93       	push	r28
     ec8:	df 93       	push	r29
     eca:	08 2f       	mov	r16, r24
     ecc:	19 2f       	mov	r17, r25
     ece:	d6 2f       	mov	r29, r22

00000ed0 <.Loc.43>:
    uint8_t LocalCount = 0;
    if(Buffer!=Null)
     ed0:	01 15       	cp	r16, r1
     ed2:	11 05       	cpc	r17, r1
     ed4:	a1 f0       	breq	.+40     	; 0xefe <.L12>

00000ed6 <.Loc.46>:
    {
        Buffer[LocalCount] = (uint8_t)UART_ReceiveBytePolling();
     ed6:	0e 94 40 07 	call	0xe80	; 0xe80 <UART_ReceiveBytePolling>

00000eda <.LVL10>:
     eda:	f8 01       	movw	r30, r16
     edc:	80 83       	st	Z, r24

00000ede <.Loc.49>:
    uint8_t LocalCount = 0;
     ede:	c0 e0       	ldi	r28, 0x00	; 0

00000ee0 <.Loc.51>:
        while(Buffer[LocalCount] != Terminator)
     ee0:	07 c0       	rjmp	.+14     	; 0xef0 <.L14>

00000ee2 <.L15>:
        {
            LocalCount++;
     ee2:	cf 5f       	subi	r28, 0xFF	; 255

00000ee4 <.Loc.54>:
            Buffer[LocalCount] = (uint8_t)UART_ReceiveBytePolling();
     ee4:	0e 94 40 07 	call	0xe80	; 0xe80 <UART_ReceiveBytePolling>

00000ee8 <.LVL13>:
     ee8:	f8 01       	movw	r30, r16
     eea:	ec 0f       	add	r30, r28
     eec:	f1 1d       	adc	r31, r1

00000eee <.Loc.57>:
     eee:	80 83       	st	Z, r24

00000ef0 <.L14>:
        while(Buffer[LocalCount] != Terminator)
     ef0:	f8 01       	movw	r30, r16
     ef2:	ec 0f       	add	r30, r28
     ef4:	f1 1d       	adc	r31, r1
     ef6:	80 81       	ld	r24, Z

00000ef8 <.Loc.60>:
     ef8:	8d 13       	cpse	r24, r29
     efa:	f3 cf       	rjmp	.-26     	; 0xee2 <.L15>

00000efc <.Loc.61>:
        }
        Buffer[LocalCount] = '\0';
     efc:	10 82       	st	Z, r1

00000efe <.L12>:
    }

}
     efe:	df 91       	pop	r29

00000f00 <.Loc.64>:
     f00:	cf 91       	pop	r28
     f02:	1f 91       	pop	r17
     f04:	0f 91       	pop	r16
     f06:	08 95       	ret

00000f08 <UART_SendBufferPolling>:
void UART_SendBufferPolling(uint8_t * Buffer , uint16_t Length)
{
     f08:	ef 92       	push	r14
     f0a:	ff 92       	push	r15
     f0c:	0f 93       	push	r16
     f0e:	1f 93       	push	r17
     f10:	cf 93       	push	r28
     f12:	df 93       	push	r29
     f14:	e8 2e       	mov	r14, r24
     f16:	f9 2e       	mov	r15, r25
     f18:	06 2f       	mov	r16, r22
     f1a:	17 2f       	mov	r17, r23

00000f1c <.Loc.67>:
    uint16_t LocalCount = 0;
    for(LocalCount = 0; LocalCount < Length; LocalCount++)
     f1c:	c0 e0       	ldi	r28, 0x00	; 0
     f1e:	d0 e0       	ldi	r29, 0x00	; 0

00000f20 <.Loc.70>:
     f20:	08 c0       	rjmp	.+16     	; 0xf32 <.L17>

00000f22 <.L18>:
    {
        UART_SendBytePolling(Buffer[LocalCount]);
     f22:	f7 01       	movw	r30, r14
     f24:	ec 0f       	add	r30, r28
     f26:	fd 1f       	adc	r31, r29
     f28:	80 81       	ld	r24, Z

00000f2a <.Loc.73>:
     f2a:	90 e0       	ldi	r25, 0x00	; 0
     f2c:	0e 94 2d 07 	call	0xe5a	; 0xe5a <UART_SendBytePolling>

00000f30 <.LVL20>:
    for(LocalCount = 0; LocalCount < Length; LocalCount++)
     f30:	21 96       	adiw	r28, 0x01	; 1

00000f32 <.L17>:
     f32:	c0 17       	cp	r28, r16
     f34:	d1 07       	cpc	r29, r17
     f36:	a8 f3       	brcs	.-22     	; 0xf22 <.L18>

00000f38 <.Loc.76>:
    }
}//Raw Data 
     f38:	df 91       	pop	r29
     f3a:	cf 91       	pop	r28

00000f3c <.Loc.77>:
     f3c:	1f 91       	pop	r17
     f3e:	0f 91       	pop	r16
     f40:	ff 90       	pop	r15
     f42:	ef 90       	pop	r14
     f44:	08 95       	ret

00000f46 <UART_ReceiveByteInterrupt>:
uint16_t RX_Buffer[UART_RX_BUFFER_SIZE];
uint8_t RX_front = 0;
uint8_t RX_rear = 0;

uint8_t UART_ReceiveByteInterrupt(uint16_t *Data)
{
     f46:	a8 2f       	mov	r26, r24
     f48:	b9 2f       	mov	r27, r25

00000f4a <.Loc.80>:
    // Check if the Ring Buffer is empty or not
    if (RX_front == RX_rear)
     f4a:	90 91 96 00 	lds	r25, 0x0096	; 0x800096 <RX_front>
     f4e:	80 91 95 00 	lds	r24, 0x0095	; 0x800095 <RX_rear>

00000f52 <.Loc.82>:
     f52:	98 17       	cp	r25, r24
     f54:	99 f0       	breq	.+38     	; 0xf7c <.L21>

00000f56 <.Loc.83>:
    {
        return 0;
    }

     // Read the oldest received byte & raer points to the next byte to be read.
    *Data = RX_Buffer[RX_rear];
     f56:	e8 2f       	mov	r30, r24
     f58:	f0 e0       	ldi	r31, 0x00	; 0
     f5a:	ee 0f       	add	r30, r30
     f5c:	ff 1f       	adc	r31, r31
     f5e:	e8 55       	subi	r30, 0x58	; 88
     f60:	ff 4f       	sbci	r31, 0xFF	; 255
     f62:	20 81       	ld	r18, Z
     f64:	31 81       	ldd	r19, Z+1	; 0x01

00000f66 <.Loc.85>:
     f66:	2d 93       	st	X+, r18
     f68:	3d 93       	st	X+, r19

00000f6a <.Loc.86>:

    RX_rear++;
     f6a:	8f 5f       	subi	r24, 0xFF	; 255
     f6c:	80 93 95 00 	sts	0x0095, r24	; 0x800095 <RX_rear>

00000f70 <.Loc.88>:

    if (RX_rear >= UART_RX_BUFFER_SIZE)
     f70:	80 34       	cpi	r24, 0x40	; 64
     f72:	30 f0       	brcs	.+12     	; 0xf80 <.L22>

00000f74 <.Loc.90>:
    {
        RX_rear = 0;
     f74:	10 92 95 00 	sts	0x0095, r1	; 0x800095 <RX_rear>

00000f78 <.Loc.92>:
    }

    return 1;
     f78:	81 e0       	ldi	r24, 0x01	; 1
     f7a:	08 95       	ret

00000f7c <.L21>:
        return 0;
     f7c:	80 e0       	ldi	r24, 0x00	; 0
     f7e:	08 95       	ret

00000f80 <.L22>:
    return 1;
     f80:	81 e0       	ldi	r24, 0x01	; 1

00000f82 <.Loc.95>:
}
     f82:	08 95       	ret

00000f84 <UART_EnableRX>:

/* Driver Control API */
void UART_EnableRX()
{
    //UCSRB
    SET_BIT(UCSRB,Uart_RXEN);
     f84:	8a b1       	in	r24, 0x0a	; 10
     f86:	80 61       	ori	r24, 0x10	; 16
     f88:	8a b9       	out	0x0a, r24	; 10

00000f8a <.Loc.98>:
}
     f8a:	08 95       	ret

00000f8c <UART_EnableTX>:
void UART_EnableTX()
{
    SET_BIT(UCSRB,Uart_TXEN);
     f8c:	8a b1       	in	r24, 0x0a	; 10
     f8e:	88 60       	ori	r24, 0x08	; 8
     f90:	8a b9       	out	0x0a, r24	; 10

00000f92 <.Loc.101>:
}
     f92:	08 95       	ret

00000f94 <UART_DisableRX>:
void UART_DisableRX()
{
    CLEAR_BIT(UCSRB,Uart_RXEN);
     f94:	8a b1       	in	r24, 0x0a	; 10
     f96:	8f 7e       	andi	r24, 0xEF	; 239
     f98:	8a b9       	out	0x0a, r24	; 10

00000f9a <.Loc.104>:
}
     f9a:	08 95       	ret

00000f9c <UART_DisableTX>:
void UART_DisableTX()
{
    CLEAR_BIT(UCSRB,Uart_TXEN);
     f9c:	8a b1       	in	r24, 0x0a	; 10
     f9e:	87 7f       	andi	r24, 0xF7	; 247
     fa0:	8a b9       	out	0x0a, r24	; 10

00000fa2 <.Loc.107>:
}
     fa2:	08 95       	ret

00000fa4 <UART_SendByteInterrupt>:

/*Interrupt API */
void UART_SendByteInterrupt(uint16_t Data)
{

}
     fa4:	08 95       	ret

00000fa6 <UART_EnableRXInterrupt>:
void UART_EnableRXInterrupt()
{
    // UCSRB
    SET_BIT(UCSRB,Uart_RXCIE);
     fa6:	8a b1       	in	r24, 0x0a	; 10
     fa8:	80 68       	ori	r24, 0x80	; 128
     faa:	8a b9       	out	0x0a, r24	; 10

00000fac <.Loc.112>:
}
     fac:	08 95       	ret

00000fae <UART_EnableTXInterrupt>:
void UART_EnableTXInterrupt()
{
    // UCSRB
    SET_BIT(UCSRB,Uart_TXCIE);
     fae:	8a b1       	in	r24, 0x0a	; 10
     fb0:	80 64       	ori	r24, 0x40	; 64
     fb2:	8a b9       	out	0x0a, r24	; 10

00000fb4 <.Loc.115>:
}
     fb4:	08 95       	ret

00000fb6 <UART_EnableREInterrupt>:
void UART_EnableREInterrupt()
{
    // UCSRB 
    SET_BIT(UCSRB,Uart_UDRIE); 
     fb6:	8a b1       	in	r24, 0x0a	; 10
     fb8:	80 62       	ori	r24, 0x20	; 32
     fba:	8a b9       	out	0x0a, r24	; 10

00000fbc <.Loc.118>:
}
     fbc:	08 95       	ret

00000fbe <UART_DisableRXInterrupt>:
void UART_DisableRXInterrupt()
{
    // UCSRB 
    CLEAR_BIT(UCSRB,Uart_RXCIE);
     fbe:	8a b1       	in	r24, 0x0a	; 10
     fc0:	8f 77       	andi	r24, 0x7F	; 127
     fc2:	8a b9       	out	0x0a, r24	; 10

00000fc4 <.Loc.121>:
}
     fc4:	08 95       	ret

00000fc6 <UART_DisableTXInterrupt>:
void UART_DisableTXInterrupt()
{
    // UCSRB 
      CLEAR_BIT(UCSRB,Uart_TXCIE);
     fc6:	8a b1       	in	r24, 0x0a	; 10
     fc8:	8f 7b       	andi	r24, 0xBF	; 191
     fca:	8a b9       	out	0x0a, r24	; 10

00000fcc <.Loc.124>:
}
     fcc:	08 95       	ret

00000fce <UART_DisableREInterrupt>:
void UART_DisableREInterrupt()
{
    // UCSRB 
    CLEAR_BIT(UCSRB,Uart_UDRIE);
     fce:	8a b1       	in	r24, 0x0a	; 10
     fd0:	8f 7d       	andi	r24, 0xDF	; 223
     fd2:	8a b9       	out	0x0a, r24	; 10

00000fd4 <.Loc.127>:
}
     fd4:	08 95       	ret

00000fd6 <UART_Init>:
{
     fd6:	ef 92       	push	r14
     fd8:	ff 92       	push	r15
     fda:	0f 93       	push	r16
     fdc:	1f 93       	push	r17
     fde:	cf 93       	push	r28
     fe0:	df 93       	push	r29
     fe2:	cd b7       	in	r28, 0x3d	; 61
     fe4:	de b7       	in	r29, 0x3e	; 62
     fe6:	2b 97       	sbiw	r28, 0x0b	; 11
     fe8:	0f b6       	in	r0, 0x3f	; 63
     fea:	f8 94       	cli
     fec:	de bf       	out	0x3e, r29	; 62
     fee:	0f be       	out	0x3f, r0	; 63
     ff0:	cd bf       	out	0x3d, r28	; 61
     ff2:	e9 82       	std	Y+1, r14	; 0x01
     ff4:	fa 82       	std	Y+2, r15	; 0x02
     ff6:	0b 83       	std	Y+3, r16	; 0x03
     ff8:	1c 83       	std	Y+4, r17	; 0x04
     ffa:	2d 83       	std	Y+5, r18	; 0x05
     ffc:	3e 83       	std	Y+6, r19	; 0x06
     ffe:	4f 83       	std	Y+7, r20	; 0x07
    1000:	58 87       	std	Y+8, r21	; 0x08
    1002:	69 87       	std	Y+9, r22	; 0x09
    1004:	7a 87       	std	Y+10, r23	; 0x0a
    1006:	8b 87       	std	Y+11, r24	; 0x0b

00001008 <.Loc.129>:
    GlobaleUart_Config = Uart_Config ; 
    1008:	8b e0       	ldi	r24, 0x0B	; 11
    100a:	fe 01       	movw	r30, r28
    100c:	31 96       	adiw	r30, 0x01	; 1
    100e:	a7 e9       	ldi	r26, 0x97	; 151
    1010:	b0 e0       	ldi	r27, 0x00	; 0

00001012 <.L0^B1>:
    1012:	01 90       	ld	r0, Z+
    1014:	0d 92       	st	X+, r0
    1016:	8a 95       	dec	r24
    1018:	e1 f7       	brne	.-8      	; 0x1012 <.L0^B1>

0000101a <.Loc.132>:
    if(Uart_Config.ModeSelect==Uart_AsynchronousMode)
    101a:	89 81       	ldd	r24, Y+1	; 0x01

0000101c <.Loc.135>:
    101c:	81 30       	cpi	r24, 0x01	; 1
    101e:	18 f0       	brcs	.+6      	; 0x1026 <.L59>

00001020 <.Loc.136>:
    else if (Uart_Config.ModeSelect==Uart_SynchronousMode)
    1020:	d1 f1       	breq	.+116    	; 0x1096 <.L60>

00001022 <.Loc.138>:
    SET_BIT (Local_UCSRCValue ,Uart_URSEL);
    1022:	80 e8       	ldi	r24, 0x80	; 128
    1024:	01 c0       	rjmp	.+2      	; 0x1028 <.L35>

00001026 <.L59>:
        CLEAR_BIT(Local_UCSRCValue,Uart_UMSEL);
    1026:	80 e8       	ldi	r24, 0x80	; 128

00001028 <.L35>:
    if (Uart_Config.ParitySelect==Uart_ParityEven)
    1028:	9b 81       	ldd	r25, Y+3	; 0x03

0000102a <.Loc.142>:
    102a:	91 30       	cpi	r25, 0x01	; 1
    102c:	b1 f1       	breq	.+108    	; 0x109a <.L62>

0000102e <.Loc.143>:
    else if (Uart_Config.ParitySelect==Uart_ParityOdd)
    102e:	92 30       	cpi	r25, 0x02	; 2
    1030:	b1 f1       	breq	.+108    	; 0x109e <.L63>

00001032 <.L37>:
    if(Uart_Config.StopBitSelect==Uart_1StopBit)
    1032:	9a 81       	ldd	r25, Y+2	; 0x02

00001034 <.Loc.147>:
    1034:	91 30       	cpi	r25, 0x01	; 1
    1036:	a8 f5       	brcc	.+106    	; 0x10a2 <.L38>

00001038 <.Loc.148>:
        CLEAR_BIT(Local_UCSRCValue,Uart_USBS);
    1038:	87 7f       	andi	r24, 0xF7	; 247

0000103a <.L39>:
    if (Uart_Config.SizeCharacterSelect == Uart_5BitSize ){
    103a:	9c 81       	ldd	r25, Y+4	; 0x04

0000103c <.Loc.151>:
    103c:	91 30       	cpi	r25, 0x01	; 1
    103e:	a0 f5       	brcc	.+104    	; 0x10a8 <.L40>

00001040 <.Loc.152>:
    CLEAR_BIT(Local_UCSRCValue, Uart_UCSZ0);
    1040:	89 7f       	andi	r24, 0xF9	; 249

00001042 <.L41>:
    UCSRC= Local_UCSRCValue;
    1042:	80 bd       	out	0x20, r24	; 32

00001044 <.Loc.157>:
    if(Uart_Config.SpeedMode==Uart_NormalSpeed)
    1044:	8a 85       	ldd	r24, Y+10	; 0x0a

00001046 <.Loc.159>:
    1046:	81 30       	cpi	r24, 0x01	; 1
    1048:	08 f0       	brcs	.+2      	; 0x104c <.Loc.160>

0000104a <L0^A>:
    104a:	3f c0       	rjmp	.+126    	; 0x10ca <.L45>

0000104c <.Loc.160>:
        CLEAR_BIT(UCSRA,Uart_U2X);
    104c:	8b b1       	in	r24, 0x0b	; 11
    104e:	8d 7f       	andi	r24, 0xFD	; 253
    1050:	8b b9       	out	0x0b, r24	; 11

00001052 <.L46>:
    if(Uart_Config.SpeedMode==Uart_DoubleSpeed)
    1052:	8a 85       	ldd	r24, Y+10	; 0x0a

00001054 <.Loc.164>:
    1054:	81 30       	cpi	r24, 0x01	; 1
    1056:	f1 f1       	breq	.+124    	; 0x10d4 <.L64>

00001058 <.Loc.165>:
    else if(Uart_Config.SpeedMode==Uart_NormalSpeed)
    1058:	08 f0       	brcs	.+2      	; 0x105c <.Loc.167>

0000105a <L0^A>:
    105a:	7e c0       	rjmp	.+252    	; 0x1158 <.L61>

0000105c <.Loc.167>:
        Local_UBRRValue = (FCPU / (16UL * Uart_Config.BaudRate))-1 ;   
    105c:	2d 81       	ldd	r18, Y+5	; 0x05
    105e:	3e 81       	ldd	r19, Y+6	; 0x06
    1060:	4f 81       	ldd	r20, Y+7	; 0x07
    1062:	58 85       	ldd	r21, Y+8	; 0x08

00001064 <.Loc.169>:
    1064:	22 0f       	add	r18, r18
    1066:	33 1f       	adc	r19, r19
    1068:	44 1f       	adc	r20, r20
    106a:	55 1f       	adc	r21, r21
    106c:	22 0f       	add	r18, r18
    106e:	33 1f       	adc	r19, r19
    1070:	44 1f       	adc	r20, r20
    1072:	55 1f       	adc	r21, r21
    1074:	22 0f       	add	r18, r18
    1076:	33 1f       	adc	r19, r19
    1078:	44 1f       	adc	r20, r20
    107a:	55 1f       	adc	r21, r21
    107c:	22 0f       	add	r18, r18
    107e:	33 1f       	adc	r19, r19
    1080:	44 1f       	adc	r20, r20
    1082:	55 1f       	adc	r21, r21

00001084 <.Loc.170>:
    1084:	60 e0       	ldi	r22, 0x00	; 0
    1086:	72 e1       	ldi	r23, 0x12	; 18
    1088:	8a e7       	ldi	r24, 0x7A	; 122
    108a:	90 e0       	ldi	r25, 0x00	; 0
    108c:	0e 94 92 09 	call	0x1324	; 0x1324 <__udivmodsi4>

00001090 <.Loc.171>:
    1090:	21 50       	subi	r18, 0x01	; 1
    1092:	31 09       	sbc	r19, r1

00001094 <.Loc.172>:
    1094:	37 c0       	rjmp	.+110    	; 0x1104 <.L48>

00001096 <.L60>:
        SET_BIT(Local_UCSRCValue,Uart_UMSEL);
    1096:	80 ec       	ldi	r24, 0xC0	; 192
    1098:	c7 cf       	rjmp	.-114    	; 0x1028 <.L35>

0000109a <.L62>:
        CLEAR_BIT(Local_UCSRCValue,Uart_UPM0);
    109a:	80 62       	ori	r24, 0x20	; 32

0000109c <.Loc.176>:
    109c:	ca cf       	rjmp	.-108    	; 0x1032 <.L37>

0000109e <.L63>:
        SET_BIT(Local_UCSRCValue,Uart_UPM1);
    109e:	80 63       	ori	r24, 0x30	; 48

000010a0 <.Loc.179>:
    10a0:	c8 cf       	rjmp	.-112    	; 0x1032 <.L37>

000010a2 <.L38>:
    else if(Uart_Config.StopBitSelect==Uart_2StopBit)
    10a2:	59 f6       	brne	.-106    	; 0x103a <.L39>

000010a4 <.Loc.182>:
        SET_BIT(Local_UCSRCValue,Uart_USBS);
    10a4:	88 60       	ori	r24, 0x08	; 8

000010a6 <.Loc.183>:
    10a6:	c9 cf       	rjmp	.-110    	; 0x103a <.L39>

000010a8 <.L40>:
else if (Uart_Config.SizeCharacterSelect == Uart_6BitSize){
    10a8:	41 f0       	breq	.+16     	; 0x10ba <.L65>

000010aa <.Loc.186>:
else if (Uart_Config.SizeCharacterSelect == Uart_7BitSize){
    10aa:	92 30       	cpi	r25, 0x02	; 2
    10ac:	49 f0       	breq	.+18     	; 0x10c0 <.L66>

000010ae <.Loc.188>:
else if (Uart_Config.SizeCharacterSelect == Uart_8BitSize){
    10ae:	93 30       	cpi	r25, 0x03	; 3
    10b0:	51 f0       	breq	.+20     	; 0x10c6 <.L67>

000010b2 <.Loc.190>:
else if (Uart_Config.SizeCharacterSelect == Uart_9BitSize){
    10b2:	97 30       	cpi	r25, 0x07	; 7
    10b4:	31 f6       	brne	.-116    	; 0x1042 <.L41>

000010b6 <.Loc.192>:
    SET_BIT(Local_UCSRCValue, Uart_UCSZ0);
    10b6:	86 60       	ori	r24, 0x06	; 6

000010b8 <.Loc.195>:
    10b8:	c4 cf       	rjmp	.-120    	; 0x1042 <.L41>

000010ba <.L65>:
    CLEAR_BIT(Local_UCSRCValue, Uart_UCSZ2);
    10ba:	8b 7f       	andi	r24, 0xFB	; 251

000010bc <.Loc.197>:
    SET_BIT(Local_UCSRCValue, Uart_UCSZ0);
    10bc:	82 60       	ori	r24, 0x02	; 2

000010be <.Loc.199>:
    10be:	c1 cf       	rjmp	.-126    	; 0x1042 <.L41>

000010c0 <.L66>:
    CLEAR_BIT(Local_UCSRCValue, Uart_UCSZ0);
    10c0:	8d 7f       	andi	r24, 0xFD	; 253

000010c2 <.Loc.203>:
    10c2:	84 60       	ori	r24, 0x04	; 4

000010c4 <.Loc.204>:
    10c4:	be cf       	rjmp	.-132    	; 0x1042 <.L41>

000010c6 <.L67>:
    SET_BIT(Local_UCSRCValue, Uart_UCSZ0);}
    10c6:	86 60       	ori	r24, 0x06	; 6

000010c8 <.Loc.208>:
    10c8:	bc cf       	rjmp	.-136    	; 0x1042 <.L41>

000010ca <.L45>:
    else if(Uart_Config.SpeedMode==Uart_DoubleSpeed)
    10ca:	19 f6       	brne	.-122    	; 0x1052 <.L46>

000010cc <.Loc.211>:
        SET_BIT(UCSRA,Uart_U2X);
    10cc:	8b b1       	in	r24, 0x0b	; 11
    10ce:	82 60       	ori	r24, 0x02	; 2
    10d0:	8b b9       	out	0x0b, r24	; 11

000010d2 <.Loc.212>:
    10d2:	bf cf       	rjmp	.-130    	; 0x1052 <.L46>

000010d4 <.L64>:
        Local_UBRRValue = (FCPU / (8UL * Uart_Config.BaudRate))-1 ;   
    10d4:	2d 81       	ldd	r18, Y+5	; 0x05
    10d6:	3e 81       	ldd	r19, Y+6	; 0x06
    10d8:	4f 81       	ldd	r20, Y+7	; 0x07
    10da:	58 85       	ldd	r21, Y+8	; 0x08

000010dc <.Loc.215>:
    10dc:	22 0f       	add	r18, r18
    10de:	33 1f       	adc	r19, r19
    10e0:	44 1f       	adc	r20, r20
    10e2:	55 1f       	adc	r21, r21
    10e4:	22 0f       	add	r18, r18
    10e6:	33 1f       	adc	r19, r19
    10e8:	44 1f       	adc	r20, r20
    10ea:	55 1f       	adc	r21, r21
    10ec:	22 0f       	add	r18, r18
    10ee:	33 1f       	adc	r19, r19
    10f0:	44 1f       	adc	r20, r20
    10f2:	55 1f       	adc	r21, r21

000010f4 <.Loc.216>:
    10f4:	60 e0       	ldi	r22, 0x00	; 0
    10f6:	72 e1       	ldi	r23, 0x12	; 18
    10f8:	8a e7       	ldi	r24, 0x7A	; 122
    10fa:	90 e0       	ldi	r25, 0x00	; 0
    10fc:	0e 94 92 09 	call	0x1324	; 0x1324 <__udivmodsi4>

00001100 <.Loc.217>:
    1100:	21 50       	subi	r18, 0x01	; 1
    1102:	31 09       	sbc	r19, r1

00001104 <.L48>:
    UBRRL= (Local_UBRRValue); //1 0 0 1 0 1 1 0
    1104:	29 b9       	out	0x09, r18	; 9

00001106 <.Loc.220>:
    UBRRH= (Local_UBRRValue>>8); //0 0 0 0 0 1 1 1 
    1106:	30 bd       	out	0x20, r19	; 32

00001108 <.Loc.222>:
    UART_DisableRXInterrupt();
    1108:	0e 94 df 07 	call	0xfbe	; 0xfbe <UART_DisableRXInterrupt>

0000110c <.LVL58>:
    UART_DisableTXInterrupt();
    110c:	0e 94 e3 07 	call	0xfc6	; 0xfc6 <UART_DisableTXInterrupt>

00001110 <.LVL59>:
    UART_DisableREInterrupt();
    1110:	0e 94 e7 07 	call	0xfce	; 0xfce <UART_DisableREInterrupt>

00001114 <.LVL60>:
    if(Uart_Config.InterruptSelect == Uart_InterruptRxOnly)
    1114:	8b 85       	ldd	r24, Y+11	; 0x0b

00001116 <.Loc.227>:
    1116:	81 30       	cpi	r24, 0x01	; 1
    1118:	11 f1       	breq	.+68     	; 0x115e <.L68>

0000111a <.Loc.228>:
    else if(Uart_Config.InterruptSelect == Uart_InterruptTxOnly)
    111a:	82 30       	cpi	r24, 0x02	; 2
    111c:	19 f1       	breq	.+70     	; 0x1164 <.L69>

0000111e <.Loc.230>:
    else if(Uart_Config.InterruptSelect == Uart_InterruptUdreOnly)
    111e:	83 30       	cpi	r24, 0x03	; 3
    1120:	21 f1       	breq	.+72     	; 0x116a <.L70>

00001122 <.Loc.232>:
    else if(Uart_Config.InterruptSelect == Uart_InterruptRxTx)
    1122:	84 30       	cpi	r24, 0x04	; 4
    1124:	29 f1       	breq	.+74     	; 0x1170 <.L71>

00001126 <.Loc.234>:
    else if(Uart_Config.InterruptSelect == Uart_InterruptRxUdre)
    1126:	85 30       	cpi	r24, 0x05	; 5
    1128:	41 f1       	breq	.+80     	; 0x117a <.L72>

0000112a <.Loc.236>:
    else if(Uart_Config.InterruptSelect == Uart_InterruptTxUdre)
    112a:	86 30       	cpi	r24, 0x06	; 6
    112c:	59 f1       	breq	.+86     	; 0x1184 <.L73>

0000112e <.Loc.238>:
    else if(Uart_Config.InterruptSelect == Uart_InterruptAll)
    112e:	87 30       	cpi	r24, 0x07	; 7
    1130:	71 f1       	breq	.+92     	; 0x118e <.L74>

00001132 <.L50>:
    if(Uart_Config.EnbaleSelect == Uart_EnableRxOnly)
    1132:	89 85       	ldd	r24, Y+9	; 0x09

00001134 <.Loc.242>:
    1134:	81 30       	cpi	r24, 0x01	; 1
    1136:	90 f1       	brcs	.+100    	; 0x119c <.L75>

00001138 <.Loc.243>:
    else if(Uart_Config.EnbaleSelect == Uart_EnableTxOnly)
    1138:	b1 f1       	breq	.+108    	; 0x11a6 <.L76>

0000113a <.Loc.245>:
    else if(Uart_Config.EnbaleSelect == Uart_EnableRxAndTx)
    113a:	82 30       	cpi	r24, 0x02	; 2
    113c:	c9 f1       	breq	.+114    	; 0x11b0 <.L77>

0000113e <.L34>:
}
    113e:	2b 96       	adiw	r28, 0x0b	; 11
    1140:	0f b6       	in	r0, 0x3f	; 63
    1142:	f8 94       	cli
    1144:	de bf       	out	0x3e, r29	; 62
    1146:	0f be       	out	0x3f, r0	; 63
    1148:	cd bf       	out	0x3d, r28	; 61
    114a:	df 91       	pop	r29
    114c:	cf 91       	pop	r28
    114e:	1f 91       	pop	r17
    1150:	0f 91       	pop	r16
    1152:	ff 90       	pop	r15
    1154:	ef 90       	pop	r14
    1156:	08 95       	ret

00001158 <.L61>:
    uint16_t Local_UBRRValue = 0 ; 
    1158:	20 e0       	ldi	r18, 0x00	; 0
    115a:	30 e0       	ldi	r19, 0x00	; 0
    115c:	d3 cf       	rjmp	.-90     	; 0x1104 <.L48>

0000115e <.L68>:
        UART_EnableRXInterrupt();
    115e:	0e 94 d3 07 	call	0xfa6	; 0xfa6 <UART_EnableRXInterrupt>

00001162 <.LVL63>:
    1162:	e7 cf       	rjmp	.-50     	; 0x1132 <.L50>

00001164 <.L69>:
        UART_EnableTXInterrupt();
    1164:	0e 94 d7 07 	call	0xfae	; 0xfae <UART_EnableTXInterrupt>

00001168 <.LVL64>:
    1168:	e4 cf       	rjmp	.-56     	; 0x1132 <.L50>

0000116a <.L70>:
        UART_EnableREInterrupt();
    116a:	0e 94 db 07 	call	0xfb6	; 0xfb6 <UART_EnableREInterrupt>

0000116e <.LVL65>:
    116e:	e1 cf       	rjmp	.-62     	; 0x1132 <.L50>

00001170 <.L71>:
        UART_EnableRXInterrupt();
    1170:	0e 94 d3 07 	call	0xfa6	; 0xfa6 <UART_EnableRXInterrupt>

00001174 <.LVL66>:
        UART_EnableTXInterrupt();
    1174:	0e 94 d7 07 	call	0xfae	; 0xfae <UART_EnableTXInterrupt>

00001178 <.LVL67>:
    1178:	dc cf       	rjmp	.-72     	; 0x1132 <.L50>

0000117a <.L72>:
        UART_EnableRXInterrupt();
    117a:	0e 94 d3 07 	call	0xfa6	; 0xfa6 <UART_EnableRXInterrupt>

0000117e <.LVL68>:
        UART_EnableREInterrupt();
    117e:	0e 94 db 07 	call	0xfb6	; 0xfb6 <UART_EnableREInterrupt>

00001182 <.LVL69>:
    1182:	d7 cf       	rjmp	.-82     	; 0x1132 <.L50>

00001184 <.L73>:
        UART_EnableTXInterrupt();
    1184:	0e 94 d7 07 	call	0xfae	; 0xfae <UART_EnableTXInterrupt>

00001188 <.LVL70>:
        UART_EnableREInterrupt();
    1188:	0e 94 db 07 	call	0xfb6	; 0xfb6 <UART_EnableREInterrupt>

0000118c <.LVL71>:
    118c:	d2 cf       	rjmp	.-92     	; 0x1132 <.L50>

0000118e <.L74>:
        UART_EnableTXInterrupt();
    118e:	0e 94 d7 07 	call	0xfae	; 0xfae <UART_EnableTXInterrupt>

00001192 <.LVL72>:
        UART_EnableRXInterrupt();
    1192:	0e 94 d3 07 	call	0xfa6	; 0xfa6 <UART_EnableRXInterrupt>

00001196 <.LVL73>:
        UART_EnableREInterrupt();
    1196:	0e 94 db 07 	call	0xfb6	; 0xfb6 <UART_EnableREInterrupt>

0000119a <.LVL74>:
    119a:	cb cf       	rjmp	.-106    	; 0x1132 <.L50>

0000119c <.L75>:
        UART_EnableRX();
    119c:	0e 94 c2 07 	call	0xf84	; 0xf84 <UART_EnableRX>

000011a0 <.LVL75>:
        UART_DisableTX();
    11a0:	0e 94 ce 07 	call	0xf9c	; 0xf9c <UART_DisableTX>

000011a4 <.LVL76>:
    11a4:	cc cf       	rjmp	.-104    	; 0x113e <.L34>

000011a6 <.L76>:
        UART_EnableTX();
    11a6:	0e 94 c6 07 	call	0xf8c	; 0xf8c <UART_EnableTX>

000011aa <.LVL77>:
        UART_DisableRX();
    11aa:	0e 94 ca 07 	call	0xf94	; 0xf94 <UART_DisableRX>

000011ae <.LVL78>:
    11ae:	c7 cf       	rjmp	.-114    	; 0x113e <.L34>

000011b0 <.L77>:
        UART_EnableRX();
    11b0:	0e 94 c2 07 	call	0xf84	; 0xf84 <UART_EnableRX>

000011b4 <.LVL79>:
        UART_EnableTX();
    11b4:	0e 94 c6 07 	call	0xf8c	; 0xf8c <UART_EnableTX>

000011b8 <.LVL80>:
}
    11b8:	c2 cf       	rjmp	.-124    	; 0x113e <.L34>

000011ba <UART_SetRXCallback>:



void UART_SetRXCallback(void (*PF)(uint16_t))
{
    11ba:	28 2f       	mov	r18, r24
    11bc:	39 2f       	mov	r19, r25

000011be <.Loc.270>:
    if(PF!=Null)
    11be:	21 15       	cp	r18, r1
    11c0:	31 05       	cpc	r19, r1
    11c2:	21 f0       	breq	.+8      	; 0x11cc <.L78>

000011c4 <.Loc.272>:
    {
        PF_UartRX=PF;
    11c4:	30 93 a7 00 	sts	0x00A7, r19	; 0x8000a7 <PF_UartRX+0x1>
    11c8:	20 93 a6 00 	sts	0x00A6, r18	; 0x8000a6 <PF_UartRX>

000011cc <.L78>:
    }
}
    11cc:	08 95       	ret

000011ce <UART_SetTXCallback>:
void UART_SetTXCallback(void (*PF)(void))
{
    11ce:	28 2f       	mov	r18, r24
    11d0:	39 2f       	mov	r19, r25

000011d2 <.Loc.277>:
    if(PF!=Null)
    11d2:	21 15       	cp	r18, r1
    11d4:	31 05       	cpc	r19, r1
    11d6:	21 f0       	breq	.+8      	; 0x11e0 <.L80>

000011d8 <.Loc.279>:
    {
        PF_UartTX=PF;
    11d8:	30 93 a5 00 	sts	0x00A5, r19	; 0x8000a5 <PF_UartTX+0x1>
    11dc:	20 93 a4 00 	sts	0x00A4, r18	; 0x8000a4 <PF_UartTX>

000011e0 <.L80>:
    }
}
    11e0:	08 95       	ret

000011e2 <UART_SetRECallback>:
void UART_SetRECallback(void (*PF)(void))
{
    11e2:	28 2f       	mov	r18, r24
    11e4:	39 2f       	mov	r19, r25

000011e6 <.Loc.284>:
    if(PF!=Null)
    11e6:	21 15       	cp	r18, r1
    11e8:	31 05       	cpc	r19, r1
    11ea:	21 f0       	breq	.+8      	; 0x11f4 <.L82>

000011ec <.Loc.286>:
    {
        PF_UartRE=PF;
    11ec:	30 93 a3 00 	sts	0x00A3, r19	; 0x8000a3 <PF_UartRE+0x1>
    11f0:	20 93 a2 00 	sts	0x00A2, r18	; 0x8000a2 <PF_UartRE>

000011f4 <.L82>:
    }
}
    11f4:	08 95       	ret

000011f6 <__vector_13>:


void __vector_13(void)
{
    11f6:	1f 92       	push	r1
    11f8:	0f 92       	push	r0
    11fa:	0f b6       	in	r0, 0x3f	; 63
    11fc:	0f 92       	push	r0
    11fe:	11 24       	eor	r1, r1
    1200:	2f 93       	push	r18
    1202:	3f 93       	push	r19
    1204:	8f 93       	push	r24
    1206:	9f 93       	push	r25
    1208:	ef 93       	push	r30
    120a:	ff 93       	push	r31

0000120c <.Loc.290>:
    uint16_t LocalData = 0;

    if (GlobaleUart_Config.SizeCharacterSelect == Uart_9BitSize)
    120c:	80 91 9a 00 	lds	r24, 0x009A	; 0x80009a <GlobaleUart_Config+0x3>

00001210 <.Loc.293>:
    1210:	87 30       	cpi	r24, 0x07	; 7
    1212:	f1 f0       	breq	.+60     	; 0x1250 <.L89>

00001214 <.Loc.294>:
    {
        /*
         * For 5/6/7/8-bit character size,
         * the received data is read from UDR only.
         */
        LocalData = UDR;
    1214:	2c b1       	in	r18, 0x0c	; 12

00001216 <.Loc.296>:
    1216:	30 e0       	ldi	r19, 0x00	; 0

00001218 <.L86>:
    }

    //Store received data in RX Ring Buffer ,at the position pointed to by RX_front.
    RX_Buffer[RX_front] = LocalData;
    1218:	80 91 96 00 	lds	r24, 0x0096	; 0x800096 <RX_front>
    121c:	e8 2f       	mov	r30, r24
    121e:	f0 e0       	ldi	r31, 0x00	; 0

00001220 <.Loc.299>:
    1220:	ee 0f       	add	r30, r30
    1222:	ff 1f       	adc	r31, r31
    1224:	e8 55       	subi	r30, 0x58	; 88
    1226:	ff 4f       	sbci	r31, 0xFF	; 255
    1228:	31 83       	std	Z+1, r19	; 0x01
    122a:	20 83       	st	Z, r18

0000122c <.Loc.300>:

    // Move front to the next position.
    RX_front++;
    122c:	8f 5f       	subi	r24, 0xFF	; 255
    122e:	80 93 96 00 	sts	0x0096, r24	; 0x800096 <RX_front>

00001232 <.Loc.302>:

    // If front reaches the end of the buffer,return it to the beginning.
    if (RX_front >= UART_RX_BUFFER_SIZE)
    1232:	80 34       	cpi	r24, 0x40	; 64
    1234:	10 f0       	brcs	.+4      	; 0x123a <.L84>

00001236 <.Loc.304>:
    {
        RX_front = 0;
    1236:	10 92 96 00 	sts	0x0096, r1	; 0x800096 <RX_front>

0000123a <.L84>:
    }
}
    123a:	ff 91       	pop	r31
    123c:	ef 91       	pop	r30
    123e:	9f 91       	pop	r25
    1240:	8f 91       	pop	r24
    1242:	3f 91       	pop	r19
    1244:	2f 91       	pop	r18

00001246 <.Loc.307>:
    1246:	0f 90       	pop	r0
    1248:	0f be       	out	0x3f, r0	; 63

0000124a <.Loc.308>:
    124a:	0f 90       	pop	r0
    124c:	1f 90       	pop	r1
    124e:	18 95       	reti

00001250 <.L89>:
        LocalData = ((uint16_t)((UCSRB >> Uart_RXB8) & 0x01)) << 8;
    1250:	8a b1       	in	r24, 0x0a	; 10

00001252 <.Loc.311>:
    1252:	86 95       	lsr	r24
    1254:	90 e0       	ldi	r25, 0x00	; 0

00001256 <.Loc.312>:
        LocalData |= UDR;
    1256:	2c b1       	in	r18, 0x0c	; 12
    1258:	30 e0       	ldi	r19, 0x00	; 0

0000125a <.Loc.314>:
    125a:	80 ff       	sbrs	r24, 0
    125c:	dd cf       	rjmp	.-70     	; 0x1218 <.L86>
    125e:	31 60       	ori	r19, 0x01	; 1

00001260 <.Loc.315>:
    1260:	db cf       	rjmp	.-74     	; 0x1218 <.L86>

00001262 <__vector_15>:
//     }

// }
/* TX Complete */
void __vector_15(void)
{
    1262:	1f 92       	push	r1
    1264:	0f 92       	push	r0
    1266:	0f b6       	in	r0, 0x3f	; 63
    1268:	0f 92       	push	r0
    126a:	11 24       	eor	r1, r1
    126c:	2f 93       	push	r18
    126e:	3f 93       	push	r19
    1270:	4f 93       	push	r20
    1272:	5f 93       	push	r21
    1274:	6f 93       	push	r22
    1276:	7f 93       	push	r23
    1278:	8f 93       	push	r24
    127a:	9f 93       	push	r25
    127c:	af 93       	push	r26
    127e:	bf 93       	push	r27
    1280:	ef 93       	push	r30
    1282:	ff 93       	push	r31

00001284 <.Loc.317>:
    if(PF_UartTX!=Null)
    1284:	e0 91 a4 00 	lds	r30, 0x00A4	; 0x8000a4 <PF_UartTX>
    1288:	f0 91 a5 00 	lds	r31, 0x00A5	; 0x8000a5 <PF_UartTX+0x1>

0000128c <.Loc.319>:
    128c:	30 97       	sbiw	r30, 0x00	; 0
    128e:	09 f0       	breq	.+2      	; 0x1292 <.L90>

00001290 <.Loc.320>:
    {
        PF_UartTX();
    1290:	09 95       	icall

00001292 <.L90>:
    }
}
    1292:	ff 91       	pop	r31
    1294:	ef 91       	pop	r30
    1296:	bf 91       	pop	r27
    1298:	af 91       	pop	r26
    129a:	9f 91       	pop	r25
    129c:	8f 91       	pop	r24
    129e:	7f 91       	pop	r23
    12a0:	6f 91       	pop	r22
    12a2:	5f 91       	pop	r21
    12a4:	4f 91       	pop	r20
    12a6:	3f 91       	pop	r19
    12a8:	2f 91       	pop	r18
    12aa:	0f 90       	pop	r0
    12ac:	0f be       	out	0x3f, r0	; 63
    12ae:	0f 90       	pop	r0
    12b0:	1f 90       	pop	r1
    12b2:	18 95       	reti

000012b4 <__vector_14>:

void __vector_14(void)
{
    12b4:	1f 92       	push	r1
    12b6:	0f 92       	push	r0
    12b8:	0f b6       	in	r0, 0x3f	; 63
    12ba:	0f 92       	push	r0
    12bc:	11 24       	eor	r1, r1
    12be:	2f 93       	push	r18
    12c0:	3f 93       	push	r19
    12c2:	4f 93       	push	r20
    12c4:	5f 93       	push	r21
    12c6:	6f 93       	push	r22
    12c8:	7f 93       	push	r23
    12ca:	8f 93       	push	r24
    12cc:	9f 93       	push	r25
    12ce:	af 93       	push	r26
    12d0:	bf 93       	push	r27
    12d2:	ef 93       	push	r30
    12d4:	ff 93       	push	r31

000012d6 <.Loc.323>:
    if(PF_UartRE!=Null)
    12d6:	e0 91 a2 00 	lds	r30, 0x00A2	; 0x8000a2 <PF_UartRE>
    12da:	f0 91 a3 00 	lds	r31, 0x00A3	; 0x8000a3 <PF_UartRE+0x1>

000012de <.Loc.325>:
    12de:	30 97       	sbiw	r30, 0x00	; 0
    12e0:	09 f0       	breq	.+2      	; 0x12e4 <.L92>

000012e2 <.Loc.326>:
    {
        PF_UartRE();
    12e2:	09 95       	icall

000012e4 <.L92>:
    }
    12e4:	ff 91       	pop	r31
    12e6:	ef 91       	pop	r30
    12e8:	bf 91       	pop	r27
    12ea:	af 91       	pop	r26
    12ec:	9f 91       	pop	r25
    12ee:	8f 91       	pop	r24
    12f0:	7f 91       	pop	r23
    12f2:	6f 91       	pop	r22
    12f4:	5f 91       	pop	r21
    12f6:	4f 91       	pop	r20
    12f8:	3f 91       	pop	r19
    12fa:	2f 91       	pop	r18
    12fc:	0f 90       	pop	r0
    12fe:	0f be       	out	0x3f, r0	; 63
    1300:	0f 90       	pop	r0
    1302:	1f 90       	pop	r1
    1304:	18 95       	reti

00001306 <__umulhisi3>:
    1306:	a2 9f       	mul	r26, r18

00001308 <.Loc.1>:
    1308:	b0 01       	movw	r22, r0

0000130a <.Loc.2>:
    130a:	b3 9f       	mul	r27, r19

0000130c <.Loc.3>:
    130c:	c0 01       	movw	r24, r0

0000130e <.Loc.4>:
    130e:	a3 9f       	mul	r26, r19

00001310 <.Loc.5>:
    1310:	70 0d       	add	r23, r0

00001312 <.Loc.6>:
    1312:	81 1d       	adc	r24, r1

00001314 <.Loc.7>:
    1314:	11 24       	eor	r1, r1

00001316 <.Loc.8>:
    1316:	91 1d       	adc	r25, r1

00001318 <.Loc.9>:
    1318:	b2 9f       	mul	r27, r18

0000131a <.Loc.10>:
    131a:	70 0d       	add	r23, r0

0000131c <.Loc.11>:
    131c:	81 1d       	adc	r24, r1

0000131e <.Loc.12>:
    131e:	11 24       	eor	r1, r1

00001320 <.Loc.13>:
    1320:	91 1d       	adc	r25, r1

00001322 <.Loc.14>:
    1322:	08 95       	ret

00001324 <__udivmodsi4>:
    1324:	a1 e2       	ldi	r26, 0x21	; 33

00001326 <.Loc.1>:
    1326:	1a 2e       	mov	r1, r26

00001328 <.Loc.2>:
    1328:	aa 1b       	sub	r26, r26

0000132a <.Loc.3>:
    132a:	bb 1b       	sub	r27, r27

0000132c <.Loc.4>:
    132c:	fd 01       	movw	r30, r26

0000132e <.Loc.5>:
    132e:	0d c0       	rjmp	.+26     	; 0x134a <__udivmodsi4_ep>

00001330 <__udivmodsi4_loop>:
    1330:	aa 1f       	adc	r26, r26

00001332 <.Loc.7>:
    1332:	bb 1f       	adc	r27, r27

00001334 <.Loc.8>:
    1334:	ee 1f       	adc	r30, r30

00001336 <.Loc.9>:
    1336:	ff 1f       	adc	r31, r31

00001338 <.Loc.10>:
    1338:	a2 17       	cp	r26, r18

0000133a <.Loc.11>:
    133a:	b3 07       	cpc	r27, r19

0000133c <.Loc.12>:
    133c:	e4 07       	cpc	r30, r20

0000133e <.Loc.13>:
    133e:	f5 07       	cpc	r31, r21

00001340 <.Loc.14>:
    1340:	20 f0       	brcs	.+8      	; 0x134a <__udivmodsi4_ep>

00001342 <.Loc.15>:
    1342:	a2 1b       	sub	r26, r18

00001344 <.Loc.16>:
    1344:	b3 0b       	sbc	r27, r19

00001346 <.Loc.17>:
    1346:	e4 0b       	sbc	r30, r20

00001348 <.Loc.18>:
    1348:	f5 0b       	sbc	r31, r21

0000134a <__udivmodsi4_ep>:
    134a:	66 1f       	adc	r22, r22

0000134c <.Loc.20>:
    134c:	77 1f       	adc	r23, r23

0000134e <.Loc.21>:
    134e:	88 1f       	adc	r24, r24

00001350 <.Loc.22>:
    1350:	99 1f       	adc	r25, r25

00001352 <.Loc.23>:
    1352:	1a 94       	dec	r1

00001354 <.Loc.24>:
    1354:	69 f7       	brne	.-38     	; 0x1330 <__udivmodsi4_loop>

00001356 <.Loc.25>:
    1356:	60 95       	com	r22

00001358 <.Loc.26>:
    1358:	70 95       	com	r23

0000135a <.Loc.27>:
    135a:	80 95       	com	r24

0000135c <.Loc.28>:
    135c:	90 95       	com	r25

0000135e <.Loc.29>:
    135e:	9b 01       	movw	r18, r22

00001360 <.Loc.30>:
    1360:	ac 01       	movw	r20, r24

00001362 <.Loc.31>:
    1362:	bd 01       	movw	r22, r26

00001364 <.Loc.32>:
    1364:	cf 01       	movw	r24, r30

00001366 <.Loc.33>:
    1366:	08 95       	ret

00001368 <sprintf>:
    1368:	ae e0       	ldi	r26, 0x0E	; 14
    136a:	b0 e0       	ldi	r27, 0x00	; 0
    136c:	ea eb       	ldi	r30, 0xBA	; 186
    136e:	f9 e0       	ldi	r31, 0x09	; 9
    1370:	0c 94 85 0c 	jmp	0x190a	; 0x190a <.Loc.16>

00001374 <.L1^B1>:
    1374:	86 e0       	ldi	r24, 0x06	; 6
    1376:	8c 83       	std	Y+4, r24	; 0x04
    1378:	2b 89       	ldd	r18, Y+19	; 0x13
    137a:	3c 89       	ldd	r19, Y+20	; 0x14
    137c:	29 83       	std	Y+1, r18	; 0x01
    137e:	3a 83       	std	Y+2, r19	; 0x02
    1380:	8f ef       	ldi	r24, 0xFF	; 255
    1382:	9f e7       	ldi	r25, 0x7F	; 127
    1384:	8d 83       	std	Y+5, r24	; 0x05
    1386:	9e 83       	std	Y+6, r25	; 0x06
    1388:	ae 01       	movw	r20, r28
    138a:	49 5e       	subi	r20, 0xE9	; 233
    138c:	5f 4f       	sbci	r21, 0xFF	; 255
    138e:	6d 89       	ldd	r22, Y+21	; 0x15
    1390:	7e 89       	ldd	r23, Y+22	; 0x16
    1392:	ce 01       	movw	r24, r28
    1394:	01 96       	adiw	r24, 0x01	; 1
    1396:	0e 94 d8 09 	call	0x13b0	; 0x13b0 <vfprintf>
    139a:	ef 81       	ldd	r30, Y+7	; 0x07
    139c:	f8 85       	ldd	r31, Y+8	; 0x08
    139e:	2b 89       	ldd	r18, Y+19	; 0x13
    13a0:	3c 89       	ldd	r19, Y+20	; 0x14
    13a2:	e2 0f       	add	r30, r18
    13a4:	f3 1f       	adc	r31, r19
    13a6:	10 82       	st	Z, r1
    13a8:	2e 96       	adiw	r28, 0x0e	; 14
    13aa:	e2 e0       	ldi	r30, 0x02	; 2
    13ac:	0c 94 a1 0c 	jmp	0x1942	; 0x1942 <.Loc.16>

000013b0 <vfprintf>:
    13b0:	ab e0       	ldi	r26, 0x0B	; 11
    13b2:	b0 e0       	ldi	r27, 0x00	; 0
    13b4:	ee ed       	ldi	r30, 0xDE	; 222
    13b6:	f9 e0       	ldi	r31, 0x09	; 9
    13b8:	0c 94 78 0c 	jmp	0x18f0	; 0x18f0 <.Loc.3>

000013bc <.L1^B1>:
    13bc:	6c 01       	movw	r12, r24
    13be:	7b 01       	movw	r14, r22
    13c0:	8a 01       	movw	r16, r20
    13c2:	fc 01       	movw	r30, r24
    13c4:	16 82       	std	Z+6, r1	; 0x06
    13c6:	17 82       	std	Z+7, r1	; 0x07
    13c8:	83 81       	ldd	r24, Z+3	; 0x03
    13ca:	81 ff       	sbrs	r24, 1
    13cc:	df c1       	rjmp	.+958    	; 0x178c <.L80>
    13ce:	3a e0       	ldi	r19, 0x0A	; 10
    13d0:	53 2e       	mov	r5, r19

000013d2 <.L3>:
    13d2:	f6 01       	movw	r30, r12
    13d4:	23 81       	ldd	r18, Z+3	; 0x03
    13d6:	f7 01       	movw	r30, r14
    13d8:	23 fd       	sbrc	r18, 3
    13da:	85 91       	lpm	r24, Z+
    13dc:	23 ff       	sbrs	r18, 3
    13de:	81 91       	ld	r24, Z+
    13e0:	7f 01       	movw	r14, r30
    13e2:	81 15       	cp	r24, r1
    13e4:	09 f4       	brne	.+2      	; 0x13e8 <L0^A+0x2>

000013e6 <L0^A>:
    13e6:	37 c1       	rjmp	.+622    	; 0x1656 <.L4>
    13e8:	85 32       	cpi	r24, 0x25	; 37
    13ea:	39 f4       	brne	.+14     	; 0x13fa <.L5>
    13ec:	23 fd       	sbrc	r18, 3
    13ee:	95 91       	lpm	r25, Z+
    13f0:	23 ff       	sbrs	r18, 3
    13f2:	91 91       	ld	r25, Z+
    13f4:	7f 01       	movw	r14, r30
    13f6:	95 32       	cpi	r25, 0x25	; 37
    13f8:	29 f4       	brne	.+10     	; 0x1404 <.L81>

000013fa <.L5>:
    13fa:	b6 01       	movw	r22, r12
    13fc:	90 e0       	ldi	r25, 0x00	; 0
    13fe:	0e 94 df 0b 	call	0x17be	; 0x17be <fputc>
    1402:	e7 cf       	rjmp	.-50     	; 0x13d2 <.L3>

00001404 <.L81>:
    1404:	30 e0       	ldi	r19, 0x00	; 0
    1406:	91 2c       	mov	r9, r1
    1408:	61 2c       	mov	r6, r1
    140a:	71 2c       	mov	r7, r1

0000140c <.L6>:
    140c:	f0 e2       	ldi	r31, 0x20	; 32
    140e:	7f 16       	cp	r7, r31
    1410:	40 f5       	brcc	.+80     	; 0x1462 <.L8>
    1412:	9b 32       	cpi	r25, 0x2B	; 43
    1414:	d9 f0       	breq	.+54     	; 0x144c <.L9>
    1416:	58 f4       	brcc	.+22     	; 0x142e <.L10>
    1418:	90 32       	cpi	r25, 0x20	; 32
    141a:	d1 f0       	breq	.+52     	; 0x1450 <.L11>
    141c:	93 32       	cpi	r25, 0x23	; 35
    141e:	f1 f0       	breq	.+60     	; 0x145c <.L12>

00001420 <.L13>:
    1420:	9e 32       	cpi	r25, 0x2E	; 46
    1422:	91 f5       	brne	.+100    	; 0x1488 <.L19>
    1424:	76 fc       	sbrc	r7, 6
    1426:	17 c1       	rjmp	.+558    	; 0x1656 <.L4>
    1428:	68 94       	set
    142a:	76 f8       	bld	r7, 6
    142c:	06 c0       	rjmp	.+12     	; 0x143a <.L16>

0000142e <.L10>:
    142e:	9d 32       	cpi	r25, 0x2D	; 45
    1430:	91 f0       	breq	.+36     	; 0x1456 <.L14>
    1432:	90 33       	cpi	r25, 0x30	; 48
    1434:	c1 f4       	brne	.+48     	; 0x1466 <.L15>
    1436:	68 94       	set
    1438:	70 f8       	bld	r7, 0

0000143a <.L16>:
    143a:	f7 01       	movw	r30, r14
    143c:	23 fd       	sbrc	r18, 3
    143e:	95 91       	lpm	r25, Z+
    1440:	23 ff       	sbrs	r18, 3
    1442:	91 91       	ld	r25, Z+
    1444:	7f 01       	movw	r14, r30
    1446:	91 11       	cpse	r25, r1
    1448:	e1 cf       	rjmp	.-62     	; 0x140c <.L6>
    144a:	28 c0       	rjmp	.+80     	; 0x149c <.L17>

0000144c <.L9>:
    144c:	68 94       	set
    144e:	71 f8       	bld	r7, 1

00001450 <.L11>:
    1450:	68 94       	set
    1452:	72 f8       	bld	r7, 2
    1454:	f2 cf       	rjmp	.-28     	; 0x143a <.L16>

00001456 <.L14>:
    1456:	68 94       	set
    1458:	73 f8       	bld	r7, 3
    145a:	ef cf       	rjmp	.-34     	; 0x143a <.L16>

0000145c <.L12>:
    145c:	68 94       	set
    145e:	74 f8       	bld	r7, 4
    1460:	ec cf       	rjmp	.-40     	; 0x143a <.L16>

00001462 <.L8>:
    1462:	77 fc       	sbrc	r7, 7
    1464:	1b c0       	rjmp	.+54     	; 0x149c <.L17>

00001466 <.L15>:
    1466:	80 ed       	ldi	r24, 0xD0	; 208
    1468:	89 0f       	add	r24, r25
    146a:	8a 30       	cpi	r24, 0x0A	; 10
    146c:	c8 f6       	brcc	.-78     	; 0x1420 <.L13>
    146e:	76 fe       	sbrs	r7, 6
    1470:	05 c0       	rjmp	.+10     	; 0x147c <.L18>
    1472:	95 9c       	mul	r9, r5
    1474:	80 0d       	add	r24, r0
    1476:	11 24       	eor	r1, r1
    1478:	98 2e       	mov	r9, r24
    147a:	df cf       	rjmp	.-66     	; 0x143a <.L16>

0000147c <.L18>:
    147c:	65 9c       	mul	r6, r5
    147e:	80 0d       	add	r24, r0
    1480:	11 24       	eor	r1, r1
    1482:	68 2e       	mov	r6, r24
    1484:	7f 2a       	or	r7, r31
    1486:	d9 cf       	rjmp	.-78     	; 0x143a <.L16>

00001488 <.L19>:
    1488:	9c 36       	cpi	r25, 0x6C	; 108
    148a:	19 f4       	brne	.+6      	; 0x1492 <.L20>
    148c:	68 94       	set
    148e:	77 f8       	bld	r7, 7
    1490:	d4 cf       	rjmp	.-88     	; 0x143a <.L16>

00001492 <.L20>:
    1492:	9c 34       	cpi	r25, 0x4C	; 76
    1494:	09 f4       	brne	.+2      	; 0x1498 <L0^A+0x2>

00001496 <L0^A>:
    1496:	45 c0       	rjmp	.+138    	; 0x1522 <.L82>
    1498:	98 36       	cpi	r25, 0x68	; 104
    149a:	79 f2       	breq	.-98     	; 0x143a <.L16>

0000149c <.L17>:
    149c:	89 2f       	mov	r24, r25
    149e:	8f 7d       	andi	r24, 0xDF	; 223
    14a0:	85 54       	subi	r24, 0x45	; 69
    14a2:	83 30       	cpi	r24, 0x03	; 3
    14a4:	08 f4       	brcc	.+2      	; 0x14a8 <L0^A+0x2>

000014a6 <L0^A>:
    14a6:	3f c0       	rjmp	.+126    	; 0x1526 <.L21>
    14a8:	93 36       	cpi	r25, 0x63	; 99
    14aa:	09 f4       	brne	.+2      	; 0x14ae <L0^A+0x2>

000014ac <L0^A>:
    14ac:	61 c0       	rjmp	.+194    	; 0x1570 <.L22>
    14ae:	93 37       	cpi	r25, 0x73	; 115
    14b0:	09 f4       	brne	.+2      	; 0x14b4 <L0^A+0x2>

000014b2 <L0^A>:
    14b2:	6b c0       	rjmp	.+214    	; 0x158a <.L23>
    14b4:	93 35       	cpi	r25, 0x53	; 83
    14b6:	09 f4       	brne	.+2      	; 0x14ba <L0^A+0x2>

000014b8 <L0^A>:
    14b8:	77 c0       	rjmp	.+238    	; 0x15a8 <.L24>
    14ba:	94 36       	cpi	r25, 0x64	; 100
    14bc:	19 f0       	breq	.+6      	; 0x14c4 <.L39>
    14be:	99 36       	cpi	r25, 0x69	; 105
    14c0:	09 f0       	breq	.+2      	; 0x14c4 <.L39>

000014c2 <L0^A>:
    14c2:	a4 c0       	rjmp	.+328    	; 0x160c <.L40>

000014c4 <.L39>:
    14c4:	f8 01       	movw	r30, r16
    14c6:	77 fe       	sbrs	r7, 7
    14c8:	9a c0       	rjmp	.+308    	; 0x15fe <.L41>
    14ca:	61 91       	ld	r22, Z+
    14cc:	71 91       	ld	r23, Z+
    14ce:	81 91       	ld	r24, Z+
    14d0:	91 91       	ld	r25, Z+

000014d2 <.L126>:
    14d2:	8f 01       	movw	r16, r30
    14d4:	27 2d       	mov	r18, r7
    14d6:	2f 76       	andi	r18, 0x6F	; 111
    14d8:	82 2e       	mov	r8, r18
    14da:	97 ff       	sbrs	r25, 7
    14dc:	04 c0       	rjmp	.+8      	; 0x14e6 <.L43>
    14de:	0e 94 6d 0c 	call	0x18da	; 0x18da <__negsi2>
    14e2:	68 94       	set
    14e4:	87 f8       	bld	r8, 7

000014e6 <.L43>:
    14e6:	2a e0       	ldi	r18, 0x0A	; 10
    14e8:	30 e0       	ldi	r19, 0x00	; 0
    14ea:	5e 01       	movw	r10, r28
    14ec:	4f ef       	ldi	r20, 0xFF	; 255
    14ee:	a4 1a       	sub	r10, r20
    14f0:	b4 0a       	sbc	r11, r20
    14f2:	a5 01       	movw	r20, r10
    14f4:	0e 94 0f 0c 	call	0x181e	; 0x181e <__ultoa_invert>
    14f8:	78 2e       	mov	r7, r24
    14fa:	7a 18       	sub	r7, r10

000014fc <.L44>:
    14fc:	86 fe       	sbrs	r8, 6
    14fe:	cf c0       	rjmp	.+414    	; 0x169e <.L54>
    1500:	88 2d       	mov	r24, r8
    1502:	8e 7f       	andi	r24, 0xFE	; 254
    1504:	79 14       	cp	r7, r9
    1506:	08 f0       	brcs	.+2      	; 0x150a <L0^A+0x2>

00001508 <L0^A>:
    1508:	c9 c0       	rjmp	.+402    	; 0x169c <.L88>
    150a:	84 fe       	sbrs	r8, 4
    150c:	1d c1       	rjmp	.+570    	; 0x1748 <.L89>
    150e:	82 fc       	sbrc	r8, 2
    1510:	11 c1       	rjmp	.+546    	; 0x1734 <.L90>
    1512:	2e ee       	ldi	r18, 0xEE	; 238
    1514:	82 22       	and	r8, r18
    1516:	b9 2c       	mov	r11, r9

00001518 <.L55>:
    1518:	88 2d       	mov	r24, r8
    151a:	86 78       	andi	r24, 0x86	; 134
    151c:	09 f4       	brne	.+2      	; 0x1520 <L0^A+0x2>

0000151e <L0^A>:
    151e:	cb c0       	rjmp	.+406    	; 0x16b6 <.L58>
    1520:	0e c1       	rjmp	.+540    	; 0x173e <.L128>

00001522 <.L82>:
    1522:	31 e0       	ldi	r19, 0x01	; 1
    1524:	8a cf       	rjmp	.-236    	; 0x143a <.L16>

00001526 <.L21>:
    1526:	31 15       	cp	r19, r1
    1528:	01 f1       	breq	.+64     	; 0x156a <.L26>
    152a:	08 5f       	subi	r16, 0xF8	; 248
    152c:	1f 4f       	sbci	r17, 0xFF	; 255

0000152e <.L27>:
    152e:	8f e3       	ldi	r24, 0x3F	; 63
    1530:	89 83       	std	Y+1, r24	; 0x01
    1532:	21 e0       	ldi	r18, 0x01	; 1
    1534:	82 2e       	mov	r8, r18
    1536:	91 2c       	mov	r9, r1
    1538:	5e 01       	movw	r10, r28
    153a:	2f ef       	ldi	r18, 0xFF	; 255
    153c:	a2 1a       	sub	r10, r18
    153e:	b2 0a       	sbc	r11, r18

00001540 <.L28>:
    1540:	e8 94       	clt
    1542:	77 f8       	bld	r7, 7

00001544 <.L30>:
    1544:	73 fc       	sbrc	r7, 3
    1546:	03 c0       	rjmp	.+6      	; 0x154e <.L36>

00001548 <.L32>:
    1548:	86 14       	cp	r8, r6
    154a:	91 04       	cpc	r9, r1
    154c:	f0 f1       	brcs	.+124    	; 0x15ca <.L34>

0000154e <.L36>:
    154e:	81 14       	cp	r8, r1
    1550:	91 04       	cpc	r9, r1
    1552:	09 f0       	breq	.+2      	; 0x1556 <.L77>

00001554 <L0^A>:
    1554:	41 c0       	rjmp	.+130    	; 0x15d8 <.L37>

00001556 <.L77>:
    1556:	61 14       	cp	r6, r1
    1558:	09 f4       	brne	.+2      	; 0x155c <L0^A+0x2>

0000155a <L0^A>:
    155a:	3b cf       	rjmp	.-394    	; 0x13d2 <.L3>
    155c:	b6 01       	movw	r22, r12
    155e:	80 e2       	ldi	r24, 0x20	; 32
    1560:	90 e0       	ldi	r25, 0x00	; 0
    1562:	0e 94 df 0b 	call	0x17be	; 0x17be <fputc>
    1566:	6a 94       	dec	r6
    1568:	f6 cf       	rjmp	.-20     	; 0x1556 <.L77>

0000156a <.L26>:
    156a:	0c 5f       	subi	r16, 0xFC	; 252
    156c:	1f 4f       	sbci	r17, 0xFF	; 255
    156e:	df cf       	rjmp	.-66     	; 0x152e <.L27>

00001570 <.L22>:
    1570:	f8 01       	movw	r30, r16
    1572:	80 81       	ld	r24, Z
    1574:	89 83       	std	Y+1, r24	; 0x01
    1576:	0e 5f       	subi	r16, 0xFE	; 254
    1578:	1f 4f       	sbci	r17, 0xFF	; 255
    157a:	91 e0       	ldi	r25, 0x01	; 1
    157c:	89 2e       	mov	r8, r25
    157e:	91 2c       	mov	r9, r1
    1580:	5e 01       	movw	r10, r28
    1582:	ff ef       	ldi	r31, 0xFF	; 255
    1584:	af 1a       	sub	r10, r31
    1586:	bf 0a       	sbc	r11, r31
    1588:	db cf       	rjmp	.-74     	; 0x1540 <.L28>

0000158a <.L23>:
    158a:	f8 01       	movw	r30, r16
    158c:	a1 90       	ld	r10, Z+
    158e:	b1 90       	ld	r11, Z+
    1590:	8f 01       	movw	r16, r30
    1592:	69 2d       	mov	r22, r9
    1594:	70 e0       	ldi	r23, 0x00	; 0
    1596:	76 fc       	sbrc	r7, 6
    1598:	02 c0       	rjmp	.+4      	; 0x159e <.L29>
    159a:	6f ef       	ldi	r22, 0xFF	; 255
    159c:	7f ef       	ldi	r23, 0xFF	; 255

0000159e <.L29>:
    159e:	c5 01       	movw	r24, r10
    15a0:	0e 94 d4 0b 	call	0x17a8	; 0x17a8 <strnlen>
    15a4:	4c 01       	movw	r8, r24
    15a6:	cc cf       	rjmp	.-104    	; 0x1540 <.L28>

000015a8 <.L24>:
    15a8:	f8 01       	movw	r30, r16
    15aa:	a1 90       	ld	r10, Z+
    15ac:	b1 90       	ld	r11, Z+
    15ae:	8f 01       	movw	r16, r30
    15b0:	69 2d       	mov	r22, r9
    15b2:	70 e0       	ldi	r23, 0x00	; 0
    15b4:	76 fc       	sbrc	r7, 6
    15b6:	02 c0       	rjmp	.+4      	; 0x15bc <.L31>
    15b8:	6f ef       	ldi	r22, 0xFF	; 255
    15ba:	7f ef       	ldi	r23, 0xFF	; 255

000015bc <.L31>:
    15bc:	c5 01       	movw	r24, r10
    15be:	0e 94 c9 0b 	call	0x1792	; 0x1792 <strnlen_P>
    15c2:	4c 01       	movw	r8, r24
    15c4:	68 94       	set
    15c6:	77 f8       	bld	r7, 7
    15c8:	bd cf       	rjmp	.-134    	; 0x1544 <.L30>

000015ca <.L34>:
    15ca:	b6 01       	movw	r22, r12
    15cc:	80 e2       	ldi	r24, 0x20	; 32
    15ce:	90 e0       	ldi	r25, 0x00	; 0
    15d0:	0e 94 df 0b 	call	0x17be	; 0x17be <fputc>
    15d4:	6a 94       	dec	r6
    15d6:	b8 cf       	rjmp	.-144    	; 0x1548 <.L32>

000015d8 <.L37>:
    15d8:	f5 01       	movw	r30, r10
    15da:	77 fc       	sbrc	r7, 7
    15dc:	85 91       	lpm	r24, Z+
    15de:	77 fe       	sbrs	r7, 7
    15e0:	81 91       	ld	r24, Z+
    15e2:	5f 01       	movw	r10, r30
    15e4:	b6 01       	movw	r22, r12
    15e6:	90 e0       	ldi	r25, 0x00	; 0
    15e8:	0e 94 df 0b 	call	0x17be	; 0x17be <fputc>
    15ec:	81 e0       	ldi	r24, 0x01	; 1
    15ee:	61 10       	cpse	r6, r1
    15f0:	01 c0       	rjmp	.+2      	; 0x15f4 <.L35>
    15f2:	80 e0       	ldi	r24, 0x00	; 0

000015f4 <.L35>:
    15f4:	68 1a       	sub	r6, r24
    15f6:	f1 e0       	ldi	r31, 0x01	; 1
    15f8:	8f 1a       	sub	r8, r31
    15fa:	91 08       	sbc	r9, r1
    15fc:	a8 cf       	rjmp	.-176    	; 0x154e <.L36>

000015fe <.L41>:
    15fe:	61 91       	ld	r22, Z+
    1600:	71 91       	ld	r23, Z+
    1602:	87 2f       	mov	r24, r23
    1604:	88 0f       	add	r24, r24
    1606:	88 0b       	sbc	r24, r24
    1608:	98 2f       	mov	r25, r24
    160a:	63 cf       	rjmp	.-314    	; 0x14d2 <.L126>

0000160c <.L40>:
    160c:	95 37       	cpi	r25, 0x75	; 117
    160e:	c9 f4       	brne	.+50     	; 0x1642 <.L45>
    1610:	87 2c       	mov	r8, r7
    1612:	e8 94       	clt
    1614:	84 f8       	bld	r8, 4
    1616:	2a e0       	ldi	r18, 0x0A	; 10
    1618:	30 e0       	ldi	r19, 0x00	; 0

0000161a <.L46>:
    161a:	f8 01       	movw	r30, r16
    161c:	87 fe       	sbrs	r8, 7
    161e:	39 c0       	rjmp	.+114    	; 0x1692 <.L52>
    1620:	61 91       	ld	r22, Z+
    1622:	71 91       	ld	r23, Z+
    1624:	81 91       	ld	r24, Z+
    1626:	91 91       	ld	r25, Z+

00001628 <.L127>:
    1628:	8f 01       	movw	r16, r30
    162a:	5e 01       	movw	r10, r28
    162c:	ff ef       	ldi	r31, 0xFF	; 255
    162e:	af 1a       	sub	r10, r31
    1630:	bf 0a       	sbc	r11, r31
    1632:	a5 01       	movw	r20, r10
    1634:	0e 94 0f 0c 	call	0x181e	; 0x181e <__ultoa_invert>
    1638:	78 2e       	mov	r7, r24
    163a:	7a 18       	sub	r7, r10
    163c:	e8 94       	clt
    163e:	87 f8       	bld	r8, 7
    1640:	5d cf       	rjmp	.-326    	; 0x14fc <.L44>

00001642 <.L45>:
    1642:	87 2d       	mov	r24, r7
    1644:	89 7f       	andi	r24, 0xF9	; 249
    1646:	88 2e       	mov	r8, r24
    1648:	90 37       	cpi	r25, 0x70	; 112
    164a:	99 f0       	breq	.+38     	; 0x1672 <.L47>
    164c:	58 f4       	brcc	.+22     	; 0x1664 <.L48>
    164e:	98 35       	cpi	r25, 0x58	; 88
    1650:	a9 f0       	breq	.+42     	; 0x167c <.L49>
    1652:	9f 36       	cpi	r25, 0x6F	; 111
    1654:	d9 f0       	breq	.+54     	; 0x168c <.L85>

00001656 <.L4>:
    1656:	f6 01       	movw	r30, r12
    1658:	86 81       	ldd	r24, Z+6	; 0x06
    165a:	97 81       	ldd	r25, Z+7	; 0x07

0000165c <.L1>:
    165c:	2b 96       	adiw	r28, 0x0b	; 11
    165e:	ef e0       	ldi	r30, 0x0F	; 15
    1660:	0c 94 94 0c 	jmp	0x1928	; 0x1928 <.Loc.3>

00001664 <.L48>:
    1664:	98 37       	cpi	r25, 0x78	; 120
    1666:	b9 f7       	brne	.-18     	; 0x1656 <.L4>
    1668:	74 fc       	sbrc	r7, 4
    166a:	05 c0       	rjmp	.+10     	; 0x1676 <.L51>

0000166c <.L86>:
    166c:	20 e1       	ldi	r18, 0x10	; 16
    166e:	30 e0       	ldi	r19, 0x00	; 0
    1670:	d4 cf       	rjmp	.-88     	; 0x161a <.L46>

00001672 <.L47>:
    1672:	68 94       	set
    1674:	84 f8       	bld	r8, 4

00001676 <.L51>:
    1676:	68 94       	set
    1678:	82 f8       	bld	r8, 2
    167a:	f8 cf       	rjmp	.-16     	; 0x166c <.L86>

0000167c <.L49>:
    167c:	74 fe       	sbrs	r7, 4
    167e:	03 c0       	rjmp	.+6      	; 0x1686 <.L87>
    1680:	e7 2d       	mov	r30, r7
    1682:	e6 60       	ori	r30, 0x06	; 6
    1684:	8e 2e       	mov	r8, r30

00001686 <.L87>:
    1686:	20 e1       	ldi	r18, 0x10	; 16
    1688:	32 e0       	ldi	r19, 0x02	; 2
    168a:	c7 cf       	rjmp	.-114    	; 0x161a <.L46>

0000168c <.L85>:
    168c:	28 e0       	ldi	r18, 0x08	; 8
    168e:	30 e0       	ldi	r19, 0x00	; 0
    1690:	c4 cf       	rjmp	.-120    	; 0x161a <.L46>

00001692 <.L52>:
    1692:	61 91       	ld	r22, Z+
    1694:	71 91       	ld	r23, Z+
    1696:	80 e0       	ldi	r24, 0x00	; 0
    1698:	90 e0       	ldi	r25, 0x00	; 0
    169a:	c6 cf       	rjmp	.-116    	; 0x1628 <.L127>

0000169c <.L88>:
    169c:	88 2e       	mov	r8, r24

0000169e <.L54>:
    169e:	b7 2c       	mov	r11, r7
    16a0:	84 fe       	sbrs	r8, 4
    16a2:	3a cf       	rjmp	.-396    	; 0x1518 <.L55>

000016a4 <.L56>:
    16a4:	fe 01       	movw	r30, r28
    16a6:	e7 0d       	add	r30, r7
    16a8:	f1 1d       	adc	r31, r1
    16aa:	80 81       	ld	r24, Z
    16ac:	80 33       	cpi	r24, 0x30	; 48
    16ae:	09 f0       	breq	.+2      	; 0x16b2 <L0^A+0x2>

000016b0 <L0^A>:
    16b0:	44 c0       	rjmp	.+136    	; 0x173a <.L57>
    16b2:	49 ee       	ldi	r20, 0xE9	; 233
    16b4:	84 22       	and	r8, r20

000016b6 <.L58>:
    16b6:	83 fc       	sbrc	r8, 3
    16b8:	0e c0       	rjmp	.+28     	; 0x16d6 <.L60>
    16ba:	80 fe       	sbrs	r8, 0
    16bc:	51 c0       	rjmp	.+162    	; 0x1760 <.L92>
    16be:	97 2c       	mov	r9, r7
    16c0:	b6 14       	cp	r11, r6
    16c2:	18 f4       	brcc	.+6      	; 0x16ca <.L79>
    16c4:	96 0c       	add	r9, r6
    16c6:	9b 18       	sub	r9, r11
    16c8:	b6 2c       	mov	r11, r6

000016ca <.L79>:
    16ca:	86 2d       	mov	r24, r6
    16cc:	8b 19       	sub	r24, r11
    16ce:	6b 14       	cp	r6, r11
    16d0:	08 f4       	brcc	.+2      	; 0x16d4 <.L65>
    16d2:	80 e0       	ldi	r24, 0x00	; 0

000016d4 <.L65>:
    16d4:	b8 0e       	add	r11, r24

000016d6 <.L60>:
    16d6:	b6 14       	cp	r11, r6
    16d8:	08 f0       	brcs	.+2      	; 0x16dc <L0^A+0x2>

000016da <L0^A>:
    16da:	44 c0       	rjmp	.+136    	; 0x1764 <.L94>
    16dc:	6b 18       	sub	r6, r11

000016de <.L67>:
    16de:	84 fe       	sbrs	r8, 4
    16e0:	43 c0       	rjmp	.+134    	; 0x1768 <.L68>
    16e2:	b6 01       	movw	r22, r12
    16e4:	80 e3       	ldi	r24, 0x30	; 48
    16e6:	90 e0       	ldi	r25, 0x00	; 0
    16e8:	0e 94 df 0b 	call	0x17be	; 0x17be <fputc>
    16ec:	82 fe       	sbrs	r8, 2
    16ee:	09 c0       	rjmp	.+18     	; 0x1702 <.L74>
    16f0:	88 e5       	ldi	r24, 0x58	; 88
    16f2:	90 e0       	ldi	r25, 0x00	; 0
    16f4:	81 fc       	sbrc	r8, 1
    16f6:	02 c0       	rjmp	.+4      	; 0x16fc <.L70>
    16f8:	88 e7       	ldi	r24, 0x78	; 120
    16fa:	90 e0       	ldi	r25, 0x00	; 0

000016fc <.L70>:
    16fc:	b6 01       	movw	r22, r12

000016fe <.L129>:
    16fe:	0e 94 df 0b 	call	0x17be	; 0x17be <fputc>

00001702 <.L74>:
    1702:	79 14       	cp	r7, r9
    1704:	e0 f1       	brcs	.+120    	; 0x177e <.L75>
    1706:	5e 01       	movw	r10, r28
    1708:	8f ef       	ldi	r24, 0xFF	; 255
    170a:	a8 1a       	sub	r10, r24
    170c:	b8 0a       	sbc	r11, r24
    170e:	7a 94       	dec	r7
    1710:	82 e0       	ldi	r24, 0x02	; 2
    1712:	88 2e       	mov	r8, r24
    1714:	91 2c       	mov	r9, r1
    1716:	8c 0e       	add	r8, r28
    1718:	9d 1e       	adc	r9, r29
    171a:	87 0c       	add	r8, r7
    171c:	91 1c       	adc	r9, r1

0000171e <.L76>:
    171e:	f4 01       	movw	r30, r8
    1720:	82 91       	ld	r24, -Z
    1722:	4f 01       	movw	r8, r30
    1724:	b6 01       	movw	r22, r12
    1726:	90 e0       	ldi	r25, 0x00	; 0
    1728:	0e 94 df 0b 	call	0x17be	; 0x17be <fputc>
    172c:	8a 14       	cp	r8, r10
    172e:	9b 04       	cpc	r9, r11
    1730:	b1 f7       	brne	.-20     	; 0x171e <.L76>
    1732:	11 cf       	rjmp	.-478    	; 0x1556 <.L77>

00001734 <.L90>:
    1734:	b9 2c       	mov	r11, r9
    1736:	88 2e       	mov	r8, r24
    1738:	b5 cf       	rjmp	.-150    	; 0x16a4 <.L56>

0000173a <.L57>:
    173a:	82 fc       	sbrc	r8, 2
    173c:	02 c0       	rjmp	.+4      	; 0x1742 <.L59>

0000173e <.L128>:
    173e:	b3 94       	inc	r11
    1740:	ba cf       	rjmp	.-140    	; 0x16b6 <.L58>

00001742 <.L59>:
    1742:	b3 94       	inc	r11
    1744:	b3 94       	inc	r11
    1746:	b7 cf       	rjmp	.-146    	; 0x16b6 <.L58>

00001748 <.L89>:
    1748:	b9 2c       	mov	r11, r9
    174a:	88 2e       	mov	r8, r24
    174c:	e5 ce       	rjmp	.-566    	; 0x1518 <.L55>

0000174e <.L63>:
    174e:	b6 01       	movw	r22, r12
    1750:	80 e2       	ldi	r24, 0x20	; 32
    1752:	90 e0       	ldi	r25, 0x00	; 0
    1754:	0e 94 df 0b 	call	0x17be	; 0x17be <fputc>
    1758:	a3 94       	inc	r10

0000175a <.L61>:
    175a:	a6 14       	cp	r10, r6
    175c:	c0 f3       	brcs	.-16     	; 0x174e <.L63>
    175e:	b5 cf       	rjmp	.-150    	; 0x16ca <.L79>

00001760 <.L92>:
    1760:	ab 2c       	mov	r10, r11
    1762:	fb cf       	rjmp	.-10     	; 0x175a <.L61>

00001764 <.L94>:
    1764:	61 2c       	mov	r6, r1
    1766:	bb cf       	rjmp	.-138    	; 0x16de <.L67>

00001768 <.L68>:
    1768:	88 2d       	mov	r24, r8
    176a:	86 78       	andi	r24, 0x86	; 134
    176c:	51 f2       	breq	.-108    	; 0x1702 <.L74>
    176e:	80 e2       	ldi	r24, 0x20	; 32
    1770:	81 fc       	sbrc	r8, 1
    1772:	8b e2       	ldi	r24, 0x2B	; 43
    1774:	87 fc       	sbrc	r8, 7
    1776:	8d e2       	ldi	r24, 0x2D	; 45
    1778:	b6 01       	movw	r22, r12
    177a:	90 e0       	ldi	r25, 0x00	; 0
    177c:	c0 cf       	rjmp	.-128    	; 0x16fe <.L129>

0000177e <.L75>:
    177e:	b6 01       	movw	r22, r12
    1780:	80 e3       	ldi	r24, 0x30	; 48
    1782:	90 e0       	ldi	r25, 0x00	; 0
    1784:	0e 94 df 0b 	call	0x17be	; 0x17be <fputc>
    1788:	9a 94       	dec	r9
    178a:	bb cf       	rjmp	.-138    	; 0x1702 <.L74>

0000178c <.L80>:
    178c:	8f ef       	ldi	r24, 0xFF	; 255
    178e:	9f ef       	ldi	r25, 0xFF	; 255
    1790:	65 cf       	rjmp	.-310    	; 0x165c <.L1>

00001792 <strnlen_P>:
    1792:	fc 01       	movw	r30, r24

00001794 <.L_strnlen_P_loop>:
    1794:	05 90       	lpm	r0, Z+
    1796:	61 50       	subi	r22, 0x01	; 1
    1798:	70 40       	sbci	r23, 0x00	; 0
    179a:	01 10       	cpse	r0, r1
    179c:	d8 f7       	brcc	.-10     	; 0x1794 <.L_strnlen_P_loop>
    179e:	80 95       	com	r24
    17a0:	90 95       	com	r25
    17a2:	8e 0f       	add	r24, r30
    17a4:	9f 1f       	adc	r25, r31
    17a6:	08 95       	ret

000017a8 <strnlen>:
    17a8:	fc 01       	movw	r30, r24

000017aa <.L_strnlen_loop>:
    17aa:	61 50       	subi	r22, 0x01	; 1
    17ac:	70 40       	sbci	r23, 0x00	; 0
    17ae:	01 90       	ld	r0, Z+
    17b0:	01 10       	cpse	r0, r1
    17b2:	d8 f7       	brcc	.-10     	; 0x17aa <.L_strnlen_loop>
    17b4:	80 95       	com	r24
    17b6:	90 95       	com	r25
    17b8:	8e 0f       	add	r24, r30
    17ba:	9f 1f       	adc	r25, r31
    17bc:	08 95       	ret

000017be <fputc>:
    17be:	0f 93       	push	r16
    17c0:	1f 93       	push	r17
    17c2:	cf 93       	push	r28
    17c4:	df 93       	push	r29
    17c6:	18 2f       	mov	r17, r24
    17c8:	09 2f       	mov	r16, r25
    17ca:	eb 01       	movw	r28, r22
    17cc:	8b 81       	ldd	r24, Y+3	; 0x03
    17ce:	81 fd       	sbrc	r24, 1
    17d0:	09 c0       	rjmp	.+18     	; 0x17e4 <.L2>

000017d2 <.L7>:
    17d2:	0f ef       	ldi	r16, 0xFF	; 255
    17d4:	1f ef       	ldi	r17, 0xFF	; 255

000017d6 <.L3>:
    17d6:	81 2f       	mov	r24, r17
    17d8:	90 2f       	mov	r25, r16
    17da:	df 91       	pop	r29
    17dc:	cf 91       	pop	r28
    17de:	1f 91       	pop	r17
    17e0:	0f 91       	pop	r16
    17e2:	08 95       	ret

000017e4 <.L2>:
    17e4:	82 ff       	sbrs	r24, 2
    17e6:	14 c0       	rjmp	.+40     	; 0x1810 <.L4>
    17e8:	2e 81       	ldd	r18, Y+6	; 0x06
    17ea:	3f 81       	ldd	r19, Y+7	; 0x07
    17ec:	8c 81       	ldd	r24, Y+4	; 0x04
    17ee:	9d 81       	ldd	r25, Y+5	; 0x05
    17f0:	28 17       	cp	r18, r24
    17f2:	39 07       	cpc	r19, r25
    17f4:	3c f4       	brge	.+14     	; 0x1804 <.L8>
    17f6:	e8 81       	ld	r30, Y
    17f8:	f9 81       	ldd	r31, Y+1	; 0x01
    17fa:	cf 01       	movw	r24, r30
    17fc:	01 96       	adiw	r24, 0x01	; 1
    17fe:	88 83       	st	Y, r24
    1800:	99 83       	std	Y+1, r25	; 0x01
    1802:	10 83       	st	Z, r17

00001804 <.L8>:
    1804:	8e 81       	ldd	r24, Y+6	; 0x06
    1806:	9f 81       	ldd	r25, Y+7	; 0x07
    1808:	01 96       	adiw	r24, 0x01	; 1
    180a:	8e 83       	std	Y+6, r24	; 0x06
    180c:	9f 83       	std	Y+7, r25	; 0x07
    180e:	e3 cf       	rjmp	.-58     	; 0x17d6 <.L3>

00001810 <.L4>:
    1810:	e8 85       	ldd	r30, Y+8	; 0x08
    1812:	f9 85       	ldd	r31, Y+9	; 0x09
    1814:	81 2f       	mov	r24, r17
    1816:	09 95       	icall
    1818:	89 2b       	or	r24, r25
    181a:	a1 f3       	breq	.-24     	; 0x1804 <.L8>
    181c:	da cf       	rjmp	.-76     	; 0x17d2 <.L7>

0000181e <__ultoa_invert>:
    181e:	fa 01       	movw	r30, r20
    1820:	aa 27       	eor	r26, r26
    1822:	28 30       	cpi	r18, 0x08	; 8
    1824:	51 f1       	breq	.+84     	; 0x187a <.L_oct>
    1826:	20 31       	cpi	r18, 0x10	; 16
    1828:	81 f1       	breq	.+96     	; 0x188a <.L_hex>
    182a:	e8 94       	clt

0000182c <.L_dec_loop>:
    182c:	6f 93       	push	r22
    182e:	6e 7f       	andi	r22, 0xFE	; 254
    1830:	6e 5f       	subi	r22, 0xFE	; 254
    1832:	7f 4f       	sbci	r23, 0xFF	; 255
    1834:	8f 4f       	sbci	r24, 0xFF	; 255
    1836:	9f 4f       	sbci	r25, 0xFF	; 255
    1838:	af 4f       	sbci	r26, 0xFF	; 255
    183a:	b1 e0       	ldi	r27, 0x01	; 1
    183c:	3e d0       	rcall	.+124    	; 0x18ba <.L_div_add>
    183e:	b4 e0       	ldi	r27, 0x04	; 4
    1840:	3c d0       	rcall	.+120    	; 0x18ba <.L_div_add>
    1842:	67 0f       	add	r22, r23
    1844:	78 1f       	adc	r23, r24
    1846:	89 1f       	adc	r24, r25
    1848:	9a 1f       	adc	r25, r26
    184a:	a1 1d       	adc	r26, r1
    184c:	68 0f       	add	r22, r24
    184e:	79 1f       	adc	r23, r25
    1850:	8a 1f       	adc	r24, r26
    1852:	91 1d       	adc	r25, r1
    1854:	a1 1d       	adc	r26, r1
    1856:	6a 0f       	add	r22, r26
    1858:	71 1d       	adc	r23, r1
    185a:	81 1d       	adc	r24, r1
    185c:	91 1d       	adc	r25, r1
    185e:	a1 1d       	adc	r26, r1
    1860:	20 d0       	rcall	.+64     	; 0x18a2 <.L_lsr_4>
    1862:	09 f4       	brne	.+2      	; 0x1866 <.L1^B1>
    1864:	68 94       	set

00001866 <.L1^B1>:
    1866:	3f 91       	pop	r19
    1868:	2a e0       	ldi	r18, 0x0A	; 10
    186a:	26 9f       	mul	r18, r22
    186c:	11 24       	eor	r1, r1
    186e:	30 19       	sub	r19, r0
    1870:	30 5d       	subi	r19, 0xD0	; 208
    1872:	31 93       	st	Z+, r19
    1874:	de f6       	brtc	.-74     	; 0x182c <.L_dec_loop>

00001876 <.L_eos>:
    1876:	cf 01       	movw	r24, r30
    1878:	08 95       	ret

0000187a <.L_oct>:
    187a:	46 2f       	mov	r20, r22
    187c:	47 70       	andi	r20, 0x07	; 7
    187e:	40 5d       	subi	r20, 0xD0	; 208
    1880:	41 93       	st	Z+, r20
    1882:	b3 e0       	ldi	r27, 0x03	; 3
    1884:	0f d0       	rcall	.+30     	; 0x18a4 <.L_lsr>
    1886:	c9 f7       	brne	.-14     	; 0x187a <.L_oct>
    1888:	f6 cf       	rjmp	.-20     	; 0x1876 <.L_eos>

0000188a <.L_hex>:
    188a:	46 2f       	mov	r20, r22
    188c:	4f 70       	andi	r20, 0x0F	; 15
    188e:	40 5d       	subi	r20, 0xD0	; 208
    1890:	4a 33       	cpi	r20, 0x3A	; 58
    1892:	18 f0       	brcs	.+6      	; 0x189a <.L3^B1>
    1894:	49 5d       	subi	r20, 0xD9	; 217
    1896:	31 fd       	sbrc	r19, 1
    1898:	40 52       	subi	r20, 0x20	; 32

0000189a <.L3^B1>:
    189a:	41 93       	st	Z+, r20
    189c:	02 d0       	rcall	.+4      	; 0x18a2 <.L_lsr_4>
    189e:	a9 f7       	brne	.-22     	; 0x188a <.L_hex>
    18a0:	ea cf       	rjmp	.-44     	; 0x1876 <.L_eos>

000018a2 <.L_lsr_4>:
    18a2:	b4 e0       	ldi	r27, 0x04	; 4

000018a4 <.L_lsr>:
    18a4:	a6 95       	lsr	r26
    18a6:	97 95       	ror	r25
    18a8:	87 95       	ror	r24
    18aa:	77 95       	ror	r23
    18ac:	67 95       	ror	r22
    18ae:	ba 95       	dec	r27
    18b0:	c9 f7       	brne	.-14     	; 0x18a4 <.L_lsr>
    18b2:	00 97       	sbiw	r24, 0x00	; 0
    18b4:	61 05       	cpc	r22, r1
    18b6:	71 05       	cpc	r23, r1
    18b8:	08 95       	ret

000018ba <.L_div_add>:
    18ba:	9b 01       	movw	r18, r22
    18bc:	ac 01       	movw	r20, r24
    18be:	0a 2e       	mov	r0, r26

000018c0 <.L7^B1>:
    18c0:	06 94       	lsr	r0
    18c2:	57 95       	ror	r21
    18c4:	47 95       	ror	r20
    18c6:	37 95       	ror	r19
    18c8:	27 95       	ror	r18
    18ca:	ba 95       	dec	r27
    18cc:	c9 f7       	brne	.-14     	; 0x18c0 <.L7^B1>
    18ce:	62 0f       	add	r22, r18
    18d0:	73 1f       	adc	r23, r19
    18d2:	84 1f       	adc	r24, r20
    18d4:	95 1f       	adc	r25, r21
    18d6:	a0 1d       	adc	r26, r0
    18d8:	08 95       	ret

000018da <__negsi2>:
    18da:	90 95       	com	r25
    18dc:	80 95       	com	r24
    18de:	70 95       	com	r23
    18e0:	61 95       	neg	r22
    18e2:	7f 4f       	sbci	r23, 0xFF	; 255
    18e4:	8f 4f       	sbci	r24, 0xFF	; 255
    18e6:	9f 4f       	sbci	r25, 0xFF	; 255

000018e8 <.Loc.1>:
    18e8:	08 95       	ret

000018ea <__prologue_saves__>:
    18ea:	2f 92       	push	r2

000018ec <.Loc.1>:
    18ec:	3f 92       	push	r3

000018ee <.Loc.2>:
    18ee:	4f 92       	push	r4

000018f0 <.Loc.3>:
    18f0:	5f 92       	push	r5

000018f2 <.Loc.4>:
    18f2:	6f 92       	push	r6

000018f4 <.Loc.5>:
    18f4:	7f 92       	push	r7

000018f6 <.Loc.6>:
    18f6:	8f 92       	push	r8

000018f8 <.Loc.7>:
    18f8:	9f 92       	push	r9

000018fa <.Loc.8>:
    18fa:	af 92       	push	r10

000018fc <.Loc.9>:
    18fc:	bf 92       	push	r11

000018fe <.Loc.10>:
    18fe:	cf 92       	push	r12

00001900 <.Loc.11>:
    1900:	df 92       	push	r13

00001902 <.Loc.12>:
    1902:	ef 92       	push	r14

00001904 <.Loc.13>:
    1904:	ff 92       	push	r15

00001906 <.Loc.14>:
    1906:	0f 93       	push	r16

00001908 <.Loc.15>:
    1908:	1f 93       	push	r17

0000190a <.Loc.16>:
    190a:	cf 93       	push	r28

0000190c <.Loc.17>:
    190c:	df 93       	push	r29

0000190e <.Loc.18>:
    190e:	cd b7       	in	r28, 0x3d	; 61

00001910 <.Loc.19>:
    1910:	de b7       	in	r29, 0x3e	; 62

00001912 <.Loc.20>:
    1912:	ca 1b       	sub	r28, r26

00001914 <.Loc.21>:
    1914:	db 0b       	sbc	r29, r27

00001916 <.Loc.22>:
    1916:	0f b6       	in	r0, 0x3f	; 63

00001918 <.Loc.23>:
    1918:	f8 94       	cli

0000191a <.Loc.24>:
    191a:	de bf       	out	0x3e, r29	; 62

0000191c <.Loc.25>:
    191c:	0f be       	out	0x3f, r0	; 63

0000191e <.Loc.26>:
    191e:	cd bf       	out	0x3d, r28	; 61

00001920 <.Loc.27>:
    1920:	09 94       	ijmp

00001922 <__epilogue_restores__>:
    1922:	2a 88       	ldd	r2, Y+18	; 0x12

00001924 <.Loc.1>:
    1924:	39 88       	ldd	r3, Y+17	; 0x11

00001926 <.Loc.2>:
    1926:	48 88       	ldd	r4, Y+16	; 0x10

00001928 <.Loc.3>:
    1928:	5f 84       	ldd	r5, Y+15	; 0x0f

0000192a <.Loc.4>:
    192a:	6e 84       	ldd	r6, Y+14	; 0x0e

0000192c <.Loc.5>:
    192c:	7d 84       	ldd	r7, Y+13	; 0x0d

0000192e <.Loc.6>:
    192e:	8c 84       	ldd	r8, Y+12	; 0x0c

00001930 <.Loc.7>:
    1930:	9b 84       	ldd	r9, Y+11	; 0x0b

00001932 <.Loc.8>:
    1932:	aa 84       	ldd	r10, Y+10	; 0x0a

00001934 <.Loc.9>:
    1934:	b9 84       	ldd	r11, Y+9	; 0x09

00001936 <.Loc.10>:
    1936:	c8 84       	ldd	r12, Y+8	; 0x08

00001938 <.Loc.11>:
    1938:	df 80       	ldd	r13, Y+7	; 0x07

0000193a <.Loc.12>:
    193a:	ee 80       	ldd	r14, Y+6	; 0x06

0000193c <.Loc.13>:
    193c:	fd 80       	ldd	r15, Y+5	; 0x05

0000193e <.Loc.14>:
    193e:	0c 81       	ldd	r16, Y+4	; 0x04

00001940 <.Loc.15>:
    1940:	1b 81       	ldd	r17, Y+3	; 0x03

00001942 <.Loc.16>:
    1942:	aa 81       	ldd	r26, Y+2	; 0x02

00001944 <.Loc.17>:
    1944:	b9 81       	ldd	r27, Y+1	; 0x01

00001946 <.Loc.18>:
    1946:	ce 0f       	add	r28, r30

00001948 <.Loc.19>:
    1948:	d1 1d       	adc	r29, r1

0000194a <.Loc.20>:
    194a:	0f b6       	in	r0, 0x3f	; 63

0000194c <.Loc.21>:
    194c:	f8 94       	cli

0000194e <.Loc.22>:
    194e:	de bf       	out	0x3e, r29	; 62

00001950 <.Loc.23>:
    1950:	0f be       	out	0x3f, r0	; 63

00001952 <.Loc.24>:
    1952:	cd bf       	out	0x3d, r28	; 61

00001954 <.Loc.25>:
    1954:	ed 01       	movw	r28, r26

00001956 <.Loc.26>:
    1956:	08 95       	ret

00001958 <_exit>:
    1958:	f8 94       	cli

0000195a <__stop_program>:
    195a:	ff cf       	rjmp	.-2      	; 0x195a <__stop_program>
