
C:\Tas_5\release\DC2.elf:     file format elf32-avr

Sections:
Idx Name          Size      VMA       LMA       File off  Algn
  0 .text         00001780  00000000  00000000  00000094  2**1
                  CONTENTS, ALLOC, LOAD, READONLY, CODE
  1 .data         0000002a  00800060  00001780  00001814  2**0
                  CONTENTS, ALLOC, LOAD, DATA
  2 .bss          0000009c  0080008a  0080008a  0000183e  2**0
                  ALLOC
  3 .comment      0000005c  00000000  00000000  0000183e  2**0
                  CONTENTS, READONLY
  4 .note.gnu.avr.deviceinfo 0000003c  00000000  00000000  0000189c  2**2
                  CONTENTS, READONLY, OCTETS
  5 .debug_info   000004e6  00000000  00000000  000018d8  2**0
                  CONTENTS, READONLY, DEBUGGING, OCTETS
  6 .debug_abbrev 000004a3  00000000  00000000  00001dbe  2**0
                  CONTENTS, READONLY, DEBUGGING, OCTETS
  7 .debug_line   0000001d  00000000  00000000  00002261  2**0
                  CONTENTS, READONLY, DEBUGGING, OCTETS
  8 .debug_str    00000196  00000000  00000000  0000227e  2**0
                  CONTENTS, READONLY, DEBUGGING, OCTETS

Disassembly of section .text:

00000000 <__vectors>:
       0:	0c 94 2a 00 	jmp	0x54	; 0x54 <__ctors_end>
       4:	0c 94 bc 04 	jmp	0x978	; 0x978 <__vector_1>
       8:	0c 94 e5 04 	jmp	0x9ca	; 0x9ca <__vector_2>
       c:	0c 94 0e 05 	jmp	0xa1c	; 0xa1c <__vector_3>
      10:	0c 94 47 00 	jmp	0x8e	; 0x8e <__bad_interrupt>
      14:	0c 94 47 00 	jmp	0x8e	; 0x8e <__bad_interrupt>
      18:	0c 94 47 00 	jmp	0x8e	; 0x8e <__bad_interrupt>
      1c:	0c 94 47 00 	jmp	0x8e	; 0x8e <__bad_interrupt>
      20:	0c 94 47 00 	jmp	0x8e	; 0x8e <__bad_interrupt>
      24:	0c 94 47 00 	jmp	0x8e	; 0x8e <__bad_interrupt>
      28:	0c 94 25 06 	jmp	0xc4a	; 0xc4a <__vector_10>
      2c:	0c 94 4c 06 	jmp	0xc98	; 0xc98 <__vector_11>
      30:	0c 94 47 00 	jmp	0x8e	; 0x8e <__bad_interrupt>
      34:	0c 94 e4 07 	jmp	0xfc8	; 0xfc8 <__vector_13>
      38:	0c 94 3c 08 	jmp	0x1078	; 0x1078 <__vector_14>
      3c:	0c 94 13 08 	jmp	0x1026	; 0x1026 <__vector_15>
      40:	0c 94 47 00 	jmp	0x8e	; 0x8e <__bad_interrupt>
      44:	0c 94 47 00 	jmp	0x8e	; 0x8e <__bad_interrupt>
      48:	0c 94 47 00 	jmp	0x8e	; 0x8e <__bad_interrupt>
      4c:	0c 94 47 00 	jmp	0x8e	; 0x8e <__bad_interrupt>
      50:	0c 94 47 00 	jmp	0x8e	; 0x8e <__bad_interrupt>

00000054 <__ctors_end>:
      54:	11 24       	eor	r1, r1
      56:	1f be       	out	0x3f, r1	; 63
      58:	cf e5       	ldi	r28, 0x5F	; 95
      5a:	d8 e0       	ldi	r29, 0x08	; 8
      5c:	de bf       	out	0x3e, r29	; 62
      5e:	cd bf       	out	0x3d, r28	; 61

00000060 <__do_copy_data>:
      60:	10 e0       	ldi	r17, 0x00	; 0

00000062 <.Loc.1>:
      62:	a0 e6       	ldi	r26, 0x60	; 96

00000064 <.Loc.2>:
      64:	b0 e0       	ldi	r27, 0x00	; 0

00000066 <.Loc.3>:
      66:	e0 e8       	ldi	r30, 0x80	; 128

00000068 <.Loc.4>:
      68:	f7 e1       	ldi	r31, 0x17	; 23

0000006a <.Loc.5>:
      6a:	02 c0       	rjmp	.+4      	; 0x70 <.L__do_copy_data_start>

0000006c <.L__do_copy_data_loop>:
      6c:	05 90       	lpm	r0, Z+

0000006e <.Loc.7>:
      6e:	0d 92       	st	X+, r0

00000070 <.L__do_copy_data_start>:
      70:	aa 38       	cpi	r26, 0x8A	; 138

00000072 <.Loc.9>:
      72:	b1 07       	cpc	r27, r17

00000074 <.Loc.10>:
      74:	d9 f7       	brne	.-10     	; 0x6c <.L__do_copy_data_loop>

00000076 <__do_clear_bss>:
      76:	21 e0       	ldi	r18, 0x01	; 1

00000078 <.Loc.1>:
      78:	aa e8       	ldi	r26, 0x8A	; 138

0000007a <.Loc.2>:
      7a:	b0 e0       	ldi	r27, 0x00	; 0

0000007c <.Loc.3>:
      7c:	01 c0       	rjmp	.+2      	; 0x80 <.Loc.5>

0000007e <.Loc.4>:
      7e:	1d 92       	st	X+, r1

00000080 <.Loc.5>:
      80:	a6 32       	cpi	r26, 0x26	; 38

00000082 <.Loc.6>:
      82:	b2 07       	cpc	r27, r18

00000084 <.Loc.7>:
      84:	e1 f7       	brne	.-8      	; 0x7e <.Loc.4>

00000086 <L0^A>:
      86:	0e 94 65 08 	call	0x10ca	; 0x10ca <main>
      8a:	0c 94 b7 0b 	jmp	0x176e	; 0x176e <_exit>

0000008e <__bad_interrupt>:
      8e:	0c 94 00 00 	jmp	0	; 0x0 <__vectors>

00000092 <DCM_Init>:
      92:	41 e0       	ldi	r20, 0x01	; 1
      94:	65 e0       	ldi	r22, 0x05	; 5
      96:	83 e0       	ldi	r24, 0x03	; 3
      98:	0e 94 2a 03 	call	0x654	; 0x654 <DIO_InitPin>
      9c:	41 e0       	ldi	r20, 0x01	; 1
      9e:	66 e0       	ldi	r22, 0x06	; 6
      a0:	83 e0       	ldi	r24, 0x03	; 3
      a2:	0e 94 2a 03 	call	0x654	; 0x654 <DIO_InitPin>
      a6:	40 e0       	ldi	r20, 0x00	; 0
      a8:	65 e0       	ldi	r22, 0x05	; 5
      aa:	83 e0       	ldi	r24, 0x03	; 3
      ac:	0e 94 78 03 	call	0x6f0	; 0x6f0 <DIO_WritePin>
      b0:	40 e0       	ldi	r20, 0x00	; 0
      b2:	66 e0       	ldi	r22, 0x06	; 6
      b4:	83 e0       	ldi	r24, 0x03	; 3
      b6:	0c 94 78 03 	jmp	0x6f0	; 0x6f0 <DIO_WritePin>

000000ba <DCM_OpenGate>:
      ba:	41 e0       	ldi	r20, 0x01	; 1
      bc:	65 e0       	ldi	r22, 0x05	; 5
      be:	83 e0       	ldi	r24, 0x03	; 3
      c0:	0e 94 78 03 	call	0x6f0	; 0x6f0 <DIO_WritePin>
      c4:	40 e0       	ldi	r20, 0x00	; 0
      c6:	66 e0       	ldi	r22, 0x06	; 6
      c8:	83 e0       	ldi	r24, 0x03	; 3
      ca:	0e 94 78 03 	call	0x6f0	; 0x6f0 <DIO_WritePin>
      ce:	2f ef       	ldi	r18, 0xFF	; 255
      d0:	82 e5       	ldi	r24, 0x52	; 82
      d2:	97 e0       	ldi	r25, 0x07	; 7

000000d4 <.L1^B1>:
      d4:	21 50       	subi	r18, 0x01	; 1
      d6:	80 40       	sbci	r24, 0x00	; 0
      d8:	90 40       	sbci	r25, 0x00	; 0
      da:	e1 f7       	brne	.-8      	; 0xd4 <.L1^B1>
      dc:	00 c0       	rjmp	.+0      	; 0xde <L0^A>

000000de <L0^A>:
      de:	00 00       	nop
      e0:	40 e0       	ldi	r20, 0x00	; 0
      e2:	65 e0       	ldi	r22, 0x05	; 5
      e4:	83 e0       	ldi	r24, 0x03	; 3
      e6:	0e 94 78 03 	call	0x6f0	; 0x6f0 <DIO_WritePin>
      ea:	40 e0       	ldi	r20, 0x00	; 0
      ec:	66 e0       	ldi	r22, 0x06	; 6
      ee:	83 e0       	ldi	r24, 0x03	; 3
      f0:	0c 94 78 03 	jmp	0x6f0	; 0x6f0 <DIO_WritePin>

000000f4 <DCM_CloseGate>:
      f4:	40 e0       	ldi	r20, 0x00	; 0
      f6:	65 e0       	ldi	r22, 0x05	; 5
      f8:	83 e0       	ldi	r24, 0x03	; 3
      fa:	0e 94 78 03 	call	0x6f0	; 0x6f0 <DIO_WritePin>
      fe:	41 e0       	ldi	r20, 0x01	; 1
     100:	66 e0       	ldi	r22, 0x06	; 6
     102:	83 e0       	ldi	r24, 0x03	; 3
     104:	0e 94 78 03 	call	0x6f0	; 0x6f0 <DIO_WritePin>
     108:	2f ef       	ldi	r18, 0xFF	; 255
     10a:	82 e5       	ldi	r24, 0x52	; 82
     10c:	97 e0       	ldi	r25, 0x07	; 7

0000010e <.L1^B2>:
     10e:	21 50       	subi	r18, 0x01	; 1
     110:	80 40       	sbci	r24, 0x00	; 0
     112:	90 40       	sbci	r25, 0x00	; 0
     114:	e1 f7       	brne	.-8      	; 0x10e <.L1^B2>
     116:	00 c0       	rjmp	.+0      	; 0x118 <L0^A>

00000118 <L0^A>:
     118:	00 00       	nop
     11a:	40 e0       	ldi	r20, 0x00	; 0
     11c:	65 e0       	ldi	r22, 0x05	; 5
     11e:	83 e0       	ldi	r24, 0x03	; 3
     120:	0e 94 78 03 	call	0x6f0	; 0x6f0 <DIO_WritePin>
     124:	40 e0       	ldi	r20, 0x00	; 0
     126:	66 e0       	ldi	r22, 0x06	; 6
     128:	83 e0       	ldi	r24, 0x03	; 3
     12a:	0c 94 78 03 	jmp	0x6f0	; 0x6f0 <DIO_WritePin>

0000012e <DCM_Stop>:
     12e:	40 e0       	ldi	r20, 0x00	; 0
     130:	65 e0       	ldi	r22, 0x05	; 5
     132:	83 e0       	ldi	r24, 0x03	; 3
     134:	0e 94 78 03 	call	0x6f0	; 0x6f0 <DIO_WritePin>
     138:	40 e0       	ldi	r20, 0x00	; 0
     13a:	66 e0       	ldi	r22, 0x06	; 6
     13c:	83 e0       	ldi	r24, 0x03	; 3
     13e:	0c 94 78 03 	jmp	0x6f0	; 0x6f0 <DIO_WritePin>

00000142 <KeyPad_Init>:
     142:	ef 92       	push	r14
     144:	ff 92       	push	r15
     146:	0f 93       	push	r16
     148:	1f 93       	push	r17
     14a:	cf 93       	push	r28
     14c:	df 93       	push	r29
     14e:	c8 e7       	ldi	r28, 0x78	; 120
     150:	d0 e0       	ldi	r29, 0x00	; 0
     152:	9c e7       	ldi	r25, 0x7C	; 124
     154:	e9 2e       	mov	r14, r25
     156:	90 e0       	ldi	r25, 0x00	; 0
     158:	f9 2e       	mov	r15, r25

0000015a <.L2>:
     15a:	09 91       	ld	r16, Y+
     15c:	f7 01       	movw	r30, r14
     15e:	11 91       	ld	r17, Z+
     160:	7f 01       	movw	r14, r30
     162:	40 e0       	ldi	r20, 0x00	; 0
     164:	60 2f       	mov	r22, r16
     166:	81 2f       	mov	r24, r17
     168:	0e 94 2a 03 	call	0x654	; 0x654 <DIO_InitPin>
     16c:	41 e0       	ldi	r20, 0x01	; 1
     16e:	60 2f       	mov	r22, r16
     170:	81 2f       	mov	r24, r17
     172:	0e 94 78 03 	call	0x6f0	; 0x6f0 <DIO_WritePin>
     176:	f0 e0       	ldi	r31, 0x00	; 0
     178:	cc 37       	cpi	r28, 0x7C	; 124
     17a:	df 07       	cpc	r29, r31
     17c:	71 f7       	brne	.-36     	; 0x15a <.L2>
     17e:	c0 e7       	ldi	r28, 0x70	; 112
     180:	d0 e0       	ldi	r29, 0x00	; 0
     182:	84 e7       	ldi	r24, 0x74	; 116
     184:	e8 2e       	mov	r14, r24
     186:	80 e0       	ldi	r24, 0x00	; 0
     188:	f8 2e       	mov	r15, r24

0000018a <.L3>:
     18a:	09 91       	ld	r16, Y+
     18c:	f7 01       	movw	r30, r14
     18e:	11 91       	ld	r17, Z+
     190:	7f 01       	movw	r14, r30
     192:	41 e0       	ldi	r20, 0x01	; 1
     194:	60 2f       	mov	r22, r16
     196:	81 2f       	mov	r24, r17
     198:	0e 94 2a 03 	call	0x654	; 0x654 <DIO_InitPin>
     19c:	41 e0       	ldi	r20, 0x01	; 1
     19e:	60 2f       	mov	r22, r16
     1a0:	81 2f       	mov	r24, r17
     1a2:	0e 94 78 03 	call	0x6f0	; 0x6f0 <DIO_WritePin>
     1a6:	f0 e0       	ldi	r31, 0x00	; 0
     1a8:	c4 37       	cpi	r28, 0x74	; 116
     1aa:	df 07       	cpc	r29, r31
     1ac:	71 f7       	brne	.-36     	; 0x18a <.L3>
     1ae:	df 91       	pop	r29
     1b0:	cf 91       	pop	r28
     1b2:	1f 91       	pop	r17
     1b4:	0f 91       	pop	r16
     1b6:	ff 90       	pop	r15
     1b8:	ef 90       	pop	r14
     1ba:	08 95       	ret

000001bc <KeyPad_Getpressedkey>:
     1bc:	2f 92       	push	r2
     1be:	3f 92       	push	r3
     1c0:	4f 92       	push	r4
     1c2:	5f 92       	push	r5
     1c4:	6f 92       	push	r6
     1c6:	7f 92       	push	r7
     1c8:	8f 92       	push	r8
     1ca:	9f 92       	push	r9
     1cc:	af 92       	push	r10
     1ce:	bf 92       	push	r11
     1d0:	cf 92       	push	r12
     1d2:	df 92       	push	r13
     1d4:	ef 92       	push	r14
     1d6:	ff 92       	push	r15
     1d8:	0f 93       	push	r16
     1da:	1f 93       	push	r17
     1dc:	cf 93       	push	r28
     1de:	df 93       	push	r29
     1e0:	0f 92       	push	r0
     1e2:	cd b7       	in	r28, 0x3d	; 61
     1e4:	de b7       	in	r29, 0x3e	; 62
     1e6:	19 82       	std	Y+1, r1	; 0x01
     1e8:	50 e7       	ldi	r21, 0x70	; 112
     1ea:	85 2e       	mov	r8, r21
     1ec:	50 e0       	ldi	r21, 0x00	; 0
     1ee:	95 2e       	mov	r9, r21
     1f0:	64 e7       	ldi	r22, 0x74	; 116
     1f2:	66 2e       	mov	r6, r22
     1f4:	60 e0       	ldi	r22, 0x00	; 0
     1f6:	76 2e       	mov	r7, r22
     1f8:	a1 2c       	mov	r10, r1
     1fa:	b1 2c       	mov	r11, r1

000001fc <.L12>:
     1fc:	f4 01       	movw	r30, r8
     1fe:	20 80       	ld	r2, Z
     200:	f3 01       	movw	r30, r6
     202:	30 80       	ld	r3, Z
     204:	40 e0       	ldi	r20, 0x00	; 0
     206:	62 2d       	mov	r22, r2
     208:	83 2d       	mov	r24, r3
     20a:	0e 94 78 03 	call	0x6f0	; 0x6f0 <DIO_WritePin>
     20e:	38 e7       	ldi	r19, 0x78	; 120
     210:	c3 2e       	mov	r12, r19
     212:	30 e0       	ldi	r19, 0x00	; 0
     214:	d3 2e       	mov	r13, r19
     216:	4c e7       	ldi	r20, 0x7C	; 124
     218:	e4 2e       	mov	r14, r20
     21a:	40 e0       	ldi	r20, 0x00	; 0
     21c:	f4 2e       	mov	r15, r20
     21e:	00 e0       	ldi	r16, 0x00	; 0
     220:	10 e0       	ldi	r17, 0x00	; 0

00000222 <.L11>:
     222:	f6 01       	movw	r30, r12
     224:	50 80       	ld	r5, Z
     226:	f7 01       	movw	r30, r14
     228:	40 80       	ld	r4, Z
     22a:	ae 01       	movw	r20, r28
     22c:	4f 5f       	subi	r20, 0xFF	; 255
     22e:	5f 4f       	sbci	r21, 0xFF	; 255
     230:	65 2d       	mov	r22, r5
     232:	84 2d       	mov	r24, r4
     234:	0e 94 c6 03 	call	0x78c	; 0x78c <DIO_ReadPin>
     238:	89 81       	ldd	r24, Y+1	; 0x01
     23a:	81 15       	cp	r24, r1
     23c:	99 f1       	breq	.+102    	; 0x2a4 <.L17>
     23e:	9f ef       	ldi	r25, 0xFF	; 255
     240:	c9 1a       	sub	r12, r25
     242:	d9 0a       	sbc	r13, r25
     244:	ef ef       	ldi	r30, 0xFF	; 255
     246:	ee 1a       	sub	r14, r30
     248:	fe 0a       	sbc	r15, r30
     24a:	0f 5f       	subi	r16, 0xFF	; 255
     24c:	1f 4f       	sbci	r17, 0xFF	; 255
     24e:	04 30       	cpi	r16, 0x04	; 4
     250:	11 05       	cpc	r17, r1
     252:	39 f7       	brne	.-50     	; 0x222 <.L11>
     254:	ff ef       	ldi	r31, 0xFF	; 255
     256:	8f 1a       	sub	r8, r31
     258:	9f 0a       	sbc	r9, r31
     25a:	8f ef       	ldi	r24, 0xFF	; 255
     25c:	68 1a       	sub	r6, r24
     25e:	78 0a       	sbc	r7, r24
     260:	41 e0       	ldi	r20, 0x01	; 1
     262:	62 2d       	mov	r22, r2
     264:	83 2d       	mov	r24, r3
     266:	0e 94 78 03 	call	0x6f0	; 0x6f0 <DIO_WritePin>
     26a:	9f ef       	ldi	r25, 0xFF	; 255
     26c:	a9 1a       	sub	r10, r25
     26e:	b9 0a       	sbc	r11, r25
     270:	e4 e0       	ldi	r30, 0x04	; 4
     272:	ae 16       	cp	r10, r30
     274:	b1 04       	cpc	r11, r1
     276:	11 f6       	brne	.-124    	; 0x1fc <.L12>
     278:	1f ef       	ldi	r17, 0xFF	; 255

0000027a <.L7>:
     27a:	81 2f       	mov	r24, r17
     27c:	0f 90       	pop	r0
     27e:	df 91       	pop	r29
     280:	cf 91       	pop	r28
     282:	1f 91       	pop	r17
     284:	0f 91       	pop	r16
     286:	ff 90       	pop	r15
     288:	ef 90       	pop	r14
     28a:	df 90       	pop	r13
     28c:	cf 90       	pop	r12
     28e:	bf 90       	pop	r11
     290:	af 90       	pop	r10
     292:	9f 90       	pop	r9
     294:	8f 90       	pop	r8
     296:	7f 90       	pop	r7
     298:	6f 90       	pop	r6
     29a:	5f 90       	pop	r5
     29c:	4f 90       	pop	r4
     29e:	3f 90       	pop	r3
     2a0:	2f 90       	pop	r2
     2a2:	08 95       	ret

000002a4 <.L17>:
     2a4:	c5 01       	movw	r24, r10
     2a6:	88 0f       	add	r24, r24
     2a8:	99 1f       	adc	r25, r25
     2aa:	88 0f       	add	r24, r24
     2ac:	99 1f       	adc	r25, r25
     2ae:	80 5a       	subi	r24, 0xA0	; 160
     2b0:	9f 4f       	sbci	r25, 0xFF	; 255
     2b2:	fc 01       	movw	r30, r24
     2b4:	e0 0f       	add	r30, r16
     2b6:	f1 1f       	adc	r31, r17
     2b8:	10 81       	ld	r17, Z

000002ba <.L9>:
     2ba:	ae 01       	movw	r20, r28
     2bc:	4f 5f       	subi	r20, 0xFF	; 255
     2be:	5f 4f       	sbci	r21, 0xFF	; 255
     2c0:	65 2d       	mov	r22, r5
     2c2:	84 2d       	mov	r24, r4
     2c4:	0e 94 c6 03 	call	0x78c	; 0x78c <DIO_ReadPin>
     2c8:	89 81       	ldd	r24, Y+1	; 0x01
     2ca:	81 15       	cp	r24, r1
     2cc:	b1 f3       	breq	.-20     	; 0x2ba <.L9>
     2ce:	8f e3       	ldi	r24, 0x3F	; 63
     2d0:	9c e9       	ldi	r25, 0x9C	; 156

000002d2 <.L1^B1>:
     2d2:	01 97       	sbiw	r24, 0x01	; 1
     2d4:	f1 f7       	brne	.-4      	; 0x2d2 <.L1^B1>
     2d6:	00 c0       	rjmp	.+0      	; 0x2d8 <L0^A>

000002d8 <L0^A>:
     2d8:	00 00       	nop
     2da:	41 e0       	ldi	r20, 0x01	; 1
     2dc:	62 2d       	mov	r22, r2
     2de:	83 2d       	mov	r24, r3
     2e0:	0e 94 78 03 	call	0x6f0	; 0x6f0 <DIO_WritePin>
     2e4:	ca cf       	rjmp	.-108    	; 0x27a <.L7>

000002e6 <LCD_WriteData>:
     2e6:	cf 93       	push	r28
     2e8:	df 93       	push	r29
     2ea:	0f 92       	push	r0
     2ec:	cd b7       	in	r28, 0x3d	; 61
     2ee:	de b7       	in	r29, 0x3e	; 62
     2f0:	89 83       	std	Y+1, r24	; 0x01
     2f2:	61 30       	cpi	r22, 0x01	; 1
     2f4:	e1 f1       	breq	.+120    	; 0x36e <.L6>
     2f6:	20 f0       	brcs	.+8      	; 0x300 <.L7>
     2f8:	0f 90       	pop	r0
     2fa:	df 91       	pop	r29
     2fc:	cf 91       	pop	r28
     2fe:	08 95       	ret

00000300 <.L7>:
     300:	41 e0       	ldi	r20, 0x01	; 1
     302:	80 e0       	ldi	r24, 0x00	; 0
     304:	0e 94 78 03 	call	0x6f0	; 0x6f0 <DIO_WritePin>
     308:	40 e0       	ldi	r20, 0x00	; 0
     30a:	61 e0       	ldi	r22, 0x01	; 1
     30c:	80 e0       	ldi	r24, 0x00	; 0
     30e:	0e 94 78 03 	call	0x6f0	; 0x6f0 <DIO_WritePin>
     312:	69 81       	ldd	r22, Y+1	; 0x01
     314:	60 7f       	andi	r22, 0xF0	; 240
     316:	81 e0       	ldi	r24, 0x01	; 1
     318:	0e 94 b6 03 	call	0x76c	; 0x76c <DIO_WriteGroup>
     31c:	41 e0       	ldi	r20, 0x01	; 1
     31e:	62 e0       	ldi	r22, 0x02	; 2
     320:	80 e0       	ldi	r24, 0x00	; 0
     322:	0e 94 78 03 	call	0x6f0	; 0x6f0 <DIO_WritePin>
     326:	8f ec       	ldi	r24, 0xCF	; 207
     328:	97 e0       	ldi	r25, 0x07	; 7

0000032a <.L1^B1>:
     32a:	01 97       	sbiw	r24, 0x01	; 1
     32c:	f1 f7       	brne	.-4      	; 0x32a <.L1^B1>
     32e:	00 c0       	rjmp	.+0      	; 0x330 <L0^A>

00000330 <L0^A>:
     330:	00 00       	nop
     332:	40 e0       	ldi	r20, 0x00	; 0
     334:	62 e0       	ldi	r22, 0x02	; 2
     336:	80 e0       	ldi	r24, 0x00	; 0
     338:	0e 94 78 03 	call	0x6f0	; 0x6f0 <DIO_WritePin>
     33c:	69 81       	ldd	r22, Y+1	; 0x01
     33e:	62 95       	swap	r22
     340:	60 7f       	andi	r22, 0xF0	; 240

00000342 <.L4>:
     342:	81 e0       	ldi	r24, 0x01	; 1
     344:	0e 94 b6 03 	call	0x76c	; 0x76c <DIO_WriteGroup>
     348:	41 e0       	ldi	r20, 0x01	; 1
     34a:	62 e0       	ldi	r22, 0x02	; 2
     34c:	80 e0       	ldi	r24, 0x00	; 0
     34e:	0e 94 78 03 	call	0x6f0	; 0x6f0 <DIO_WritePin>
     352:	8f ec       	ldi	r24, 0xCF	; 207
     354:	97 e0       	ldi	r25, 0x07	; 7

00000356 <.L1^B2>:
     356:	01 97       	sbiw	r24, 0x01	; 1
     358:	f1 f7       	brne	.-4      	; 0x356 <.L1^B2>
     35a:	00 c0       	rjmp	.+0      	; 0x35c <L0^A>

0000035c <L0^A>:
     35c:	00 00       	nop
     35e:	40 e0       	ldi	r20, 0x00	; 0
     360:	62 e0       	ldi	r22, 0x02	; 2
     362:	80 e0       	ldi	r24, 0x00	; 0
     364:	0f 90       	pop	r0
     366:	df 91       	pop	r29
     368:	cf 91       	pop	r28
     36a:	0c 94 78 03 	jmp	0x6f0	; 0x6f0 <DIO_WritePin>

0000036e <.L6>:
     36e:	41 e0       	ldi	r20, 0x01	; 1
     370:	60 e0       	ldi	r22, 0x00	; 0
     372:	80 e0       	ldi	r24, 0x00	; 0
     374:	0e 94 78 03 	call	0x6f0	; 0x6f0 <DIO_WritePin>
     378:	40 e0       	ldi	r20, 0x00	; 0
     37a:	61 e0       	ldi	r22, 0x01	; 1
     37c:	80 e0       	ldi	r24, 0x00	; 0
     37e:	0e 94 78 03 	call	0x6f0	; 0x6f0 <DIO_WritePin>
     382:	69 81       	ldd	r22, Y+1	; 0x01
     384:	de cf       	rjmp	.-68     	; 0x342 <.L4>

00000386 <LCD_WriteInstruction>:
     386:	cf 93       	push	r28
     388:	df 93       	push	r29
     38a:	0f 92       	push	r0
     38c:	cd b7       	in	r28, 0x3d	; 61
     38e:	de b7       	in	r29, 0x3e	; 62
     390:	89 83       	std	Y+1, r24	; 0x01
     392:	61 30       	cpi	r22, 0x01	; 1
     394:	e1 f1       	breq	.+120    	; 0x40e <.L12>
     396:	20 f0       	brcs	.+8      	; 0x3a0 <.L13>
     398:	0f 90       	pop	r0
     39a:	df 91       	pop	r29
     39c:	cf 91       	pop	r28
     39e:	08 95       	ret

000003a0 <.L13>:
     3a0:	40 e0       	ldi	r20, 0x00	; 0
     3a2:	80 e0       	ldi	r24, 0x00	; 0
     3a4:	0e 94 78 03 	call	0x6f0	; 0x6f0 <DIO_WritePin>
     3a8:	40 e0       	ldi	r20, 0x00	; 0
     3aa:	61 e0       	ldi	r22, 0x01	; 1
     3ac:	80 e0       	ldi	r24, 0x00	; 0
     3ae:	0e 94 78 03 	call	0x6f0	; 0x6f0 <DIO_WritePin>
     3b2:	69 81       	ldd	r22, Y+1	; 0x01
     3b4:	60 7f       	andi	r22, 0xF0	; 240
     3b6:	81 e0       	ldi	r24, 0x01	; 1
     3b8:	0e 94 b6 03 	call	0x76c	; 0x76c <DIO_WriteGroup>
     3bc:	41 e0       	ldi	r20, 0x01	; 1
     3be:	62 e0       	ldi	r22, 0x02	; 2
     3c0:	80 e0       	ldi	r24, 0x00	; 0
     3c2:	0e 94 78 03 	call	0x6f0	; 0x6f0 <DIO_WritePin>
     3c6:	8f ec       	ldi	r24, 0xCF	; 207
     3c8:	97 e0       	ldi	r25, 0x07	; 7

000003ca <.L1^B3>:
     3ca:	01 97       	sbiw	r24, 0x01	; 1
     3cc:	f1 f7       	brne	.-4      	; 0x3ca <.L1^B3>
     3ce:	00 c0       	rjmp	.+0      	; 0x3d0 <L0^A>

000003d0 <L0^A>:
     3d0:	00 00       	nop
     3d2:	40 e0       	ldi	r20, 0x00	; 0
     3d4:	62 e0       	ldi	r22, 0x02	; 2
     3d6:	80 e0       	ldi	r24, 0x00	; 0
     3d8:	0e 94 78 03 	call	0x6f0	; 0x6f0 <DIO_WritePin>
     3dc:	69 81       	ldd	r22, Y+1	; 0x01
     3de:	62 95       	swap	r22
     3e0:	60 7f       	andi	r22, 0xF0	; 240

000003e2 <.L11>:
     3e2:	81 e0       	ldi	r24, 0x01	; 1
     3e4:	0e 94 b6 03 	call	0x76c	; 0x76c <DIO_WriteGroup>
     3e8:	41 e0       	ldi	r20, 0x01	; 1
     3ea:	62 e0       	ldi	r22, 0x02	; 2
     3ec:	80 e0       	ldi	r24, 0x00	; 0
     3ee:	0e 94 78 03 	call	0x6f0	; 0x6f0 <DIO_WritePin>
     3f2:	8f ec       	ldi	r24, 0xCF	; 207
     3f4:	97 e0       	ldi	r25, 0x07	; 7

000003f6 <.L1^B4>:
     3f6:	01 97       	sbiw	r24, 0x01	; 1
     3f8:	f1 f7       	brne	.-4      	; 0x3f6 <.L1^B4>
     3fa:	00 c0       	rjmp	.+0      	; 0x3fc <L0^A>

000003fc <L0^A>:
     3fc:	00 00       	nop
     3fe:	40 e0       	ldi	r20, 0x00	; 0
     400:	62 e0       	ldi	r22, 0x02	; 2
     402:	80 e0       	ldi	r24, 0x00	; 0
     404:	0f 90       	pop	r0
     406:	df 91       	pop	r29
     408:	cf 91       	pop	r28
     40a:	0c 94 78 03 	jmp	0x6f0	; 0x6f0 <DIO_WritePin>

0000040e <.L12>:
     40e:	40 e0       	ldi	r20, 0x00	; 0
     410:	60 e0       	ldi	r22, 0x00	; 0
     412:	80 e0       	ldi	r24, 0x00	; 0
     414:	0e 94 78 03 	call	0x6f0	; 0x6f0 <DIO_WritePin>
     418:	40 e0       	ldi	r20, 0x00	; 0
     41a:	61 e0       	ldi	r22, 0x01	; 1
     41c:	80 e0       	ldi	r24, 0x00	; 0
     41e:	0e 94 78 03 	call	0x6f0	; 0x6f0 <DIO_WritePin>
     422:	69 81       	ldd	r22, Y+1	; 0x01
     424:	de cf       	rjmp	.-68     	; 0x3e2 <.L11>

00000426 <LCD_Init>:
     426:	81 30       	cpi	r24, 0x01	; 1
     428:	09 f4       	brne	.+2      	; 0x42c <L0^A+0x2>

0000042a <L0^A>:
     42a:	50 c0       	rjmp	.+160    	; 0x4cc <.L18>
     42c:	08 f0       	brcs	.+2      	; 0x430 <.L19>
     42e:	08 95       	ret

00000430 <.L19>:
     430:	41 e0       	ldi	r20, 0x01	; 1
     432:	60 e0       	ldi	r22, 0x00	; 0
     434:	0e 94 2a 03 	call	0x654	; 0x654 <DIO_InitPin>
     438:	41 e0       	ldi	r20, 0x01	; 1
     43a:	61 e0       	ldi	r22, 0x01	; 1
     43c:	80 e0       	ldi	r24, 0x00	; 0
     43e:	0e 94 2a 03 	call	0x654	; 0x654 <DIO_InitPin>
     442:	41 e0       	ldi	r20, 0x01	; 1
     444:	62 e0       	ldi	r22, 0x02	; 2
     446:	80 e0       	ldi	r24, 0x00	; 0
     448:	0e 94 2a 03 	call	0x654	; 0x654 <DIO_InitPin>
     44c:	6f ef       	ldi	r22, 0xFF	; 255
     44e:	81 e0       	ldi	r24, 0x01	; 1
     450:	0e 94 68 03 	call	0x6d0	; 0x6d0 <DIO_InitGroup>
     454:	9f eb       	ldi	r25, 0xBF	; 191
     456:	2a ed       	ldi	r18, 0xDA	; 218
     458:	80 e0       	ldi	r24, 0x00	; 0

0000045a <.L1^B5>:
     45a:	91 50       	subi	r25, 0x01	; 1
     45c:	20 40       	sbci	r18, 0x00	; 0
     45e:	80 40       	sbci	r24, 0x00	; 0
     460:	e1 f7       	brne	.-8      	; 0x45a <.L1^B5>
     462:	00 c0       	rjmp	.+0      	; 0x464 <L0^A>

00000464 <L0^A>:
     464:	00 00       	nop
     466:	60 e0       	ldi	r22, 0x00	; 0
     468:	82 e0       	ldi	r24, 0x02	; 2
     46a:	0e 94 c3 01 	call	0x386	; 0x386 <LCD_WriteInstruction>
     46e:	8f ec       	ldi	r24, 0xCF	; 207
     470:	97 e0       	ldi	r25, 0x07	; 7

00000472 <.L1^B6>:
     472:	01 97       	sbiw	r24, 0x01	; 1
     474:	f1 f7       	brne	.-4      	; 0x472 <.L1^B6>
     476:	00 c0       	rjmp	.+0      	; 0x478 <L0^A>

00000478 <L0^A>:
     478:	00 00       	nop
     47a:	60 e0       	ldi	r22, 0x00	; 0
     47c:	88 e2       	ldi	r24, 0x28	; 40
     47e:	0e 94 c3 01 	call	0x386	; 0x386 <LCD_WriteInstruction>
     482:	8f ec       	ldi	r24, 0xCF	; 207
     484:	97 e0       	ldi	r25, 0x07	; 7

00000486 <.L1^B7>:
     486:	01 97       	sbiw	r24, 0x01	; 1
     488:	f1 f7       	brne	.-4      	; 0x486 <.L1^B7>
     48a:	00 c0       	rjmp	.+0      	; 0x48c <L0^A>

0000048c <L0^A>:
     48c:	00 00       	nop
     48e:	60 e0       	ldi	r22, 0x00	; 0
     490:	8c e0       	ldi	r24, 0x0C	; 12
     492:	0e 94 c3 01 	call	0x386	; 0x386 <LCD_WriteInstruction>
     496:	8f ec       	ldi	r24, 0xCF	; 207
     498:	97 e0       	ldi	r25, 0x07	; 7

0000049a <.L1^B8>:
     49a:	01 97       	sbiw	r24, 0x01	; 1
     49c:	f1 f7       	brne	.-4      	; 0x49a <.L1^B8>
     49e:	00 c0       	rjmp	.+0      	; 0x4a0 <L0^A>

000004a0 <L0^A>:
     4a0:	00 00       	nop
     4a2:	60 e0       	ldi	r22, 0x00	; 0
     4a4:	81 e0       	ldi	r24, 0x01	; 1
     4a6:	0e 94 c3 01 	call	0x386	; 0x386 <LCD_WriteInstruction>
     4aa:	8f e9       	ldi	r24, 0x9F	; 159
     4ac:	9f e0       	ldi	r25, 0x0F	; 15

000004ae <.L1^B9>:
     4ae:	01 97       	sbiw	r24, 0x01	; 1
     4b0:	f1 f7       	brne	.-4      	; 0x4ae <.L1^B9>
     4b2:	00 c0       	rjmp	.+0      	; 0x4b4 <L0^A>

000004b4 <L0^A>:
     4b4:	00 00       	nop
     4b6:	60 e0       	ldi	r22, 0x00	; 0

000004b8 <.L17>:
     4b8:	86 e0       	ldi	r24, 0x06	; 6
     4ba:	0e 94 c3 01 	call	0x386	; 0x386 <LCD_WriteInstruction>
     4be:	8f ec       	ldi	r24, 0xCF	; 207
     4c0:	97 e0       	ldi	r25, 0x07	; 7

000004c2 <.L1^B10>:
     4c2:	01 97       	sbiw	r24, 0x01	; 1
     4c4:	f1 f7       	brne	.-4      	; 0x4c2 <.L1^B10>
     4c6:	00 c0       	rjmp	.+0      	; 0x4c8 <L0^A>

000004c8 <L0^A>:
     4c8:	00 00       	nop
     4ca:	08 95       	ret

000004cc <.L18>:
     4cc:	41 e0       	ldi	r20, 0x01	; 1
     4ce:	60 e0       	ldi	r22, 0x00	; 0
     4d0:	80 e0       	ldi	r24, 0x00	; 0
     4d2:	0e 94 2a 03 	call	0x654	; 0x654 <DIO_InitPin>
     4d6:	41 e0       	ldi	r20, 0x01	; 1
     4d8:	61 e0       	ldi	r22, 0x01	; 1
     4da:	80 e0       	ldi	r24, 0x00	; 0
     4dc:	0e 94 2a 03 	call	0x654	; 0x654 <DIO_InitPin>
     4e0:	41 e0       	ldi	r20, 0x01	; 1
     4e2:	62 e0       	ldi	r22, 0x02	; 2
     4e4:	80 e0       	ldi	r24, 0x00	; 0
     4e6:	0e 94 2a 03 	call	0x654	; 0x654 <DIO_InitPin>
     4ea:	6f ef       	ldi	r22, 0xFF	; 255
     4ec:	81 e0       	ldi	r24, 0x01	; 1
     4ee:	0e 94 68 03 	call	0x6d0	; 0x6d0 <DIO_InitGroup>
     4f2:	2f eb       	ldi	r18, 0xBF	; 191
     4f4:	8a ed       	ldi	r24, 0xDA	; 218
     4f6:	90 e0       	ldi	r25, 0x00	; 0

000004f8 <.L1^B11>:
     4f8:	21 50       	subi	r18, 0x01	; 1
     4fa:	80 40       	sbci	r24, 0x00	; 0
     4fc:	90 40       	sbci	r25, 0x00	; 0
     4fe:	e1 f7       	brne	.-8      	; 0x4f8 <.L1^B11>
     500:	00 c0       	rjmp	.+0      	; 0x502 <L0^A>

00000502 <L0^A>:
     502:	00 00       	nop
     504:	61 e0       	ldi	r22, 0x01	; 1
     506:	88 e3       	ldi	r24, 0x38	; 56
     508:	0e 94 c3 01 	call	0x386	; 0x386 <LCD_WriteInstruction>
     50c:	8f ec       	ldi	r24, 0xCF	; 207
     50e:	97 e0       	ldi	r25, 0x07	; 7

00000510 <.L1^B12>:
     510:	01 97       	sbiw	r24, 0x01	; 1
     512:	f1 f7       	brne	.-4      	; 0x510 <.L1^B12>
     514:	00 c0       	rjmp	.+0      	; 0x516 <L0^A>

00000516 <L0^A>:
     516:	00 00       	nop
     518:	61 e0       	ldi	r22, 0x01	; 1
     51a:	8e e0       	ldi	r24, 0x0E	; 14
     51c:	0e 94 c3 01 	call	0x386	; 0x386 <LCD_WriteInstruction>
     520:	8f ec       	ldi	r24, 0xCF	; 207
     522:	97 e0       	ldi	r25, 0x07	; 7

00000524 <.L1^B13>:
     524:	01 97       	sbiw	r24, 0x01	; 1
     526:	f1 f7       	brne	.-4      	; 0x524 <.L1^B13>
     528:	00 c0       	rjmp	.+0      	; 0x52a <L0^A>

0000052a <L0^A>:
     52a:	00 00       	nop
     52c:	61 e0       	ldi	r22, 0x01	; 1
     52e:	81 e0       	ldi	r24, 0x01	; 1
     530:	0e 94 c3 01 	call	0x386	; 0x386 <LCD_WriteInstruction>
     534:	8f e9       	ldi	r24, 0x9F	; 159
     536:	9f e0       	ldi	r25, 0x0F	; 15

00000538 <.L1^B14>:
     538:	01 97       	sbiw	r24, 0x01	; 1
     53a:	f1 f7       	brne	.-4      	; 0x538 <.L1^B14>
     53c:	00 c0       	rjmp	.+0      	; 0x53e <L0^A>

0000053e <L0^A>:
     53e:	00 00       	nop
     540:	61 e0       	ldi	r22, 0x01	; 1
     542:	ba cf       	rjmp	.-140    	; 0x4b8 <.L17>

00000544 <LCD_WriteString>:
     544:	0f 93       	push	r16
     546:	1f 93       	push	r17
     548:	cf 93       	push	r28
     54a:	df 93       	push	r29
     54c:	00 d0       	rcall	.+0      	; 0x54e <L0^A>

0000054e <L0^A>:
     54e:	cd b7       	in	r28, 0x3d	; 61
     550:	de b7       	in	r29, 0x3e	; 62
     552:	8c 01       	movw	r16, r24
     554:	69 83       	std	Y+1, r22	; 0x01
     556:	00 97       	sbiw	r24, 0x00	; 0
     558:	91 f0       	breq	.+36     	; 0x57e <.L20>
     55a:	fc 01       	movw	r30, r24
     55c:	80 81       	ld	r24, Z
     55e:	81 15       	cp	r24, r1
     560:	71 f0       	breq	.+28     	; 0x57e <.L20>
     562:	1a 82       	std	Y+2, r1	; 0x02

00000564 <.L22>:
     564:	69 81       	ldd	r22, Y+1	; 0x01
     566:	0e 94 73 01 	call	0x2e6	; 0x2e6 <LCD_WriteData>
     56a:	fa 81       	ldd	r31, Y+2	; 0x02
     56c:	ff 5f       	subi	r31, 0xFF	; 255
     56e:	fa 83       	std	Y+2, r31	; 0x02
     570:	f8 01       	movw	r30, r16
     572:	8a 81       	ldd	r24, Y+2	; 0x02
     574:	e8 0f       	add	r30, r24
     576:	f1 1d       	adc	r31, r1
     578:	80 81       	ld	r24, Z
     57a:	81 11       	cpse	r24, r1
     57c:	f3 cf       	rjmp	.-26     	; 0x564 <.L22>

0000057e <.L20>:
     57e:	0f 90       	pop	r0
     580:	0f 90       	pop	r0
     582:	df 91       	pop	r29
     584:	cf 91       	pop	r28
     586:	1f 91       	pop	r17
     588:	0f 91       	pop	r16
     58a:	08 95       	ret

0000058c <LCD_GotoXY>:
     58c:	81 30       	cpi	r24, 0x01	; 1
     58e:	58 f0       	brcs	.+22     	; 0x5a6 <.L31>
     590:	31 f4       	brne	.+12     	; 0x59e <.L34>
     592:	80 e4       	ldi	r24, 0x40	; 64
     594:	86 0f       	add	r24, r22
     596:	80 68       	ori	r24, 0x80	; 128
     598:	60 e0       	ldi	r22, 0x00	; 0
     59a:	0c 94 c3 01 	jmp	0x386	; 0x386 <LCD_WriteInstruction>

0000059e <.L34>:
     59e:	80 e8       	ldi	r24, 0x80	; 128
     5a0:	60 e0       	ldi	r22, 0x00	; 0
     5a2:	0c 94 c3 01 	jmp	0x386	; 0x386 <LCD_WriteInstruction>

000005a6 <.L31>:
     5a6:	86 2f       	mov	r24, r22
     5a8:	80 68       	ori	r24, 0x80	; 128
     5aa:	60 e0       	ldi	r22, 0x00	; 0
     5ac:	0c 94 c3 01 	jmp	0x386	; 0x386 <LCD_WriteInstruction>

000005b0 <LCD_WriteNumber>:
     5b0:	ff 92       	push	r15
     5b2:	0f 93       	push	r16
     5b4:	1f 93       	push	r17
     5b6:	cf 93       	push	r28
     5b8:	df 93       	push	r29
     5ba:	cd b7       	in	r28, 0x3d	; 61
     5bc:	de b7       	in	r29, 0x3e	; 62
     5be:	2c 97       	sbiw	r28, 0x0c	; 12
     5c0:	0f b6       	in	r0, 0x3f	; 63
     5c2:	f8 94       	cli
     5c4:	de bf       	out	0x3e, r29	; 62
     5c6:	0f be       	out	0x3f, r0	; 63
     5c8:	cd bf       	out	0x3d, r28	; 61
     5ca:	4c 87       	std	Y+12, r20	; 0x0c
     5cc:	9f 93       	push	r25
     5ce:	8f 93       	push	r24
     5d0:	7f 93       	push	r23
     5d2:	6f 93       	push	r22
     5d4:	85 e8       	ldi	r24, 0x85	; 133
     5d6:	90 e0       	ldi	r25, 0x00	; 0
     5d8:	9f 93       	push	r25
     5da:	8f 93       	push	r24
     5dc:	8e 01       	movw	r16, r28
     5de:	0f 5f       	subi	r16, 0xFF	; 255
     5e0:	1f 4f       	sbci	r17, 0xFF	; 255
     5e2:	1f 93       	push	r17
     5e4:	0f 93       	push	r16
     5e6:	0e 94 bf 08 	call	0x117e	; 0x117e <sprintf>
     5ea:	89 81       	ldd	r24, Y+1	; 0x01
     5ec:	0f b6       	in	r0, 0x3f	; 63
     5ee:	f8 94       	cli
     5f0:	de bf       	out	0x3e, r29	; 62
     5f2:	0f be       	out	0x3f, r0	; 63
     5f4:	cd bf       	out	0x3d, r28	; 61
     5f6:	81 15       	cp	r24, r1
     5f8:	59 f0       	breq	.+22     	; 0x610 <.L35>
     5fa:	f1 2c       	mov	r15, r1

000005fc <.L37>:
     5fc:	6c 85       	ldd	r22, Y+12	; 0x0c
     5fe:	0e 94 73 01 	call	0x2e6	; 0x2e6 <LCD_WriteData>
     602:	f3 94       	inc	r15
     604:	f8 01       	movw	r30, r16
     606:	ef 0d       	add	r30, r15
     608:	f1 1d       	adc	r31, r1
     60a:	80 81       	ld	r24, Z
     60c:	81 11       	cpse	r24, r1
     60e:	f6 cf       	rjmp	.-20     	; 0x5fc <.L37>

00000610 <.L35>:
     610:	2c 96       	adiw	r28, 0x0c	; 12
     612:	0f b6       	in	r0, 0x3f	; 63
     614:	f8 94       	cli
     616:	de bf       	out	0x3e, r29	; 62
     618:	0f be       	out	0x3f, r0	; 63
     61a:	cd bf       	out	0x3d, r28	; 61
     61c:	df 91       	pop	r29
     61e:	cf 91       	pop	r28
     620:	1f 91       	pop	r17
     622:	0f 91       	pop	r16
     624:	ff 90       	pop	r15
     626:	08 95       	ret

00000628 <Led_Init>:
     628:	41 e0       	ldi	r20, 0x01	; 1
     62a:	0c 94 2a 03 	jmp	0x654	; 0x654 <DIO_InitPin>

0000062e <Led_on>:
     62e:	41 30       	cpi	r20, 0x01	; 1
     630:	21 f0       	breq	.+8      	; 0x63a <.L6>
     632:	42 30       	cpi	r20, 0x02	; 2
     634:	09 f0       	breq	.+2      	; 0x638 <.L7>
     636:	08 95       	ret

00000638 <.L7>:
     638:	40 e0       	ldi	r20, 0x00	; 0

0000063a <.L6>:
     63a:	0c 94 78 03 	jmp	0x6f0	; 0x6f0 <DIO_WritePin>

0000063e <Led_off>:
     63e:	41 30       	cpi	r20, 0x01	; 1
     640:	19 f0       	breq	.+6      	; 0x648 <.L11>
     642:	42 30       	cpi	r20, 0x02	; 2
     644:	21 f0       	breq	.+8      	; 0x64e <.L12>
     646:	08 95       	ret

00000648 <.L11>:
     648:	40 e0       	ldi	r20, 0x00	; 0
     64a:	0c 94 78 03 	jmp	0x6f0	; 0x6f0 <DIO_WritePin>

0000064e <.L12>:
     64e:	41 e0       	ldi	r20, 0x01	; 1
     650:	0c 94 78 03 	jmp	0x6f0	; 0x6f0 <DIO_WritePin>

00000654 <DIO_InitPin>:
     654:	84 30       	cpi	r24, 0x04	; 4
     656:	c0 f4       	brcc	.+48     	; 0x688 <.L1>
     658:	68 30       	cpi	r22, 0x08	; 8
     65a:	b0 f4       	brcc	.+44     	; 0x688 <.L1>
     65c:	41 30       	cpi	r20, 0x01	; 1
     65e:	a9 f0       	breq	.+42     	; 0x68a <.L11>
     660:	98 f4       	brcc	.+38     	; 0x688 <.L1>
     662:	21 e0       	ldi	r18, 0x01	; 1
     664:	01 c0       	rjmp	.+2      	; 0x668 <.L2^B1>

00000666 <.L1^B1>:
     666:	22 0f       	add	r18, r18

00000668 <.L2^B1>:
     668:	6a 95       	dec	r22
     66a:	ea f7       	brpl	.-6      	; 0x666 <.L1^B1>
     66c:	20 95       	com	r18
     66e:	82 30       	cpi	r24, 0x02	; 2
     670:	39 f1       	breq	.+78     	; 0x6c0 <.L7>
     672:	83 30       	cpi	r24, 0x03	; 3
     674:	31 f0       	breq	.+12     	; 0x682 <.L8>
     676:	81 30       	cpi	r24, 0x01	; 1
     678:	39 f1       	breq	.+78     	; 0x6c8 <.L9>
     67a:	8a b3       	in	r24, 0x1a	; 26
     67c:	82 23       	and	r24, r18
     67e:	8a bb       	out	0x1a, r24	; 26
     680:	08 95       	ret

00000682 <.L8>:
     682:	81 b3       	in	r24, 0x11	; 17
     684:	82 23       	and	r24, r18
     686:	81 bb       	out	0x11, r24	; 17

00000688 <.L1>:
     688:	08 95       	ret

0000068a <.L11>:
     68a:	21 e0       	ldi	r18, 0x01	; 1
     68c:	01 c0       	rjmp	.+2      	; 0x690 <.L2^B2>

0000068e <.L1^B2>:
     68e:	22 0f       	add	r18, r18

00000690 <.L2^B2>:
     690:	6a 95       	dec	r22
     692:	ea f7       	brpl	.-6      	; 0x68e <.L1^B2>
     694:	82 30       	cpi	r24, 0x02	; 2
     696:	61 f0       	breq	.+24     	; 0x6b0 <.L4>
     698:	83 30       	cpi	r24, 0x03	; 3
     69a:	31 f0       	breq	.+12     	; 0x6a8 <.L5>
     69c:	81 30       	cpi	r24, 0x01	; 1
     69e:	61 f0       	breq	.+24     	; 0x6b8 <.L6>
     6a0:	8a b3       	in	r24, 0x1a	; 26
     6a2:	82 2b       	or	r24, r18
     6a4:	8a bb       	out	0x1a, r24	; 26
     6a6:	08 95       	ret

000006a8 <.L5>:
     6a8:	81 b3       	in	r24, 0x11	; 17
     6aa:	82 2b       	or	r24, r18
     6ac:	81 bb       	out	0x11, r24	; 17
     6ae:	08 95       	ret

000006b0 <.L4>:
     6b0:	84 b3       	in	r24, 0x14	; 20
     6b2:	82 2b       	or	r24, r18
     6b4:	84 bb       	out	0x14, r24	; 20
     6b6:	08 95       	ret

000006b8 <.L6>:
     6b8:	87 b3       	in	r24, 0x17	; 23
     6ba:	82 2b       	or	r24, r18
     6bc:	87 bb       	out	0x17, r24	; 23
     6be:	08 95       	ret

000006c0 <.L7>:
     6c0:	84 b3       	in	r24, 0x14	; 20
     6c2:	82 23       	and	r24, r18
     6c4:	84 bb       	out	0x14, r24	; 20
     6c6:	08 95       	ret

000006c8 <.L9>:
     6c8:	87 b3       	in	r24, 0x17	; 23
     6ca:	82 23       	and	r24, r18
     6cc:	87 bb       	out	0x17, r24	; 23
     6ce:	08 95       	ret

000006d0 <DIO_InitGroup>:
     6d0:	82 30       	cpi	r24, 0x02	; 2
     6d2:	49 f0       	breq	.+18     	; 0x6e6 <.L13>
     6d4:	20 f4       	brcc	.+8      	; 0x6de <.L14>
     6d6:	81 15       	cp	r24, r1
     6d8:	41 f0       	breq	.+16     	; 0x6ea <.L20>
     6da:	67 bb       	out	0x17, r22	; 23
     6dc:	08 95       	ret

000006de <.L14>:
     6de:	83 30       	cpi	r24, 0x03	; 3
     6e0:	31 f4       	brne	.+12     	; 0x6ee <.L21>
     6e2:	61 bb       	out	0x11, r22	; 17
     6e4:	08 95       	ret

000006e6 <.L13>:
     6e6:	64 bb       	out	0x14, r22	; 20
     6e8:	08 95       	ret

000006ea <.L20>:
     6ea:	6a bb       	out	0x1a, r22	; 26
     6ec:	08 95       	ret

000006ee <.L21>:
     6ee:	08 95       	ret

000006f0 <DIO_WritePin>:
     6f0:	84 30       	cpi	r24, 0x04	; 4
     6f2:	c0 f4       	brcc	.+48     	; 0x724 <.L22>
     6f4:	68 30       	cpi	r22, 0x08	; 8
     6f6:	b0 f4       	brcc	.+44     	; 0x724 <.L22>
     6f8:	41 30       	cpi	r20, 0x01	; 1
     6fa:	a9 f0       	breq	.+42     	; 0x726 <.L31>
     6fc:	98 f4       	brcc	.+38     	; 0x724 <.L22>
     6fe:	21 e0       	ldi	r18, 0x01	; 1
     700:	01 c0       	rjmp	.+2      	; 0x704 <.L2^B3>

00000702 <.L1^B3>:
     702:	22 0f       	add	r18, r18

00000704 <.L2^B3>:
     704:	6a 95       	dec	r22
     706:	ea f7       	brpl	.-6      	; 0x702 <.L1^B3>
     708:	20 95       	com	r18
     70a:	82 30       	cpi	r24, 0x02	; 2
     70c:	39 f1       	breq	.+78     	; 0x75c <.L28>
     70e:	83 30       	cpi	r24, 0x03	; 3
     710:	31 f0       	breq	.+12     	; 0x71e <.L29>
     712:	81 30       	cpi	r24, 0x01	; 1
     714:	39 f1       	breq	.+78     	; 0x764 <.L30>
     716:	8b b3       	in	r24, 0x1b	; 27
     718:	82 23       	and	r24, r18
     71a:	8b bb       	out	0x1b, r24	; 27
     71c:	08 95       	ret

0000071e <.L29>:
     71e:	82 b3       	in	r24, 0x12	; 18
     720:	82 23       	and	r24, r18
     722:	82 bb       	out	0x12, r24	; 18

00000724 <.L22>:
     724:	08 95       	ret

00000726 <.L31>:
     726:	21 e0       	ldi	r18, 0x01	; 1
     728:	01 c0       	rjmp	.+2      	; 0x72c <.L2^B4>

0000072a <.L1^B4>:
     72a:	22 0f       	add	r18, r18

0000072c <.L2^B4>:
     72c:	6a 95       	dec	r22
     72e:	ea f7       	brpl	.-6      	; 0x72a <.L1^B4>
     730:	82 30       	cpi	r24, 0x02	; 2
     732:	61 f0       	breq	.+24     	; 0x74c <.L25>
     734:	83 30       	cpi	r24, 0x03	; 3
     736:	31 f0       	breq	.+12     	; 0x744 <.L26>
     738:	81 30       	cpi	r24, 0x01	; 1
     73a:	61 f0       	breq	.+24     	; 0x754 <.L27>
     73c:	8b b3       	in	r24, 0x1b	; 27
     73e:	82 2b       	or	r24, r18
     740:	8b bb       	out	0x1b, r24	; 27
     742:	08 95       	ret

00000744 <.L26>:
     744:	82 b3       	in	r24, 0x12	; 18
     746:	82 2b       	or	r24, r18
     748:	82 bb       	out	0x12, r24	; 18
     74a:	08 95       	ret

0000074c <.L25>:
     74c:	85 b3       	in	r24, 0x15	; 21
     74e:	82 2b       	or	r24, r18
     750:	85 bb       	out	0x15, r24	; 21
     752:	08 95       	ret

00000754 <.L27>:
     754:	88 b3       	in	r24, 0x18	; 24
     756:	82 2b       	or	r24, r18
     758:	88 bb       	out	0x18, r24	; 24
     75a:	08 95       	ret

0000075c <.L28>:
     75c:	85 b3       	in	r24, 0x15	; 21
     75e:	82 23       	and	r24, r18
     760:	85 bb       	out	0x15, r24	; 21
     762:	08 95       	ret

00000764 <.L30>:
     764:	88 b3       	in	r24, 0x18	; 24
     766:	82 23       	and	r24, r18
     768:	88 bb       	out	0x18, r24	; 24
     76a:	08 95       	ret

0000076c <DIO_WriteGroup>:
     76c:	82 30       	cpi	r24, 0x02	; 2
     76e:	49 f0       	breq	.+18     	; 0x782 <.L33>
     770:	20 f4       	brcc	.+8      	; 0x77a <.L34>
     772:	81 15       	cp	r24, r1
     774:	41 f0       	breq	.+16     	; 0x786 <.L40>
     776:	68 bb       	out	0x18, r22	; 24
     778:	08 95       	ret

0000077a <.L34>:
     77a:	83 30       	cpi	r24, 0x03	; 3
     77c:	31 f4       	brne	.+12     	; 0x78a <.L41>
     77e:	62 bb       	out	0x12, r22	; 18
     780:	08 95       	ret

00000782 <.L33>:
     782:	65 bb       	out	0x15, r22	; 21
     784:	08 95       	ret

00000786 <.L40>:
     786:	6b bb       	out	0x1b, r22	; 27
     788:	08 95       	ret

0000078a <.L41>:
     78a:	08 95       	ret

0000078c <DIO_ReadPin>:
     78c:	41 15       	cp	r20, r1
     78e:	51 05       	cpc	r21, r1
     790:	a1 f0       	breq	.+40     	; 0x7ba <.L42>
     792:	84 30       	cpi	r24, 0x04	; 4
     794:	90 f4       	brcc	.+36     	; 0x7ba <.L42>
     796:	68 30       	cpi	r22, 0x08	; 8
     798:	80 f4       	brcc	.+32     	; 0x7ba <.L42>
     79a:	82 30       	cpi	r24, 0x02	; 2
     79c:	99 f0       	breq	.+38     	; 0x7c4 <.L44>
     79e:	83 30       	cpi	r24, 0x03	; 3
     7a0:	79 f0       	breq	.+30     	; 0x7c0 <.L45>
     7a2:	81 30       	cpi	r24, 0x01	; 1
     7a4:	59 f4       	brne	.+22     	; 0x7bc <.L51>
     7a6:	86 b3       	in	r24, 0x16	; 22

000007a8 <.L50>:
     7a8:	90 e0       	ldi	r25, 0x00	; 0
     7aa:	02 c0       	rjmp	.+4      	; 0x7b0 <.L2^B5>

000007ac <.L1^B5>:
     7ac:	95 95       	asr	r25
     7ae:	87 95       	ror	r24

000007b0 <.L2^B5>:
     7b0:	6a 95       	dec	r22
     7b2:	e2 f7       	brpl	.-8      	; 0x7ac <.L1^B5>
     7b4:	81 70       	andi	r24, 0x01	; 1
     7b6:	fa 01       	movw	r30, r20
     7b8:	80 83       	st	Z, r24

000007ba <.L42>:
     7ba:	08 95       	ret

000007bc <.L51>:
     7bc:	89 b3       	in	r24, 0x19	; 25
     7be:	f4 cf       	rjmp	.-24     	; 0x7a8 <.L50>

000007c0 <.L45>:
     7c0:	80 b3       	in	r24, 0x10	; 16
     7c2:	f2 cf       	rjmp	.-28     	; 0x7a8 <.L50>

000007c4 <.L44>:
     7c4:	83 b3       	in	r24, 0x13	; 19
     7c6:	f0 cf       	rjmp	.-32     	; 0x7a8 <.L50>

000007c8 <DIO_ReadGroup>:
     7c8:	61 15       	cp	r22, r1
     7ca:	71 05       	cpc	r23, r1
     7cc:	71 f0       	breq	.+28     	; 0x7ea <.L52>
     7ce:	82 30       	cpi	r24, 0x02	; 2
     7d0:	91 f0       	breq	.+36     	; 0x7f6 <.L54>
     7d2:	30 f4       	brcc	.+12     	; 0x7e0 <.L55>
     7d4:	81 15       	cp	r24, r1
     7d6:	59 f0       	breq	.+22     	; 0x7ee <.L63>
     7d8:	86 b3       	in	r24, 0x16	; 22
     7da:	fb 01       	movw	r30, r22
     7dc:	80 83       	st	Z, r24
     7de:	08 95       	ret

000007e0 <.L55>:
     7e0:	83 30       	cpi	r24, 0x03	; 3
     7e2:	21 f4       	brne	.+8      	; 0x7ec <.L64>
     7e4:	80 b3       	in	r24, 0x10	; 16
     7e6:	fb 01       	movw	r30, r22
     7e8:	80 83       	st	Z, r24

000007ea <.L52>:
     7ea:	08 95       	ret

000007ec <.L64>:
     7ec:	08 95       	ret

000007ee <.L63>:
     7ee:	89 b3       	in	r24, 0x19	; 25
     7f0:	fb 01       	movw	r30, r22
     7f2:	80 83       	st	Z, r24
     7f4:	08 95       	ret

000007f6 <.L54>:
     7f6:	83 b3       	in	r24, 0x13	; 19
     7f8:	fb 01       	movw	r30, r22
     7fa:	80 83       	st	Z, r24
     7fc:	08 95       	ret

000007fe <DIO_Toggle>:
     7fe:	82 30       	cpi	r24, 0x02	; 2
     800:	b9 f0       	breq	.+46     	; 0x830 <.L66>
     802:	58 f4       	brcc	.+22     	; 0x81a <.L67>
     804:	81 15       	cp	r24, r1
     806:	e9 f0       	breq	.+58     	; 0x842 <.L73>
     808:	88 b3       	in	r24, 0x18	; 24
     80a:	21 e0       	ldi	r18, 0x01	; 1
     80c:	01 c0       	rjmp	.+2      	; 0x810 <.L2^B6>

0000080e <.L1^B6>:
     80e:	22 0f       	add	r18, r18

00000810 <.L2^B6>:
     810:	6a 95       	dec	r22
     812:	ea f7       	brpl	.-6      	; 0x80e <.L1^B6>
     814:	82 27       	eor	r24, r18
     816:	88 bb       	out	0x18, r24	; 24
     818:	08 95       	ret

0000081a <.L67>:
     81a:	83 30       	cpi	r24, 0x03	; 3
     81c:	d9 f4       	brne	.+54     	; 0x854 <.L74>
     81e:	82 b3       	in	r24, 0x12	; 18
     820:	21 e0       	ldi	r18, 0x01	; 1
     822:	01 c0       	rjmp	.+2      	; 0x826 <.L2^B7>

00000824 <.L1^B7>:
     824:	22 0f       	add	r18, r18

00000826 <.L2^B7>:
     826:	6a 95       	dec	r22
     828:	ea f7       	brpl	.-6      	; 0x824 <.L1^B7>
     82a:	82 27       	eor	r24, r18
     82c:	82 bb       	out	0x12, r24	; 18
     82e:	08 95       	ret

00000830 <.L66>:
     830:	85 b3       	in	r24, 0x15	; 21
     832:	21 e0       	ldi	r18, 0x01	; 1
     834:	01 c0       	rjmp	.+2      	; 0x838 <.L2^B8>

00000836 <.L1^B8>:
     836:	22 0f       	add	r18, r18

00000838 <.L2^B8>:
     838:	6a 95       	dec	r22
     83a:	ea f7       	brpl	.-6      	; 0x836 <.L1^B8>
     83c:	82 27       	eor	r24, r18
     83e:	85 bb       	out	0x15, r24	; 21
     840:	08 95       	ret

00000842 <.L73>:
     842:	8b b3       	in	r24, 0x1b	; 27
     844:	21 e0       	ldi	r18, 0x01	; 1
     846:	01 c0       	rjmp	.+2      	; 0x84a <.L2^B9>

00000848 <.L1^B9>:
     848:	22 0f       	add	r18, r18

0000084a <.L2^B9>:
     84a:	6a 95       	dec	r22
     84c:	ea f7       	brpl	.-6      	; 0x848 <.L1^B9>
     84e:	82 27       	eor	r24, r18
     850:	8b bb       	out	0x1b, r24	; 27
     852:	08 95       	ret

00000854 <.L74>:
     854:	08 95       	ret

00000856 <EXTI_Init>:
     856:	86 30       	cpi	r24, 0x06	; 6
     858:	b1 f0       	breq	.+44     	; 0x886 <.L13>
     85a:	87 30       	cpi	r24, 0x07	; 7
     85c:	19 f0       	breq	.+6      	; 0x864 <.L14>
     85e:	85 30       	cpi	r24, 0x05	; 5
     860:	09 f1       	breq	.+66     	; 0x8a4 <.L15>

00000862 <.L1>:
     862:	08 95       	ret

00000864 <.L14>:
     864:	64 30       	cpi	r22, 0x04	; 4
     866:	69 f1       	breq	.+90     	; 0x8c2 <.L16>
     868:	65 30       	cpi	r22, 0x05	; 5
     86a:	09 f4       	brne	.+2      	; 0x86e <L0^A+0x2>

0000086c <L0^A>:
     86c:	43 c0       	rjmp	.+134    	; 0x8f4 <.L17>
     86e:	66 30       	cpi	r22, 0x06	; 6
     870:	09 f4       	brne	.+2      	; 0x874 <L0^A+0x2>

00000872 <L0^A>:
     872:	47 c0       	rjmp	.+142    	; 0x902 <.L18>
     874:	67 30       	cpi	r22, 0x07	; 7
     876:	a9 f7       	brne	.-22     	; 0x862 <.L1>
     878:	85 b7       	in	r24, 0x35	; 53
     87a:	84 60       	ori	r24, 0x04	; 4
     87c:	85 bf       	out	0x35, r24	; 53
     87e:	85 b7       	in	r24, 0x35	; 53
     880:	88 60       	ori	r24, 0x08	; 8
     882:	85 bf       	out	0x35, r24	; 53
     884:	08 95       	ret

00000886 <.L13>:
     886:	64 30       	cpi	r22, 0x04	; 4
     888:	19 f1       	breq	.+70     	; 0x8d0 <.L19>
     88a:	65 30       	cpi	r22, 0x05	; 5
     88c:	99 f0       	breq	.+38     	; 0x8b4 <.L20>
     88e:	66 30       	cpi	r22, 0x06	; 6
     890:	31 f1       	breq	.+76     	; 0x8de <.L21>
     892:	67 30       	cpi	r22, 0x07	; 7
     894:	31 f7       	brne	.-52     	; 0x862 <.L1>
     896:	85 b7       	in	r24, 0x35	; 53
     898:	81 60       	ori	r24, 0x01	; 1
     89a:	85 bf       	out	0x35, r24	; 53
     89c:	85 b7       	in	r24, 0x35	; 53
     89e:	82 60       	ori	r24, 0x02	; 2
     8a0:	85 bf       	out	0x35, r24	; 53
     8a2:	08 95       	ret

000008a4 <.L15>:
     8a4:	66 30       	cpi	r22, 0x06	; 6
     8a6:	11 f1       	breq	.+68     	; 0x8ec <.L22>
     8a8:	67 30       	cpi	r22, 0x07	; 7
     8aa:	d9 f6       	brne	.-74     	; 0x862 <.L1>
     8ac:	84 b7       	in	r24, 0x34	; 52
     8ae:	80 64       	ori	r24, 0x40	; 64
     8b0:	84 bf       	out	0x34, r24	; 52
     8b2:	08 95       	ret

000008b4 <.L20>:
     8b4:	85 b7       	in	r24, 0x35	; 53
     8b6:	81 60       	ori	r24, 0x01	; 1
     8b8:	85 bf       	out	0x35, r24	; 53
     8ba:	85 b7       	in	r24, 0x35	; 53
     8bc:	8d 7f       	andi	r24, 0xFD	; 253
     8be:	85 bf       	out	0x35, r24	; 53
     8c0:	08 95       	ret

000008c2 <.L16>:
     8c2:	85 b7       	in	r24, 0x35	; 53
     8c4:	8b 7f       	andi	r24, 0xFB	; 251
     8c6:	85 bf       	out	0x35, r24	; 53
     8c8:	85 b7       	in	r24, 0x35	; 53
     8ca:	87 7f       	andi	r24, 0xF7	; 247
     8cc:	85 bf       	out	0x35, r24	; 53
     8ce:	08 95       	ret

000008d0 <.L19>:
     8d0:	85 b7       	in	r24, 0x35	; 53
     8d2:	8e 7f       	andi	r24, 0xFE	; 254
     8d4:	85 bf       	out	0x35, r24	; 53
     8d6:	85 b7       	in	r24, 0x35	; 53
     8d8:	8d 7f       	andi	r24, 0xFD	; 253
     8da:	85 bf       	out	0x35, r24	; 53
     8dc:	08 95       	ret

000008de <.L21>:
     8de:	85 b7       	in	r24, 0x35	; 53
     8e0:	8e 7f       	andi	r24, 0xFE	; 254
     8e2:	85 bf       	out	0x35, r24	; 53
     8e4:	85 b7       	in	r24, 0x35	; 53
     8e6:	82 60       	ori	r24, 0x02	; 2
     8e8:	85 bf       	out	0x35, r24	; 53
     8ea:	08 95       	ret

000008ec <.L22>:
     8ec:	84 b7       	in	r24, 0x34	; 52
     8ee:	8f 7b       	andi	r24, 0xBF	; 191
     8f0:	84 bf       	out	0x34, r24	; 52
     8f2:	08 95       	ret

000008f4 <.L17>:
     8f4:	85 b7       	in	r24, 0x35	; 53
     8f6:	84 60       	ori	r24, 0x04	; 4
     8f8:	85 bf       	out	0x35, r24	; 53
     8fa:	85 b7       	in	r24, 0x35	; 53
     8fc:	87 7f       	andi	r24, 0xF7	; 247
     8fe:	85 bf       	out	0x35, r24	; 53
     900:	08 95       	ret

00000902 <.L18>:
     902:	85 b7       	in	r24, 0x35	; 53
     904:	8b 7f       	andi	r24, 0xFB	; 251
     906:	85 bf       	out	0x35, r24	; 53
     908:	85 b7       	in	r24, 0x35	; 53
     90a:	88 60       	ori	r24, 0x08	; 8
     90c:	85 bf       	out	0x35, r24	; 53
     90e:	08 95       	ret

00000910 <EXTI_Enable>:
     910:	86 30       	cpi	r24, 0x06	; 6
     912:	49 f0       	breq	.+18     	; 0x926 <.L27>
     914:	87 30       	cpi	r24, 0x07	; 7
     916:	19 f0       	breq	.+6      	; 0x91e <.L28>
     918:	85 30       	cpi	r24, 0x05	; 5
     91a:	49 f0       	breq	.+18     	; 0x92e <.L29>
     91c:	08 95       	ret

0000091e <.L28>:
     91e:	8b b7       	in	r24, 0x3b	; 59
     920:	80 68       	ori	r24, 0x80	; 128
     922:	8b bf       	out	0x3b, r24	; 59
     924:	08 95       	ret

00000926 <.L27>:
     926:	8b b7       	in	r24, 0x3b	; 59
     928:	80 64       	ori	r24, 0x40	; 64
     92a:	8b bf       	out	0x3b, r24	; 59
     92c:	08 95       	ret

0000092e <.L29>:
     92e:	8b b7       	in	r24, 0x3b	; 59
     930:	80 62       	ori	r24, 0x20	; 32
     932:	8b bf       	out	0x3b, r24	; 59
     934:	08 95       	ret

00000936 <EXTI_Disable>:
     936:	86 30       	cpi	r24, 0x06	; 6
     938:	49 f0       	breq	.+18     	; 0x94c <.L34>
     93a:	87 30       	cpi	r24, 0x07	; 7
     93c:	19 f0       	breq	.+6      	; 0x944 <.L35>
     93e:	85 30       	cpi	r24, 0x05	; 5
     940:	49 f0       	breq	.+18     	; 0x954 <.L36>
     942:	08 95       	ret

00000944 <.L35>:
     944:	8b b7       	in	r24, 0x3b	; 59
     946:	8f 77       	andi	r24, 0x7F	; 127
     948:	8b bf       	out	0x3b, r24	; 59
     94a:	08 95       	ret

0000094c <.L34>:
     94c:	8b b7       	in	r24, 0x3b	; 59
     94e:	8f 7b       	andi	r24, 0xBF	; 191
     950:	8b bf       	out	0x3b, r24	; 59
     952:	08 95       	ret

00000954 <.L36>:
     954:	8b b7       	in	r24, 0x3b	; 59
     956:	8f 7d       	andi	r24, 0xDF	; 223
     958:	8b bf       	out	0x3b, r24	; 59
     95a:	08 95       	ret

0000095c <EXTI_CallBack>:
     95c:	83 30       	cpi	r24, 0x03	; 3
     95e:	58 f4       	brcc	.+22     	; 0x976 <.L37>
     960:	61 15       	cp	r22, r1
     962:	71 05       	cpc	r23, r1
     964:	41 f0       	breq	.+16     	; 0x976 <.L37>
     966:	e8 2f       	mov	r30, r24
     968:	f0 e0       	ldi	r31, 0x00	; 0
     96a:	ee 0f       	add	r30, r30
     96c:	ff 1f       	adc	r31, r31
     96e:	e6 57       	subi	r30, 0x76	; 118
     970:	ff 4f       	sbci	r31, 0xFF	; 255
     972:	60 83       	st	Z, r22
     974:	71 83       	std	Z+1, r23	; 0x01

00000976 <.L37>:
     976:	08 95       	ret

00000978 <__vector_1>:
     978:	1f 92       	push	r1
     97a:	0f 92       	push	r0
     97c:	0f b6       	in	r0, 0x3f	; 63
     97e:	0f 92       	push	r0
     980:	11 24       	eor	r1, r1
     982:	2f 93       	push	r18
     984:	3f 93       	push	r19
     986:	4f 93       	push	r20
     988:	5f 93       	push	r21
     98a:	6f 93       	push	r22
     98c:	7f 93       	push	r23
     98e:	8f 93       	push	r24
     990:	9f 93       	push	r25
     992:	af 93       	push	r26
     994:	bf 93       	push	r27
     996:	ef 93       	push	r30
     998:	ff 93       	push	r31
     99a:	e0 91 8a 00 	lds	r30, 0x008A	; 0x80008a <Ptr>
     99e:	f0 91 8b 00 	lds	r31, 0x008B	; 0x80008b <Ptr+0x1>
     9a2:	30 97       	sbiw	r30, 0x00	; 0
     9a4:	09 f0       	breq	.+2      	; 0x9a8 <.L42>
     9a6:	09 95       	icall

000009a8 <.L42>:
     9a8:	ff 91       	pop	r31
     9aa:	ef 91       	pop	r30
     9ac:	bf 91       	pop	r27
     9ae:	af 91       	pop	r26
     9b0:	9f 91       	pop	r25
     9b2:	8f 91       	pop	r24
     9b4:	7f 91       	pop	r23
     9b6:	6f 91       	pop	r22
     9b8:	5f 91       	pop	r21
     9ba:	4f 91       	pop	r20
     9bc:	3f 91       	pop	r19
     9be:	2f 91       	pop	r18
     9c0:	0f 90       	pop	r0
     9c2:	0f be       	out	0x3f, r0	; 63
     9c4:	0f 90       	pop	r0
     9c6:	1f 90       	pop	r1
     9c8:	18 95       	reti

000009ca <__vector_2>:
     9ca:	1f 92       	push	r1
     9cc:	0f 92       	push	r0
     9ce:	0f b6       	in	r0, 0x3f	; 63
     9d0:	0f 92       	push	r0
     9d2:	11 24       	eor	r1, r1
     9d4:	2f 93       	push	r18
     9d6:	3f 93       	push	r19
     9d8:	4f 93       	push	r20
     9da:	5f 93       	push	r21
     9dc:	6f 93       	push	r22
     9de:	7f 93       	push	r23
     9e0:	8f 93       	push	r24
     9e2:	9f 93       	push	r25
     9e4:	af 93       	push	r26
     9e6:	bf 93       	push	r27
     9e8:	ef 93       	push	r30
     9ea:	ff 93       	push	r31
     9ec:	e0 91 8c 00 	lds	r30, 0x008C	; 0x80008c <Ptr+0x2>
     9f0:	f0 91 8d 00 	lds	r31, 0x008D	; 0x80008d <Ptr+0x3>
     9f4:	30 97       	sbiw	r30, 0x00	; 0
     9f6:	09 f0       	breq	.+2      	; 0x9fa <.L47>
     9f8:	09 95       	icall

000009fa <.L47>:
     9fa:	ff 91       	pop	r31
     9fc:	ef 91       	pop	r30
     9fe:	bf 91       	pop	r27
     a00:	af 91       	pop	r26
     a02:	9f 91       	pop	r25
     a04:	8f 91       	pop	r24
     a06:	7f 91       	pop	r23
     a08:	6f 91       	pop	r22
     a0a:	5f 91       	pop	r21
     a0c:	4f 91       	pop	r20
     a0e:	3f 91       	pop	r19
     a10:	2f 91       	pop	r18
     a12:	0f 90       	pop	r0
     a14:	0f be       	out	0x3f, r0	; 63
     a16:	0f 90       	pop	r0
     a18:	1f 90       	pop	r1
     a1a:	18 95       	reti

00000a1c <__vector_3>:
     a1c:	1f 92       	push	r1
     a1e:	0f 92       	push	r0
     a20:	0f b6       	in	r0, 0x3f	; 63
     a22:	0f 92       	push	r0
     a24:	11 24       	eor	r1, r1
     a26:	2f 93       	push	r18
     a28:	3f 93       	push	r19
     a2a:	4f 93       	push	r20
     a2c:	5f 93       	push	r21
     a2e:	6f 93       	push	r22
     a30:	7f 93       	push	r23
     a32:	8f 93       	push	r24
     a34:	9f 93       	push	r25
     a36:	af 93       	push	r26
     a38:	bf 93       	push	r27
     a3a:	ef 93       	push	r30
     a3c:	ff 93       	push	r31
     a3e:	e0 91 8e 00 	lds	r30, 0x008E	; 0x80008e <Ptr+0x4>
     a42:	f0 91 8f 00 	lds	r31, 0x008F	; 0x80008f <Ptr+0x5>
     a46:	30 97       	sbiw	r30, 0x00	; 0
     a48:	09 f0       	breq	.+2      	; 0xa4c <.L52>
     a4a:	09 95       	icall

00000a4c <.L52>:
     a4c:	ff 91       	pop	r31
     a4e:	ef 91       	pop	r30
     a50:	bf 91       	pop	r27
     a52:	af 91       	pop	r26
     a54:	9f 91       	pop	r25
     a56:	8f 91       	pop	r24
     a58:	7f 91       	pop	r23
     a5a:	6f 91       	pop	r22
     a5c:	5f 91       	pop	r21
     a5e:	4f 91       	pop	r20
     a60:	3f 91       	pop	r19
     a62:	2f 91       	pop	r18
     a64:	0f 90       	pop	r0
     a66:	0f be       	out	0x3f, r0	; 63
     a68:	0f 90       	pop	r0
     a6a:	1f 90       	pop	r1
     a6c:	18 95       	reti

00000a6e <GIE_Enable>:
     a6e:	8f b7       	in	r24, 0x3f	; 63
     a70:	80 68       	ori	r24, 0x80	; 128
     a72:	8f bf       	out	0x3f, r24	; 63
     a74:	08 95       	ret

00000a76 <GIE_Disable>:
     a76:	8f b7       	in	r24, 0x3f	; 63
     a78:	8f 77       	andi	r24, 0x7F	; 127
     a7a:	8f bf       	out	0x3f, r24	; 63
     a7c:	08 95       	ret

00000a7e <TIMER0_Init>:
     a7e:	cf 93       	push	r28
     a80:	df 93       	push	r29
     a82:	00 d0       	rcall	.+0      	; 0xa84 <L0^A>

00000a84 <L0^A>:
     a84:	00 d0       	rcall	.+0      	; 0xa86 <L0^A>

00000a86 <L0^A>:
     a86:	0f 92       	push	r0
     a88:	cd b7       	in	r28, 0x3d	; 61
     a8a:	de b7       	in	r29, 0x3e	; 62
     a8c:	49 83       	std	Y+1, r20	; 0x01
     a8e:	5a 83       	std	Y+2, r21	; 0x02
     a90:	6b 83       	std	Y+3, r22	; 0x03
     a92:	27 2f       	mov	r18, r23
     a94:	7c 83       	std	Y+4, r23	; 0x04
     a96:	8d 83       	std	Y+5, r24	; 0x05
     a98:	13 be       	out	0x33, r1	; 51
     a9a:	41 30       	cpi	r20, 0x01	; 1
     a9c:	98 f4       	brcc	.+38     	; 0xac4 <.L2>
     a9e:	83 b7       	in	r24, 0x33	; 51
     aa0:	8f 7b       	andi	r24, 0xBF	; 191
     aa2:	83 bf       	out	0x33, r24	; 51
     aa4:	83 b7       	in	r24, 0x33	; 51
     aa6:	87 7f       	andi	r24, 0xF7	; 247
     aa8:	83 bf       	out	0x33, r24	; 51
     aaa:	8a 81       	ldd	r24, Y+2	; 0x02
     aac:	82 bf       	out	0x32, r24	; 50
     aae:	89 b7       	in	r24, 0x39	; 57
     ab0:	81 60       	ori	r24, 0x01	; 1
     ab2:	89 bf       	out	0x39, r24	; 57

00000ab4 <.L1>:
     ab4:	0f 90       	pop	r0
     ab6:	0f 90       	pop	r0
     ab8:	0f 90       	pop	r0
     aba:	0f 90       	pop	r0
     abc:	0f 90       	pop	r0
     abe:	df 91       	pop	r29
     ac0:	cf 91       	pop	r28
     ac2:	08 95       	ret

00000ac4 <.L2>:
     ac4:	91 f0       	breq	.+36     	; 0xaea <.L18>
     ac6:	42 30       	cpi	r20, 0x02	; 2
     ac8:	19 f1       	breq	.+70     	; 0xb10 <.L19>
     aca:	43 30       	cpi	r20, 0x03	; 3
     acc:	99 f7       	brne	.-26     	; 0xab4 <.L1>
     ace:	83 b7       	in	r24, 0x33	; 51
     ad0:	80 64       	ori	r24, 0x40	; 64
     ad2:	83 bf       	out	0x33, r24	; 51
     ad4:	83 b7       	in	r24, 0x33	; 51
     ad6:	87 7f       	andi	r24, 0xF7	; 247
     ad8:	83 bf       	out	0x33, r24	; 51
     ada:	71 30       	cpi	r23, 0x01	; 1
     adc:	09 f4       	brne	.+2      	; 0xae0 <L0^A+0x2>

00000ade <L0^A>:
     ade:	47 c0       	rjmp	.+142    	; 0xb6e <.L20>
     ae0:	72 30       	cpi	r23, 0x02	; 2
     ae2:	09 f4       	brne	.+2      	; 0xae6 <L0^A+0x2>

00000ae4 <L0^A>:
     ae4:	4e c0       	rjmp	.+156    	; 0xb82 <.L21>
     ae6:	1c ba       	out	0x1c, r1	; 28
     ae8:	e5 cf       	rjmp	.-54     	; 0xab4 <.L1>

00000aea <.L18>:
     aea:	83 b7       	in	r24, 0x33	; 51
     aec:	8f 7b       	andi	r24, 0xBF	; 191
     aee:	83 bf       	out	0x33, r24	; 51
     af0:	83 b7       	in	r24, 0x33	; 51
     af2:	88 60       	ori	r24, 0x08	; 8
     af4:	83 bf       	out	0x33, r24	; 51
     af6:	8b 81       	ldd	r24, Y+3	; 0x03
     af8:	8c bb       	out	0x1c, r24	; 28
     afa:	89 b7       	in	r24, 0x39	; 57
     afc:	82 60       	ori	r24, 0x02	; 2
     afe:	89 bf       	out	0x39, r24	; 57
     b00:	0f 90       	pop	r0
     b02:	0f 90       	pop	r0
     b04:	0f 90       	pop	r0
     b06:	0f 90       	pop	r0
     b08:	0f 90       	pop	r0
     b0a:	df 91       	pop	r29
     b0c:	cf 91       	pop	r28
     b0e:	08 95       	ret

00000b10 <.L19>:
     b10:	83 b7       	in	r24, 0x33	; 51
     b12:	80 64       	ori	r24, 0x40	; 64
     b14:	83 bf       	out	0x33, r24	; 51
     b16:	83 b7       	in	r24, 0x33	; 51
     b18:	88 60       	ori	r24, 0x08	; 8
     b1a:	83 bf       	out	0x33, r24	; 51
     b1c:	71 30       	cpi	r23, 0x01	; 1
     b1e:	a1 f1       	breq	.+104    	; 0xb88 <.L22>
     b20:	72 30       	cpi	r23, 0x02	; 2
     b22:	61 f0       	breq	.+24     	; 0xb3c <.L23>
     b24:	2d 81       	ldd	r18, Y+5	; 0x05
     b26:	25 36       	cpi	r18, 0x65	; 101
     b28:	28 f6       	brcc	.-118    	; 0xab4 <.L1>
     b2a:	80 91 94 00 	lds	r24, 0x0094	; 0x800094 <StaticPWMOutputMode>
     b2e:	81 30       	cpi	r24, 0x01	; 1
     b30:	b9 f1       	breq	.+110    	; 0xba0 <.L7>
     b32:	82 30       	cpi	r24, 0x02	; 2
     b34:	79 f0       	breq	.+30     	; 0xb54 <.L9>
     b36:	20 e0       	ldi	r18, 0x00	; 0
     b38:	2c bb       	out	0x1c, r18	; 28
     b3a:	bc cf       	rjmp	.-136    	; 0xab4 <.L1>

00000b3c <.L23>:
     b3c:	83 b7       	in	r24, 0x33	; 51
     b3e:	80 61       	ori	r24, 0x10	; 16
     b40:	83 bf       	out	0x33, r24	; 51
     b42:	83 b7       	in	r24, 0x33	; 51
     b44:	80 62       	ori	r24, 0x20	; 32
     b46:	83 bf       	out	0x33, r24	; 51
     b48:	70 93 94 00 	sts	0x0094, r23	; 0x800094 <StaticPWMOutputMode>
     b4c:	2d 81       	ldd	r18, Y+5	; 0x05
     b4e:	25 36       	cpi	r18, 0x65	; 101
     b50:	08 f0       	brcs	.+2      	; 0xb54 <.L9>

00000b52 <L0^A>:
     b52:	b0 cf       	rjmp	.-160    	; 0xab4 <.L1>

00000b54 <.L9>:
     b54:	30 e0       	ldi	r19, 0x00	; 0
     b56:	af ef       	ldi	r26, 0xFF	; 255
     b58:	b0 e0       	ldi	r27, 0x00	; 0
     b5a:	0e 94 88 08 	call	0x1110	; 0x1110 <__umulhisi3>
     b5e:	24 e6       	ldi	r18, 0x64	; 100
     b60:	40 e0       	ldi	r20, 0x00	; 0
     b62:	50 e0       	ldi	r21, 0x00	; 0
     b64:	0e 94 97 08 	call	0x112e	; 0x112e <__udivmodsi4>
     b68:	20 95       	com	r18
     b6a:	2c bb       	out	0x1c, r18	; 28
     b6c:	a3 cf       	rjmp	.-186    	; 0xab4 <.L1>

00000b6e <.L20>:
     b6e:	83 b7       	in	r24, 0x33	; 51
     b70:	8f 7e       	andi	r24, 0xEF	; 239

00000b72 <.L16>:
     b72:	83 bf       	out	0x33, r24	; 51
     b74:	83 b7       	in	r24, 0x33	; 51
     b76:	80 62       	ori	r24, 0x20	; 32
     b78:	83 bf       	out	0x33, r24	; 51
     b7a:	20 93 94 00 	sts	0x0094, r18	; 0x800094 <StaticPWMOutputMode>
     b7e:	1c ba       	out	0x1c, r1	; 28
     b80:	99 cf       	rjmp	.-206    	; 0xab4 <.L1>

00000b82 <.L21>:
     b82:	83 b7       	in	r24, 0x33	; 51
     b84:	80 61       	ori	r24, 0x10	; 16
     b86:	f5 cf       	rjmp	.-22     	; 0xb72 <.L16>

00000b88 <.L22>:
     b88:	83 b7       	in	r24, 0x33	; 51
     b8a:	80 62       	ori	r24, 0x20	; 32
     b8c:	83 bf       	out	0x33, r24	; 51
     b8e:	83 b7       	in	r24, 0x33	; 51
     b90:	8f 7e       	andi	r24, 0xEF	; 239
     b92:	83 bf       	out	0x33, r24	; 51
     b94:	70 93 94 00 	sts	0x0094, r23	; 0x800094 <StaticPWMOutputMode>
     b98:	2d 81       	ldd	r18, Y+5	; 0x05
     b9a:	25 36       	cpi	r18, 0x65	; 101
     b9c:	08 f0       	brcs	.+2      	; 0xba0 <.L7>

00000b9e <L0^A>:
     b9e:	8a cf       	rjmp	.-236    	; 0xab4 <.L1>

00000ba0 <.L7>:
     ba0:	30 e0       	ldi	r19, 0x00	; 0
     ba2:	af ef       	ldi	r26, 0xFF	; 255
     ba4:	b0 e0       	ldi	r27, 0x00	; 0
     ba6:	0e 94 88 08 	call	0x1110	; 0x1110 <__umulhisi3>
     baa:	24 e6       	ldi	r18, 0x64	; 100
     bac:	40 e0       	ldi	r20, 0x00	; 0
     bae:	50 e0       	ldi	r21, 0x00	; 0
     bb0:	0e 94 97 08 	call	0x112e	; 0x112e <__udivmodsi4>
     bb4:	2c bb       	out	0x1c, r18	; 28
     bb6:	7e cf       	rjmp	.-260    	; 0xab4 <.L1>

00000bb8 <TIMER0_Start>:
     bb8:	81 15       	cp	r24, r1
     bba:	21 f0       	breq	.+8      	; 0xbc4 <.L24>
     bbc:	93 b7       	in	r25, 0x33	; 51
     bbe:	98 7f       	andi	r25, 0xF8	; 248
     bc0:	89 2b       	or	r24, r25
     bc2:	83 bf       	out	0x33, r24	; 51

00000bc4 <.L24>:
     bc4:	08 95       	ret

00000bc6 <TIMER0_Stop>:
     bc6:	83 b7       	in	r24, 0x33	; 51
     bc8:	88 7f       	andi	r24, 0xF8	; 248
     bca:	83 bf       	out	0x33, r24	; 51
     bcc:	08 95       	ret

00000bce <TIMER0_SetPreload>:
     bce:	82 bf       	out	0x32, r24	; 50
     bd0:	08 95       	ret

00000bd2 <TIMER0_SetCompare>:
     bd2:	8c bb       	out	0x1c, r24	; 28
     bd4:	08 95       	ret

00000bd6 <TIMER0_SetCallBackFunction>:
     bd6:	81 30       	cpi	r24, 0x01	; 1
     bd8:	40 f4       	brcc	.+16     	; 0xbea <.L33>
     bda:	61 15       	cp	r22, r1
     bdc:	71 05       	cpc	r23, r1
     bde:	31 f0       	breq	.+12     	; 0xbec <.L32>
     be0:	60 93 92 00 	sts	0x0092, r22	; 0x800092 <Timer0_OVFCallBack>
     be4:	70 93 93 00 	sts	0x0093, r23	; 0x800093 <Timer0_OVFCallBack+0x1>
     be8:	08 95       	ret

00000bea <.L33>:
     bea:	09 f0       	breq	.+2      	; 0xbee <.L41>

00000bec <.L32>:
     bec:	08 95       	ret

00000bee <.L41>:
     bee:	61 15       	cp	r22, r1
     bf0:	71 05       	cpc	r23, r1
     bf2:	e1 f3       	breq	.-8      	; 0xbec <.L32>
     bf4:	60 93 90 00 	sts	0x0090, r22	; 0x800090 <Timer0_CTCCallBack>
     bf8:	70 93 91 00 	sts	0x0091, r23	; 0x800091 <Timer0_CTCCallBack+0x1>
     bfc:	08 95       	ret

00000bfe <TIMER0_SetPWMDutyCycle>:
     bfe:	85 36       	cpi	r24, 0x65	; 101
     c00:	40 f4       	brcc	.+16     	; 0xc12 <.L42>
     c02:	90 91 94 00 	lds	r25, 0x0094	; 0x800094 <StaticPWMOutputMode>
     c06:	91 30       	cpi	r25, 0x01	; 1
     c08:	29 f0       	breq	.+10     	; 0xc14 <.L47>
     c0a:	20 e0       	ldi	r18, 0x00	; 0
     c0c:	92 30       	cpi	r25, 0x02	; 2
     c0e:	79 f0       	breq	.+30     	; 0xc2e <.L48>
     c10:	2c bb       	out	0x1c, r18	; 28

00000c12 <.L42>:
     c12:	08 95       	ret

00000c14 <.L47>:
     c14:	28 2f       	mov	r18, r24
     c16:	30 e0       	ldi	r19, 0x00	; 0
     c18:	af ef       	ldi	r26, 0xFF	; 255
     c1a:	b0 e0       	ldi	r27, 0x00	; 0
     c1c:	0e 94 88 08 	call	0x1110	; 0x1110 <__umulhisi3>
     c20:	24 e6       	ldi	r18, 0x64	; 100
     c22:	40 e0       	ldi	r20, 0x00	; 0
     c24:	50 e0       	ldi	r21, 0x00	; 0
     c26:	0e 94 97 08 	call	0x112e	; 0x112e <__udivmodsi4>
     c2a:	2c bb       	out	0x1c, r18	; 28
     c2c:	08 95       	ret

00000c2e <.L48>:
     c2e:	28 2f       	mov	r18, r24
     c30:	30 e0       	ldi	r19, 0x00	; 0
     c32:	af ef       	ldi	r26, 0xFF	; 255
     c34:	b0 e0       	ldi	r27, 0x00	; 0
     c36:	0e 94 88 08 	call	0x1110	; 0x1110 <__umulhisi3>
     c3a:	24 e6       	ldi	r18, 0x64	; 100
     c3c:	40 e0       	ldi	r20, 0x00	; 0
     c3e:	50 e0       	ldi	r21, 0x00	; 0
     c40:	0e 94 97 08 	call	0x112e	; 0x112e <__udivmodsi4>
     c44:	20 95       	com	r18
     c46:	2c bb       	out	0x1c, r18	; 28
     c48:	08 95       	ret

00000c4a <__vector_10>:
     c4a:	1f 92       	push	r1
     c4c:	0f 92       	push	r0
     c4e:	0f b6       	in	r0, 0x3f	; 63
     c50:	0f 92       	push	r0
     c52:	11 24       	eor	r1, r1
     c54:	2f 93       	push	r18
     c56:	3f 93       	push	r19
     c58:	4f 93       	push	r20
     c5a:	5f 93       	push	r21
     c5c:	6f 93       	push	r22
     c5e:	7f 93       	push	r23
     c60:	8f 93       	push	r24
     c62:	9f 93       	push	r25
     c64:	af 93       	push	r26
     c66:	bf 93       	push	r27
     c68:	ef 93       	push	r30
     c6a:	ff 93       	push	r31
     c6c:	e0 91 90 00 	lds	r30, 0x0090	; 0x800090 <Timer0_CTCCallBack>
     c70:	f0 91 91 00 	lds	r31, 0x0091	; 0x800091 <Timer0_CTCCallBack+0x1>
     c74:	09 95       	icall
     c76:	ff 91       	pop	r31
     c78:	ef 91       	pop	r30
     c7a:	bf 91       	pop	r27
     c7c:	af 91       	pop	r26
     c7e:	9f 91       	pop	r25
     c80:	8f 91       	pop	r24
     c82:	7f 91       	pop	r23
     c84:	6f 91       	pop	r22
     c86:	5f 91       	pop	r21
     c88:	4f 91       	pop	r20
     c8a:	3f 91       	pop	r19
     c8c:	2f 91       	pop	r18
     c8e:	0f 90       	pop	r0
     c90:	0f be       	out	0x3f, r0	; 63
     c92:	0f 90       	pop	r0
     c94:	1f 90       	pop	r1
     c96:	18 95       	reti

00000c98 <__vector_11>:
     c98:	1f 92       	push	r1
     c9a:	0f 92       	push	r0
     c9c:	0f b6       	in	r0, 0x3f	; 63
     c9e:	0f 92       	push	r0
     ca0:	11 24       	eor	r1, r1
     ca2:	2f 93       	push	r18
     ca4:	3f 93       	push	r19
     ca6:	4f 93       	push	r20
     ca8:	5f 93       	push	r21
     caa:	6f 93       	push	r22
     cac:	7f 93       	push	r23
     cae:	8f 93       	push	r24
     cb0:	9f 93       	push	r25
     cb2:	af 93       	push	r26
     cb4:	bf 93       	push	r27
     cb6:	ef 93       	push	r30
     cb8:	ff 93       	push	r31
     cba:	e0 91 92 00 	lds	r30, 0x0092	; 0x800092 <Timer0_OVFCallBack>
     cbe:	f0 91 93 00 	lds	r31, 0x0093	; 0x800093 <Timer0_OVFCallBack+0x1>
     cc2:	09 95       	icall
     cc4:	ff 91       	pop	r31
     cc6:	ef 91       	pop	r30
     cc8:	bf 91       	pop	r27
     cca:	af 91       	pop	r26
     ccc:	9f 91       	pop	r25
     cce:	8f 91       	pop	r24
     cd0:	7f 91       	pop	r23
     cd2:	6f 91       	pop	r22
     cd4:	5f 91       	pop	r21
     cd6:	4f 91       	pop	r20
     cd8:	3f 91       	pop	r19
     cda:	2f 91       	pop	r18
     cdc:	0f 90       	pop	r0
     cde:	0f be       	out	0x3f, r0	; 63
     ce0:	0f 90       	pop	r0
     ce2:	1f 90       	pop	r1
     ce4:	18 95       	reti

00000ce6 <UART_Init>:
     ce6:	ef 92       	push	r14
     ce8:	ff 92       	push	r15
     cea:	0f 93       	push	r16
     cec:	1f 93       	push	r17
     cee:	cf 93       	push	r28
     cf0:	df 93       	push	r29
     cf2:	cd b7       	in	r28, 0x3d	; 61
     cf4:	de b7       	in	r29, 0x3e	; 62
     cf6:	2b 97       	sbiw	r28, 0x0b	; 11
     cf8:	0f b6       	in	r0, 0x3f	; 63
     cfa:	f8 94       	cli
     cfc:	de bf       	out	0x3e, r29	; 62
     cfe:	0f be       	out	0x3f, r0	; 63
     d00:	cd bf       	out	0x3d, r28	; 61
     d02:	ae 2d       	mov	r26, r14
     d04:	e9 82       	std	Y+1, r14	; 0x01
     d06:	ff 2d       	mov	r31, r15
     d08:	fa 82       	std	Y+2, r15	; 0x02
     d0a:	e0 2f       	mov	r30, r16
     d0c:	0b 83       	std	Y+3, r16	; 0x03
     d0e:	91 2f       	mov	r25, r17
     d10:	1c 83       	std	Y+4, r17	; 0x04
     d12:	2d 83       	std	Y+5, r18	; 0x05
     d14:	3e 83       	std	Y+6, r19	; 0x06
     d16:	4f 83       	std	Y+7, r20	; 0x07
     d18:	58 87       	std	Y+8, r21	; 0x08
     d1a:	06 2f       	mov	r16, r22
     d1c:	69 87       	std	Y+9, r22	; 0x09
     d1e:	67 2f       	mov	r22, r23
     d20:	7a 87       	std	Y+10, r23	; 0x0a
     d22:	18 2f       	mov	r17, r24
     d24:	8b 87       	std	Y+11, r24	; 0x0b
     d26:	2d 81       	ldd	r18, Y+5	; 0x05
     d28:	3e 81       	ldd	r19, Y+6	; 0x06
     d2a:	4f 81       	ldd	r20, Y+7	; 0x07
     d2c:	58 85       	ldd	r21, Y+8	; 0x08
     d2e:	e0 92 97 00 	sts	0x0097, r14	; 0x800097 <GlobaleUart_Config>
     d32:	f0 92 98 00 	sts	0x0098, r15	; 0x800098 <GlobaleUart_Config+0x1>
     d36:	e0 93 99 00 	sts	0x0099, r30	; 0x800099 <GlobaleUart_Config+0x2>
     d3a:	90 93 9a 00 	sts	0x009A, r25	; 0x80009a <GlobaleUart_Config+0x3>
     d3e:	20 93 9b 00 	sts	0x009B, r18	; 0x80009b <GlobaleUart_Config+0x4>
     d42:	30 93 9c 00 	sts	0x009C, r19	; 0x80009c <GlobaleUart_Config+0x5>
     d46:	40 93 9d 00 	sts	0x009D, r20	; 0x80009d <GlobaleUart_Config+0x6>
     d4a:	50 93 9e 00 	sts	0x009E, r21	; 0x80009e <GlobaleUart_Config+0x7>
     d4e:	00 93 9f 00 	sts	0x009F, r16	; 0x80009f <GlobaleUart_Config+0x8>
     d52:	70 93 a0 00 	sts	0x00A0, r23	; 0x8000a0 <GlobaleUart_Config+0x9>
     d56:	80 93 a1 00 	sts	0x00A1, r24	; 0x8000a1 <GlobaleUart_Config+0xa>
     d5a:	80 ec       	ldi	r24, 0xC0	; 192
     d5c:	a1 30       	cpi	r26, 0x01	; 1
     d5e:	09 f0       	breq	.+2      	; 0xd62 <.L2>
     d60:	80 e8       	ldi	r24, 0x80	; 128

00000d62 <.L2>:
     d62:	e1 30       	cpi	r30, 0x01	; 1
     d64:	09 f4       	brne	.+2      	; 0xd68 <L0^A+0x2>

00000d66 <L0^A>:
     d66:	74 c0       	rjmp	.+232    	; 0xe50 <.L35>
     d68:	e2 30       	cpi	r30, 0x02	; 2
     d6a:	09 f4       	brne	.+2      	; 0xd6e <.L4>

00000d6c <L0^A>:
     d6c:	5a c0       	rjmp	.+180    	; 0xe22 <.L36>

00000d6e <.L4>:
     d6e:	f1 30       	cpi	r31, 0x01	; 1
     d70:	09 f4       	brne	.+2      	; 0xd74 <.L5>

00000d72 <L0^A>:
     d72:	5b c0       	rjmp	.+182    	; 0xe2a <.L37>

00000d74 <.L5>:
     d74:	91 30       	cpi	r25, 0x01	; 1
     d76:	58 f0       	brcs	.+22     	; 0xd8e <.L6>
     d78:	09 f4       	brne	.+2      	; 0xd7c <L0^A+0x2>

00000d7a <L0^A>:
     d7a:	6f c0       	rjmp	.+222    	; 0xe5a <.L38>
     d7c:	92 30       	cpi	r25, 0x02	; 2
     d7e:	09 f4       	brne	.+2      	; 0xd82 <L0^A+0x2>

00000d80 <L0^A>:
     d80:	75 c0       	rjmp	.+234    	; 0xe6c <.L39>
     d82:	93 30       	cpi	r25, 0x03	; 3
     d84:	09 f4       	brne	.+2      	; 0xd88 <L0^A+0x2>

00000d86 <L0^A>:
     d86:	6b c0       	rjmp	.+214    	; 0xe5e <.L29>
     d88:	97 30       	cpi	r25, 0x07	; 7
     d8a:	09 f4       	brne	.+2      	; 0xd8e <.L6>

00000d8c <L0^A>:
     d8c:	68 c0       	rjmp	.+208    	; 0xe5e <.L29>

00000d8e <.L6>:
     d8e:	80 bd       	out	0x20, r24	; 32
     d90:	61 30       	cpi	r22, 0x01	; 1
     d92:	e8 f5       	brcc	.+122    	; 0xe0e <.L10>
     d94:	59 98       	cbi	0x0b, 1	; 11
     d96:	22 0f       	add	r18, r18
     d98:	33 1f       	adc	r19, r19
     d9a:	44 1f       	adc	r20, r20
     d9c:	55 1f       	adc	r21, r21
     d9e:	22 0f       	add	r18, r18
     da0:	33 1f       	adc	r19, r19
     da2:	44 1f       	adc	r20, r20
     da4:	55 1f       	adc	r21, r21
     da6:	22 0f       	add	r18, r18
     da8:	33 1f       	adc	r19, r19
     daa:	44 1f       	adc	r20, r20
     dac:	55 1f       	adc	r21, r21
     dae:	22 0f       	add	r18, r18
     db0:	33 1f       	adc	r19, r19
     db2:	44 1f       	adc	r20, r20
     db4:	55 1f       	adc	r21, r21

00000db6 <.L30>:
     db6:	60 e0       	ldi	r22, 0x00	; 0
     db8:	72 e1       	ldi	r23, 0x12	; 18
     dba:	8a e7       	ldi	r24, 0x7A	; 122
     dbc:	90 e0       	ldi	r25, 0x00	; 0
     dbe:	0e 94 97 08 	call	0x112e	; 0x112e <__udivmodsi4>
     dc2:	21 50       	subi	r18, 0x01	; 1
     dc4:	31 09       	sbc	r19, r1
     dc6:	92 2f       	mov	r25, r18
     dc8:	83 2f       	mov	r24, r19

00000dca <.L11>:
     dca:	99 b9       	out	0x09, r25	; 9
     dcc:	80 bd       	out	0x20, r24	; 32
     dce:	57 98       	cbi	0x0a, 7	; 10
     dd0:	56 98       	cbi	0x0a, 6	; 10
     dd2:	55 98       	cbi	0x0a, 5	; 10
     dd4:	11 50       	subi	r17, 0x01	; 1
     dd6:	17 30       	cpi	r17, 0x07	; 7
     dd8:	48 f4       	brcc	.+18     	; 0xdec <.L12>
     dda:	e1 2f       	mov	r30, r17
     ddc:	f0 e0       	ldi	r31, 0x00	; 0
     dde:	e7 54       	subi	r30, 0x47	; 71
     de0:	f4 4f       	sbci	r31, 0xF4	; 244
     de2:	0c 94 b9 08 	jmp	0x1172	; 0x1172 <__tablejump2__>

00000de6 <.L13>:
     de6:	56 9a       	sbi	0x0a, 6	; 10

00000de8 <.L33>:
     de8:	57 9a       	sbi	0x0a, 7	; 10

00000dea <.L32>:
     dea:	55 9a       	sbi	0x0a, 5	; 10

00000dec <.L12>:
     dec:	01 30       	cpi	r16, 0x01	; 1
     dee:	98 f4       	brcc	.+38     	; 0xe16 <.L21>
     df0:	54 9a       	sbi	0x0a, 4	; 10
     df2:	53 98       	cbi	0x0a, 3	; 10

00000df4 <.L1>:
     df4:	2b 96       	adiw	r28, 0x0b	; 11
     df6:	0f b6       	in	r0, 0x3f	; 63
     df8:	f8 94       	cli
     dfa:	de bf       	out	0x3e, r29	; 62
     dfc:	0f be       	out	0x3f, r0	; 63
     dfe:	cd bf       	out	0x3d, r28	; 61
     e00:	df 91       	pop	r29
     e02:	cf 91       	pop	r28
     e04:	1f 91       	pop	r17
     e06:	0f 91       	pop	r16
     e08:	ff 90       	pop	r15
     e0a:	ef 90       	pop	r14
     e0c:	08 95       	ret

00000e0e <.L10>:
     e0e:	79 f0       	breq	.+30     	; 0xe2e <.L40>
     e10:	80 e0       	ldi	r24, 0x00	; 0
     e12:	90 e0       	ldi	r25, 0x00	; 0
     e14:	da cf       	rjmp	.-76     	; 0xdca <.L11>

00000e16 <.L21>:
     e16:	f1 f0       	breq	.+60     	; 0xe54 <.L41>
     e18:	02 30       	cpi	r16, 0x02	; 2
     e1a:	61 f7       	brne	.-40     	; 0xdf4 <.L1>
     e1c:	54 9a       	sbi	0x0a, 4	; 10
     e1e:	53 9a       	sbi	0x0a, 3	; 10
     e20:	e9 cf       	rjmp	.-46     	; 0xdf4 <.L1>

00000e22 <.L36>:
     e22:	80 63       	ori	r24, 0x30	; 48
     e24:	f1 30       	cpi	r31, 0x01	; 1
     e26:	09 f0       	breq	.+2      	; 0xe2a <.L37>

00000e28 <L0^A>:
     e28:	a5 cf       	rjmp	.-182    	; 0xd74 <.L5>

00000e2a <.L37>:
     e2a:	88 60       	ori	r24, 0x08	; 8
     e2c:	a3 cf       	rjmp	.-186    	; 0xd74 <.L5>

00000e2e <.L40>:
     e2e:	59 9a       	sbi	0x0b, 1	; 11
     e30:	22 0f       	add	r18, r18
     e32:	33 1f       	adc	r19, r19
     e34:	44 1f       	adc	r20, r20
     e36:	55 1f       	adc	r21, r21
     e38:	22 0f       	add	r18, r18
     e3a:	33 1f       	adc	r19, r19
     e3c:	44 1f       	adc	r20, r20
     e3e:	55 1f       	adc	r21, r21
     e40:	22 0f       	add	r18, r18
     e42:	33 1f       	adc	r19, r19
     e44:	44 1f       	adc	r20, r20
     e46:	55 1f       	adc	r21, r21
     e48:	b6 cf       	rjmp	.-148    	; 0xdb6 <.L30>

00000e4a <.L17>:
     e4a:	57 9a       	sbi	0x0a, 7	; 10

00000e4c <.L31>:
     e4c:	56 9a       	sbi	0x0a, 6	; 10
     e4e:	ce cf       	rjmp	.-100    	; 0xdec <.L12>

00000e50 <.L35>:
     e50:	80 62       	ori	r24, 0x20	; 32
     e52:	8d cf       	rjmp	.-230    	; 0xd6e <.L4>

00000e54 <.L41>:
     e54:	53 9a       	sbi	0x0a, 3	; 10
     e56:	54 98       	cbi	0x0a, 4	; 10
     e58:	cd cf       	rjmp	.-102    	; 0xdf4 <.L1>

00000e5a <.L38>:
     e5a:	82 60       	ori	r24, 0x02	; 2
     e5c:	98 cf       	rjmp	.-208    	; 0xd8e <.L6>

00000e5e <.L29>:
     e5e:	86 60       	ori	r24, 0x06	; 6
     e60:	96 cf       	rjmp	.-212    	; 0xd8e <.L6>

00000e62 <.L20>:
     e62:	57 9a       	sbi	0x0a, 7	; 10
     e64:	c3 cf       	rjmp	.-122    	; 0xdec <.L12>

00000e66 <.L15>:
     e66:	56 9a       	sbi	0x0a, 6	; 10
     e68:	55 9a       	sbi	0x0a, 5	; 10
     e6a:	c0 cf       	rjmp	.-128    	; 0xdec <.L12>

00000e6c <.L39>:
     e6c:	84 60       	ori	r24, 0x04	; 4
     e6e:	8f cf       	rjmp	.-226    	; 0xd8e <.L6>

00000e70 <UART_SendBytePolling>:
     e70:	9c 01       	movw	r18, r24

00000e72 <.L43>:
     e72:	5d 9b       	sbis	0x0b, 5	; 11
     e74:	fe cf       	rjmp	.-4      	; 0xe72 <.L43>
     e76:	80 91 9a 00 	lds	r24, 0x009A	; 0x80009a <GlobaleUart_Config+0x3>
     e7a:	89 30       	cpi	r24, 0x09	; 9
     e7c:	11 f0       	breq	.+4      	; 0xe82 <.L52>

00000e7e <.L45>:
     e7e:	2c b9       	out	0x0c, r18	; 12
     e80:	08 95       	ret

00000e82 <.L52>:
     e82:	50 98       	cbi	0x0a, 0	; 10
     e84:	30 ff       	sbrs	r19, 0
     e86:	fb cf       	rjmp	.-10     	; 0xe7e <.L45>
     e88:	50 9a       	sbi	0x0a, 0	; 10
     e8a:	2c b9       	out	0x0c, r18	; 12
     e8c:	08 95       	ret

00000e8e <UART_ReceiveBytePolling>:
     e8e:	5f 9b       	sbis	0x0b, 7	; 11
     e90:	fe cf       	rjmp	.-4      	; 0xe8e <UART_ReceiveBytePolling>
     e92:	80 91 9a 00 	lds	r24, 0x009A	; 0x80009a <GlobaleUart_Config+0x3>
     e96:	89 30       	cpi	r24, 0x09	; 9
     e98:	09 f4       	brne	.+2      	; 0xe9c <.L55>
     e9a:	8a b1       	in	r24, 0x0a	; 10

00000e9c <.L55>:
     e9c:	8c b1       	in	r24, 0x0c	; 12
     e9e:	8c b1       	in	r24, 0x0c	; 12
     ea0:	90 e0       	ldi	r25, 0x00	; 0
     ea2:	08 95       	ret

00000ea4 <UART_SendStringPolling>:
     ea4:	dc 01       	movw	r26, r24
     ea6:	9c 91       	ld	r25, X
     ea8:	91 15       	cp	r25, r1
     eaa:	81 f0       	breq	.+32     	; 0xecc <.L58>
     eac:	20 e0       	ldi	r18, 0x00	; 0
     eae:	80 91 9a 00 	lds	r24, 0x009A	; 0x80009a <GlobaleUart_Config+0x3>

00000eb2 <.L60>:
     eb2:	5d 9b       	sbis	0x0b, 5	; 11
     eb4:	fe cf       	rjmp	.-4      	; 0xeb2 <.L60>
     eb6:	89 30       	cpi	r24, 0x09	; 9
     eb8:	09 f4       	brne	.+2      	; 0xebc <.L61>
     eba:	50 98       	cbi	0x0a, 0	; 10

00000ebc <.L61>:
     ebc:	9c b9       	out	0x0c, r25	; 12
     ebe:	2f 5f       	subi	r18, 0xFF	; 255
     ec0:	fd 01       	movw	r30, r26
     ec2:	e2 0f       	add	r30, r18
     ec4:	f1 1d       	adc	r31, r1
     ec6:	90 81       	ld	r25, Z
     ec8:	91 11       	cpse	r25, r1
     eca:	f3 cf       	rjmp	.-26     	; 0xeb2 <.L60>

00000ecc <.L58>:
     ecc:	08 95       	ret

00000ece <UART_ReceiveStringPolling>:
     ece:	dc 01       	movw	r26, r24
     ed0:	89 2b       	or	r24, r25
     ed2:	d9 f0       	breq	.+54     	; 0xf0a <.L69>

00000ed4 <.L71>:
     ed4:	5f 9b       	sbis	0x0b, 7	; 11
     ed6:	fe cf       	rjmp	.-4      	; 0xed4 <.L71>
     ed8:	80 91 9a 00 	lds	r24, 0x009A	; 0x80009a <GlobaleUart_Config+0x3>
     edc:	89 30       	cpi	r24, 0x09	; 9
     ede:	b1 f0       	breq	.+44     	; 0xf0c <.L86>
     ee0:	9c b1       	in	r25, 0x0c	; 12
     ee2:	9c b1       	in	r25, 0x0c	; 12
     ee4:	9c 93       	st	X, r25
     ee6:	69 17       	cp	r22, r25
     ee8:	b9 f0       	breq	.+46     	; 0xf18 <.L77>

00000eea <.L87>:
     eea:	90 e0       	ldi	r25, 0x00	; 0

00000eec <.L76>:
     eec:	9f 5f       	subi	r25, 0xFF	; 255

00000eee <.L74>:
     eee:	5f 9b       	sbis	0x0b, 7	; 11
     ef0:	fe cf       	rjmp	.-4      	; 0xeee <.L74>
     ef2:	89 30       	cpi	r24, 0x09	; 9
     ef4:	09 f4       	brne	.+2      	; 0xef8 <.L75>
     ef6:	2a b1       	in	r18, 0x0a	; 10

00000ef8 <.L75>:
     ef8:	2c b1       	in	r18, 0x0c	; 12
     efa:	2c b1       	in	r18, 0x0c	; 12
     efc:	fd 01       	movw	r30, r26
     efe:	e9 0f       	add	r30, r25
     f00:	f1 1d       	adc	r31, r1
     f02:	20 83       	st	Z, r18
     f04:	62 13       	cpse	r22, r18
     f06:	f2 cf       	rjmp	.-28     	; 0xeec <.L76>
     f08:	10 82       	st	Z, r1

00000f0a <.L69>:
     f0a:	08 95       	ret

00000f0c <.L86>:
     f0c:	9a b1       	in	r25, 0x0a	; 10
     f0e:	9c b1       	in	r25, 0x0c	; 12
     f10:	9c b1       	in	r25, 0x0c	; 12
     f12:	9c 93       	st	X, r25
     f14:	69 13       	cpse	r22, r25
     f16:	e9 cf       	rjmp	.-46     	; 0xeea <.L87>

00000f18 <.L77>:
     f18:	fd 01       	movw	r30, r26
     f1a:	10 82       	st	Z, r1
     f1c:	08 95       	ret

00000f1e <UART_SendBufferPolling>:
     f1e:	61 15       	cp	r22, r1
     f20:	71 05       	cpc	r23, r1
     f22:	79 f0       	breq	.+30     	; 0xf42 <.L88>
     f24:	fc 01       	movw	r30, r24
     f26:	68 0f       	add	r22, r24
     f28:	79 1f       	adc	r23, r25
     f2a:	90 91 9a 00 	lds	r25, 0x009A	; 0x80009a <GlobaleUart_Config+0x3>

00000f2e <.L92>:
     f2e:	81 91       	ld	r24, Z+

00000f30 <.L90>:
     f30:	5d 9b       	sbis	0x0b, 5	; 11
     f32:	fe cf       	rjmp	.-4      	; 0xf30 <.L90>
     f34:	99 30       	cpi	r25, 0x09	; 9
     f36:	09 f4       	brne	.+2      	; 0xf3a <.L91>
     f38:	50 98       	cbi	0x0a, 0	; 10

00000f3a <.L91>:
     f3a:	8c b9       	out	0x0c, r24	; 12
     f3c:	e6 17       	cp	r30, r22
     f3e:	f7 07       	cpc	r31, r23
     f40:	b1 f7       	brne	.-20     	; 0xf2e <.L92>

00000f42 <.L88>:
     f42:	08 95       	ret

00000f44 <UART_ReceiveByteInterrupt>:
     f44:	dc 01       	movw	r26, r24
     f46:	90 91 95 00 	lds	r25, 0x0095	; 0x800095 <RX_rear>
     f4a:	20 91 96 00 	lds	r18, 0x0096	; 0x800096 <RX_front>
     f4e:	29 17       	cp	r18, r25
     f50:	a9 f0       	breq	.+42     	; 0xf7c <.L103>
     f52:	e9 2f       	mov	r30, r25
     f54:	f0 e0       	ldi	r31, 0x00	; 0
     f56:	ee 0f       	add	r30, r30
     f58:	ff 1f       	adc	r31, r31
     f5a:	ea 55       	subi	r30, 0x5A	; 90
     f5c:	ff 4f       	sbci	r31, 0xFF	; 255
     f5e:	20 81       	ld	r18, Z
     f60:	31 81       	ldd	r19, Z+1	; 0x01
     f62:	2d 93       	st	X+, r18
     f64:	3d 93       	st	X+, r19
     f66:	9f 5f       	subi	r25, 0xFF	; 255
     f68:	90 34       	cpi	r25, 0x40	; 64
     f6a:	20 f4       	brcc	.+8      	; 0xf74 <.L101>
     f6c:	90 93 95 00 	sts	0x0095, r25	; 0x800095 <RX_rear>
     f70:	81 e0       	ldi	r24, 0x01	; 1
     f72:	08 95       	ret

00000f74 <.L101>:
     f74:	10 92 95 00 	sts	0x0095, r1	; 0x800095 <RX_rear>
     f78:	81 e0       	ldi	r24, 0x01	; 1
     f7a:	08 95       	ret

00000f7c <.L103>:
     f7c:	80 e0       	ldi	r24, 0x00	; 0
     f7e:	08 95       	ret

00000f80 <UART_EnableRX>:
     f80:	54 9a       	sbi	0x0a, 4	; 10
     f82:	08 95       	ret

00000f84 <UART_EnableTX>:
     f84:	53 9a       	sbi	0x0a, 3	; 10
     f86:	08 95       	ret

00000f88 <UART_DisableRX>:
     f88:	54 98       	cbi	0x0a, 4	; 10
     f8a:	08 95       	ret

00000f8c <UART_DisableTX>:
     f8c:	53 98       	cbi	0x0a, 3	; 10
     f8e:	08 95       	ret

00000f90 <UART_SendByteInterrupt>:
     f90:	08 95       	ret

00000f92 <UART_EnableRXInterrupt>:
     f92:	57 9a       	sbi	0x0a, 7	; 10
     f94:	08 95       	ret

00000f96 <UART_EnableTXInterrupt>:
     f96:	56 9a       	sbi	0x0a, 6	; 10
     f98:	08 95       	ret

00000f9a <UART_EnableREInterrupt>:
     f9a:	55 9a       	sbi	0x0a, 5	; 10
     f9c:	08 95       	ret

00000f9e <UART_DisableRXInterrupt>:
     f9e:	57 98       	cbi	0x0a, 7	; 10
     fa0:	08 95       	ret

00000fa2 <UART_DisableTXInterrupt>:
     fa2:	56 98       	cbi	0x0a, 6	; 10
     fa4:	08 95       	ret

00000fa6 <UART_DisableREInterrupt>:
     fa6:	55 98       	cbi	0x0a, 5	; 10
     fa8:	08 95       	ret

00000faa <UART_SetRXCallback>:
     faa:	08 95       	ret

00000fac <UART_SetTXCallback>:
     fac:	00 97       	sbiw	r24, 0x00	; 0
     fae:	21 f0       	breq	.+8      	; 0xfb8 <.L116>
     fb0:	80 93 a4 00 	sts	0x00A4, r24	; 0x8000a4 <PF_UartTX>
     fb4:	90 93 a5 00 	sts	0x00A5, r25	; 0x8000a5 <PF_UartTX+0x1>

00000fb8 <.L116>:
     fb8:	08 95       	ret

00000fba <UART_SetRECallback>:
     fba:	00 97       	sbiw	r24, 0x00	; 0
     fbc:	21 f0       	breq	.+8      	; 0xfc6 <.L121>
     fbe:	80 93 a2 00 	sts	0x00A2, r24	; 0x8000a2 <PF_UartRE>
     fc2:	90 93 a3 00 	sts	0x00A3, r25	; 0x8000a3 <PF_UartRE+0x1>

00000fc6 <.L121>:
     fc6:	08 95       	ret

00000fc8 <__vector_13>:
     fc8:	2f 93       	push	r18
     fca:	2f b7       	in	r18, 0x3f	; 63
     fcc:	2f 93       	push	r18
     fce:	3f 93       	push	r19
     fd0:	8f 93       	push	r24
     fd2:	9f 93       	push	r25
     fd4:	ef 93       	push	r30
     fd6:	ff 93       	push	r31
     fd8:	80 91 9a 00 	lds	r24, 0x009A	; 0x80009a <GlobaleUart_Config+0x3>
     fdc:	87 30       	cpi	r24, 0x07	; 7
     fde:	d9 f0       	breq	.+54     	; 0x1016 <.L132>
     fe0:	2c b1       	in	r18, 0x0c	; 12
     fe2:	30 e0       	ldi	r19, 0x00	; 0

00000fe4 <.L128>:
     fe4:	80 91 96 00 	lds	r24, 0x0096	; 0x800096 <RX_front>
     fe8:	e8 2f       	mov	r30, r24
     fea:	f0 e0       	ldi	r31, 0x00	; 0
     fec:	8f 5f       	subi	r24, 0xFF	; 255
     fee:	80 34       	cpi	r24, 0x40	; 64
     ff0:	08 f0       	brcs	.+2      	; 0xff4 <.L129>
     ff2:	80 e0       	ldi	r24, 0x00	; 0

00000ff4 <.L129>:
     ff4:	ee 0f       	add	r30, r30
     ff6:	ff 1f       	adc	r31, r31
     ff8:	ea 55       	subi	r30, 0x5A	; 90
     ffa:	ff 4f       	sbci	r31, 0xFF	; 255
     ffc:	20 83       	st	Z, r18
     ffe:	31 83       	std	Z+1, r19	; 0x01
    1000:	80 93 96 00 	sts	0x0096, r24	; 0x800096 <RX_front>
    1004:	ff 91       	pop	r31
    1006:	ef 91       	pop	r30
    1008:	9f 91       	pop	r25
    100a:	8f 91       	pop	r24
    100c:	3f 91       	pop	r19
    100e:	2f 91       	pop	r18
    1010:	2f bf       	out	0x3f, r18	; 63
    1012:	2f 91       	pop	r18
    1014:	18 95       	reti

00001016 <.L132>:
    1016:	8a b1       	in	r24, 0x0a	; 10
    1018:	86 95       	lsr	r24
    101a:	2c b1       	in	r18, 0x0c	; 12
    101c:	30 e0       	ldi	r19, 0x00	; 0
    101e:	80 ff       	sbrs	r24, 0
    1020:	e1 cf       	rjmp	.-62     	; 0xfe4 <.L128>
    1022:	31 e0       	ldi	r19, 0x01	; 1
    1024:	df cf       	rjmp	.-66     	; 0xfe4 <.L128>

00001026 <__vector_15>:
    1026:	1f 92       	push	r1
    1028:	0f 92       	push	r0
    102a:	0f b6       	in	r0, 0x3f	; 63
    102c:	0f 92       	push	r0
    102e:	11 24       	eor	r1, r1
    1030:	2f 93       	push	r18
    1032:	3f 93       	push	r19
    1034:	4f 93       	push	r20
    1036:	5f 93       	push	r21
    1038:	6f 93       	push	r22
    103a:	7f 93       	push	r23
    103c:	8f 93       	push	r24
    103e:	9f 93       	push	r25
    1040:	af 93       	push	r26
    1042:	bf 93       	push	r27
    1044:	ef 93       	push	r30
    1046:	ff 93       	push	r31
    1048:	e0 91 a4 00 	lds	r30, 0x00A4	; 0x8000a4 <PF_UartTX>
    104c:	f0 91 a5 00 	lds	r31, 0x00A5	; 0x8000a5 <PF_UartTX+0x1>
    1050:	30 97       	sbiw	r30, 0x00	; 0
    1052:	09 f0       	breq	.+2      	; 0x1056 <.L133>
    1054:	09 95       	icall

00001056 <.L133>:
    1056:	ff 91       	pop	r31
    1058:	ef 91       	pop	r30
    105a:	bf 91       	pop	r27
    105c:	af 91       	pop	r26
    105e:	9f 91       	pop	r25
    1060:	8f 91       	pop	r24
    1062:	7f 91       	pop	r23
    1064:	6f 91       	pop	r22
    1066:	5f 91       	pop	r21
    1068:	4f 91       	pop	r20
    106a:	3f 91       	pop	r19
    106c:	2f 91       	pop	r18
    106e:	0f 90       	pop	r0
    1070:	0f be       	out	0x3f, r0	; 63
    1072:	0f 90       	pop	r0
    1074:	1f 90       	pop	r1
    1076:	18 95       	reti

00001078 <__vector_14>:
    1078:	1f 92       	push	r1
    107a:	0f 92       	push	r0
    107c:	0f b6       	in	r0, 0x3f	; 63
    107e:	0f 92       	push	r0
    1080:	11 24       	eor	r1, r1
    1082:	2f 93       	push	r18
    1084:	3f 93       	push	r19
    1086:	4f 93       	push	r20
    1088:	5f 93       	push	r21
    108a:	6f 93       	push	r22
    108c:	7f 93       	push	r23
    108e:	8f 93       	push	r24
    1090:	9f 93       	push	r25
    1092:	af 93       	push	r26
    1094:	bf 93       	push	r27
    1096:	ef 93       	push	r30
    1098:	ff 93       	push	r31
    109a:	e0 91 a2 00 	lds	r30, 0x00A2	; 0x8000a2 <PF_UartRE>
    109e:	f0 91 a3 00 	lds	r31, 0x00A3	; 0x8000a3 <PF_UartRE+0x1>
    10a2:	30 97       	sbiw	r30, 0x00	; 0
    10a4:	09 f0       	breq	.+2      	; 0x10a8 <.L138>
    10a6:	09 95       	icall

000010a8 <.L138>:
    10a8:	ff 91       	pop	r31
    10aa:	ef 91       	pop	r30
    10ac:	bf 91       	pop	r27
    10ae:	af 91       	pop	r26
    10b0:	9f 91       	pop	r25
    10b2:	8f 91       	pop	r24
    10b4:	7f 91       	pop	r23
    10b6:	6f 91       	pop	r22
    10b8:	5f 91       	pop	r21
    10ba:	4f 91       	pop	r20
    10bc:	3f 91       	pop	r19
    10be:	2f 91       	pop	r18
    10c0:	0f 90       	pop	r0
    10c2:	0f be       	out	0x3f, r0	; 63
    10c4:	0f 90       	pop	r0
    10c6:	1f 90       	pop	r1
    10c8:	18 95       	reti

000010ca <main>:
    10ca:	cf 93       	push	r28
    10cc:	df 93       	push	r29
    10ce:	00 d0       	rcall	.+0      	; 0x10d0 <L0^A>

000010d0 <L0^A>:
    10d0:	00 d0       	rcall	.+0      	; 0x10d2 <L0^A>

000010d2 <L0^A>:
    10d2:	0f 92       	push	r0
    10d4:	cd b7       	in	r28, 0x3d	; 61
    10d6:	de b7       	in	r29, 0x3e	; 62
    10d8:	85 e0       	ldi	r24, 0x05	; 5
    10da:	e0 e8       	ldi	r30, 0x80	; 128
    10dc:	f0 e0       	ldi	r31, 0x00	; 0
    10de:	de 01       	movw	r26, r28
    10e0:	11 96       	adiw	r26, 0x01	; 1

000010e2 <.L0^B1>:
    10e2:	01 90       	ld	r0, Z+
    10e4:	0d 92       	st	X+, r0
    10e6:	8a 95       	dec	r24
    10e8:	e1 f7       	brne	.-8      	; 0x10e2 <.L0^B1>
    10ea:	41 e0       	ldi	r20, 0x01	; 1
    10ec:	63 e0       	ldi	r22, 0x03	; 3
    10ee:	81 e0       	ldi	r24, 0x01	; 1
    10f0:	0e 94 2a 03 	call	0x654	; 0x654 <DIO_InitPin>
    10f4:	49 81       	ldd	r20, Y+1	; 0x01
    10f6:	5a 81       	ldd	r21, Y+2	; 0x02
    10f8:	6b 81       	ldd	r22, Y+3	; 0x03
    10fa:	7c 81       	ldd	r23, Y+4	; 0x04
    10fc:	8d 81       	ldd	r24, Y+5	; 0x05
    10fe:	0e 94 3f 05 	call	0xa7e	; 0xa7e <TIMER0_Init>
    1102:	82 e0       	ldi	r24, 0x02	; 2
    1104:	0e 94 dc 05 	call	0xbb8	; 0xbb8 <TIMER0_Start>

00001108 <.L2>:
    1108:	8a e5       	ldi	r24, 0x5A	; 90
    110a:	0e 94 ff 05 	call	0xbfe	; 0xbfe <TIMER0_SetPWMDutyCycle>
    110e:	fc cf       	rjmp	.-8      	; 0x1108 <.L2>

00001110 <__umulhisi3>:
    1110:	a2 9f       	mul	r26, r18

00001112 <.Loc.1>:
    1112:	b0 01       	movw	r22, r0

00001114 <.Loc.2>:
    1114:	b3 9f       	mul	r27, r19

00001116 <.Loc.3>:
    1116:	c0 01       	movw	r24, r0

00001118 <.Loc.4>:
    1118:	a3 9f       	mul	r26, r19

0000111a <.Loc.5>:
    111a:	70 0d       	add	r23, r0

0000111c <.Loc.6>:
    111c:	81 1d       	adc	r24, r1

0000111e <.Loc.7>:
    111e:	11 24       	eor	r1, r1

00001120 <.Loc.8>:
    1120:	91 1d       	adc	r25, r1

00001122 <.Loc.9>:
    1122:	b2 9f       	mul	r27, r18

00001124 <.Loc.10>:
    1124:	70 0d       	add	r23, r0

00001126 <.Loc.11>:
    1126:	81 1d       	adc	r24, r1

00001128 <.Loc.12>:
    1128:	11 24       	eor	r1, r1

0000112a <.Loc.13>:
    112a:	91 1d       	adc	r25, r1

0000112c <.Loc.14>:
    112c:	08 95       	ret

0000112e <__udivmodsi4>:
    112e:	a1 e2       	ldi	r26, 0x21	; 33

00001130 <.Loc.1>:
    1130:	1a 2e       	mov	r1, r26

00001132 <.Loc.2>:
    1132:	aa 1b       	sub	r26, r26

00001134 <.Loc.3>:
    1134:	bb 1b       	sub	r27, r27

00001136 <.Loc.4>:
    1136:	fd 01       	movw	r30, r26

00001138 <.Loc.5>:
    1138:	0d c0       	rjmp	.+26     	; 0x1154 <__udivmodsi4_ep>

0000113a <__udivmodsi4_loop>:
    113a:	aa 1f       	adc	r26, r26

0000113c <.Loc.7>:
    113c:	bb 1f       	adc	r27, r27

0000113e <.Loc.8>:
    113e:	ee 1f       	adc	r30, r30

00001140 <.Loc.9>:
    1140:	ff 1f       	adc	r31, r31

00001142 <.Loc.10>:
    1142:	a2 17       	cp	r26, r18

00001144 <.Loc.11>:
    1144:	b3 07       	cpc	r27, r19

00001146 <.Loc.12>:
    1146:	e4 07       	cpc	r30, r20

00001148 <.Loc.13>:
    1148:	f5 07       	cpc	r31, r21

0000114a <.Loc.14>:
    114a:	20 f0       	brcs	.+8      	; 0x1154 <__udivmodsi4_ep>

0000114c <.Loc.15>:
    114c:	a2 1b       	sub	r26, r18

0000114e <.Loc.16>:
    114e:	b3 0b       	sbc	r27, r19

00001150 <.Loc.17>:
    1150:	e4 0b       	sbc	r30, r20

00001152 <.Loc.18>:
    1152:	f5 0b       	sbc	r31, r21

00001154 <__udivmodsi4_ep>:
    1154:	66 1f       	adc	r22, r22

00001156 <.Loc.20>:
    1156:	77 1f       	adc	r23, r23

00001158 <.Loc.21>:
    1158:	88 1f       	adc	r24, r24

0000115a <.Loc.22>:
    115a:	99 1f       	adc	r25, r25

0000115c <.Loc.23>:
    115c:	1a 94       	dec	r1

0000115e <.Loc.24>:
    115e:	69 f7       	brne	.-38     	; 0x113a <__udivmodsi4_loop>

00001160 <.Loc.25>:
    1160:	60 95       	com	r22

00001162 <.Loc.26>:
    1162:	70 95       	com	r23

00001164 <.Loc.27>:
    1164:	80 95       	com	r24

00001166 <.Loc.28>:
    1166:	90 95       	com	r25

00001168 <.Loc.29>:
    1168:	9b 01       	movw	r18, r22

0000116a <.Loc.30>:
    116a:	ac 01       	movw	r20, r24

0000116c <.Loc.31>:
    116c:	bd 01       	movw	r22, r26

0000116e <.Loc.32>:
    116e:	cf 01       	movw	r24, r30

00001170 <.Loc.33>:
    1170:	08 95       	ret

00001172 <__tablejump2__>:
    1172:	ee 0f       	add	r30, r30

00001174 <.Loc.1>:
    1174:	ff 1f       	adc	r31, r31

00001176 <.Loc.2>:
    1176:	05 90       	lpm	r0, Z+

00001178 <.Loc.3>:
    1178:	f4 91       	lpm	r31, Z

0000117a <.Loc.4>:
    117a:	e0 2d       	mov	r30, r0

0000117c <.Loc.5>:
    117c:	09 94       	ijmp

0000117e <sprintf>:
    117e:	ae e0       	ldi	r26, 0x0E	; 14
    1180:	b0 e0       	ldi	r27, 0x00	; 0
    1182:	e5 ec       	ldi	r30, 0xC5	; 197
    1184:	f8 e0       	ldi	r31, 0x08	; 8
    1186:	0c 94 90 0b 	jmp	0x1720	; 0x1720 <.Loc.16>

0000118a <.L1^B1>:
    118a:	86 e0       	ldi	r24, 0x06	; 6
    118c:	8c 83       	std	Y+4, r24	; 0x04
    118e:	2b 89       	ldd	r18, Y+19	; 0x13
    1190:	3c 89       	ldd	r19, Y+20	; 0x14
    1192:	29 83       	std	Y+1, r18	; 0x01
    1194:	3a 83       	std	Y+2, r19	; 0x02
    1196:	8f ef       	ldi	r24, 0xFF	; 255
    1198:	9f e7       	ldi	r25, 0x7F	; 127
    119a:	8d 83       	std	Y+5, r24	; 0x05
    119c:	9e 83       	std	Y+6, r25	; 0x06
    119e:	ae 01       	movw	r20, r28
    11a0:	49 5e       	subi	r20, 0xE9	; 233
    11a2:	5f 4f       	sbci	r21, 0xFF	; 255
    11a4:	6d 89       	ldd	r22, Y+21	; 0x15
    11a6:	7e 89       	ldd	r23, Y+22	; 0x16
    11a8:	ce 01       	movw	r24, r28
    11aa:	01 96       	adiw	r24, 0x01	; 1
    11ac:	0e 94 e3 08 	call	0x11c6	; 0x11c6 <vfprintf>
    11b0:	ef 81       	ldd	r30, Y+7	; 0x07
    11b2:	f8 85       	ldd	r31, Y+8	; 0x08
    11b4:	2b 89       	ldd	r18, Y+19	; 0x13
    11b6:	3c 89       	ldd	r19, Y+20	; 0x14
    11b8:	e2 0f       	add	r30, r18
    11ba:	f3 1f       	adc	r31, r19
    11bc:	10 82       	st	Z, r1
    11be:	2e 96       	adiw	r28, 0x0e	; 14
    11c0:	e2 e0       	ldi	r30, 0x02	; 2
    11c2:	0c 94 ac 0b 	jmp	0x1758	; 0x1758 <.Loc.16>

000011c6 <vfprintf>:
    11c6:	ab e0       	ldi	r26, 0x0B	; 11
    11c8:	b0 e0       	ldi	r27, 0x00	; 0
    11ca:	e9 ee       	ldi	r30, 0xE9	; 233
    11cc:	f8 e0       	ldi	r31, 0x08	; 8
    11ce:	0c 94 83 0b 	jmp	0x1706	; 0x1706 <.Loc.3>

000011d2 <.L1^B1>:
    11d2:	6c 01       	movw	r12, r24
    11d4:	7b 01       	movw	r14, r22
    11d6:	8a 01       	movw	r16, r20
    11d8:	fc 01       	movw	r30, r24
    11da:	16 82       	std	Z+6, r1	; 0x06
    11dc:	17 82       	std	Z+7, r1	; 0x07
    11de:	83 81       	ldd	r24, Z+3	; 0x03
    11e0:	81 ff       	sbrs	r24, 1
    11e2:	df c1       	rjmp	.+958    	; 0x15a2 <.L80>
    11e4:	3a e0       	ldi	r19, 0x0A	; 10
    11e6:	53 2e       	mov	r5, r19

000011e8 <.L3>:
    11e8:	f6 01       	movw	r30, r12
    11ea:	23 81       	ldd	r18, Z+3	; 0x03
    11ec:	f7 01       	movw	r30, r14
    11ee:	23 fd       	sbrc	r18, 3
    11f0:	85 91       	lpm	r24, Z+
    11f2:	23 ff       	sbrs	r18, 3
    11f4:	81 91       	ld	r24, Z+
    11f6:	7f 01       	movw	r14, r30
    11f8:	81 15       	cp	r24, r1
    11fa:	09 f4       	brne	.+2      	; 0x11fe <L0^A+0x2>

000011fc <L0^A>:
    11fc:	37 c1       	rjmp	.+622    	; 0x146c <.L4>
    11fe:	85 32       	cpi	r24, 0x25	; 37
    1200:	39 f4       	brne	.+14     	; 0x1210 <.L5>
    1202:	23 fd       	sbrc	r18, 3
    1204:	95 91       	lpm	r25, Z+
    1206:	23 ff       	sbrs	r18, 3
    1208:	91 91       	ld	r25, Z+
    120a:	7f 01       	movw	r14, r30
    120c:	95 32       	cpi	r25, 0x25	; 37
    120e:	29 f4       	brne	.+10     	; 0x121a <.L81>

00001210 <.L5>:
    1210:	b6 01       	movw	r22, r12
    1212:	90 e0       	ldi	r25, 0x00	; 0
    1214:	0e 94 ea 0a 	call	0x15d4	; 0x15d4 <fputc>
    1218:	e7 cf       	rjmp	.-50     	; 0x11e8 <.L3>

0000121a <.L81>:
    121a:	30 e0       	ldi	r19, 0x00	; 0
    121c:	91 2c       	mov	r9, r1
    121e:	61 2c       	mov	r6, r1
    1220:	71 2c       	mov	r7, r1

00001222 <.L6>:
    1222:	f0 e2       	ldi	r31, 0x20	; 32
    1224:	7f 16       	cp	r7, r31
    1226:	40 f5       	brcc	.+80     	; 0x1278 <.L8>
    1228:	9b 32       	cpi	r25, 0x2B	; 43
    122a:	d9 f0       	breq	.+54     	; 0x1262 <.L9>
    122c:	58 f4       	brcc	.+22     	; 0x1244 <.L10>
    122e:	90 32       	cpi	r25, 0x20	; 32
    1230:	d1 f0       	breq	.+52     	; 0x1266 <.L11>
    1232:	93 32       	cpi	r25, 0x23	; 35
    1234:	f1 f0       	breq	.+60     	; 0x1272 <.L12>

00001236 <.L13>:
    1236:	9e 32       	cpi	r25, 0x2E	; 46
    1238:	91 f5       	brne	.+100    	; 0x129e <.L19>
    123a:	76 fc       	sbrc	r7, 6
    123c:	17 c1       	rjmp	.+558    	; 0x146c <.L4>
    123e:	68 94       	set
    1240:	76 f8       	bld	r7, 6
    1242:	06 c0       	rjmp	.+12     	; 0x1250 <.L16>

00001244 <.L10>:
    1244:	9d 32       	cpi	r25, 0x2D	; 45
    1246:	91 f0       	breq	.+36     	; 0x126c <.L14>
    1248:	90 33       	cpi	r25, 0x30	; 48
    124a:	c1 f4       	brne	.+48     	; 0x127c <.L15>
    124c:	68 94       	set
    124e:	70 f8       	bld	r7, 0

00001250 <.L16>:
    1250:	f7 01       	movw	r30, r14
    1252:	23 fd       	sbrc	r18, 3
    1254:	95 91       	lpm	r25, Z+
    1256:	23 ff       	sbrs	r18, 3
    1258:	91 91       	ld	r25, Z+
    125a:	7f 01       	movw	r14, r30
    125c:	91 11       	cpse	r25, r1
    125e:	e1 cf       	rjmp	.-62     	; 0x1222 <.L6>
    1260:	28 c0       	rjmp	.+80     	; 0x12b2 <.L17>

00001262 <.L9>:
    1262:	68 94       	set
    1264:	71 f8       	bld	r7, 1

00001266 <.L11>:
    1266:	68 94       	set
    1268:	72 f8       	bld	r7, 2
    126a:	f2 cf       	rjmp	.-28     	; 0x1250 <.L16>

0000126c <.L14>:
    126c:	68 94       	set
    126e:	73 f8       	bld	r7, 3
    1270:	ef cf       	rjmp	.-34     	; 0x1250 <.L16>

00001272 <.L12>:
    1272:	68 94       	set
    1274:	74 f8       	bld	r7, 4
    1276:	ec cf       	rjmp	.-40     	; 0x1250 <.L16>

00001278 <.L8>:
    1278:	77 fc       	sbrc	r7, 7
    127a:	1b c0       	rjmp	.+54     	; 0x12b2 <.L17>

0000127c <.L15>:
    127c:	80 ed       	ldi	r24, 0xD0	; 208
    127e:	89 0f       	add	r24, r25
    1280:	8a 30       	cpi	r24, 0x0A	; 10
    1282:	c8 f6       	brcc	.-78     	; 0x1236 <.L13>
    1284:	76 fe       	sbrs	r7, 6
    1286:	05 c0       	rjmp	.+10     	; 0x1292 <.L18>
    1288:	95 9c       	mul	r9, r5
    128a:	80 0d       	add	r24, r0
    128c:	11 24       	eor	r1, r1
    128e:	98 2e       	mov	r9, r24
    1290:	df cf       	rjmp	.-66     	; 0x1250 <.L16>

00001292 <.L18>:
    1292:	65 9c       	mul	r6, r5
    1294:	80 0d       	add	r24, r0
    1296:	11 24       	eor	r1, r1
    1298:	68 2e       	mov	r6, r24
    129a:	7f 2a       	or	r7, r31
    129c:	d9 cf       	rjmp	.-78     	; 0x1250 <.L16>

0000129e <.L19>:
    129e:	9c 36       	cpi	r25, 0x6C	; 108
    12a0:	19 f4       	brne	.+6      	; 0x12a8 <.L20>
    12a2:	68 94       	set
    12a4:	77 f8       	bld	r7, 7
    12a6:	d4 cf       	rjmp	.-88     	; 0x1250 <.L16>

000012a8 <.L20>:
    12a8:	9c 34       	cpi	r25, 0x4C	; 76
    12aa:	09 f4       	brne	.+2      	; 0x12ae <L0^A+0x2>

000012ac <L0^A>:
    12ac:	45 c0       	rjmp	.+138    	; 0x1338 <.L82>
    12ae:	98 36       	cpi	r25, 0x68	; 104
    12b0:	79 f2       	breq	.-98     	; 0x1250 <.L16>

000012b2 <.L17>:
    12b2:	89 2f       	mov	r24, r25
    12b4:	8f 7d       	andi	r24, 0xDF	; 223
    12b6:	85 54       	subi	r24, 0x45	; 69
    12b8:	83 30       	cpi	r24, 0x03	; 3
    12ba:	08 f4       	brcc	.+2      	; 0x12be <L0^A+0x2>

000012bc <L0^A>:
    12bc:	3f c0       	rjmp	.+126    	; 0x133c <.L21>
    12be:	93 36       	cpi	r25, 0x63	; 99
    12c0:	09 f4       	brne	.+2      	; 0x12c4 <L0^A+0x2>

000012c2 <L0^A>:
    12c2:	61 c0       	rjmp	.+194    	; 0x1386 <.L22>
    12c4:	93 37       	cpi	r25, 0x73	; 115
    12c6:	09 f4       	brne	.+2      	; 0x12ca <L0^A+0x2>

000012c8 <L0^A>:
    12c8:	6b c0       	rjmp	.+214    	; 0x13a0 <.L23>
    12ca:	93 35       	cpi	r25, 0x53	; 83
    12cc:	09 f4       	brne	.+2      	; 0x12d0 <L0^A+0x2>

000012ce <L0^A>:
    12ce:	77 c0       	rjmp	.+238    	; 0x13be <.L24>
    12d0:	94 36       	cpi	r25, 0x64	; 100
    12d2:	19 f0       	breq	.+6      	; 0x12da <.L39>
    12d4:	99 36       	cpi	r25, 0x69	; 105
    12d6:	09 f0       	breq	.+2      	; 0x12da <.L39>

000012d8 <L0^A>:
    12d8:	a4 c0       	rjmp	.+328    	; 0x1422 <.L40>

000012da <.L39>:
    12da:	f8 01       	movw	r30, r16
    12dc:	77 fe       	sbrs	r7, 7
    12de:	9a c0       	rjmp	.+308    	; 0x1414 <.L41>
    12e0:	61 91       	ld	r22, Z+
    12e2:	71 91       	ld	r23, Z+
    12e4:	81 91       	ld	r24, Z+
    12e6:	91 91       	ld	r25, Z+

000012e8 <.L126>:
    12e8:	8f 01       	movw	r16, r30
    12ea:	27 2d       	mov	r18, r7
    12ec:	2f 76       	andi	r18, 0x6F	; 111
    12ee:	82 2e       	mov	r8, r18
    12f0:	97 ff       	sbrs	r25, 7
    12f2:	04 c0       	rjmp	.+8      	; 0x12fc <.L43>
    12f4:	0e 94 78 0b 	call	0x16f0	; 0x16f0 <__negsi2>
    12f8:	68 94       	set
    12fa:	87 f8       	bld	r8, 7

000012fc <.L43>:
    12fc:	2a e0       	ldi	r18, 0x0A	; 10
    12fe:	30 e0       	ldi	r19, 0x00	; 0
    1300:	5e 01       	movw	r10, r28
    1302:	4f ef       	ldi	r20, 0xFF	; 255
    1304:	a4 1a       	sub	r10, r20
    1306:	b4 0a       	sbc	r11, r20
    1308:	a5 01       	movw	r20, r10
    130a:	0e 94 1a 0b 	call	0x1634	; 0x1634 <__ultoa_invert>
    130e:	78 2e       	mov	r7, r24
    1310:	7a 18       	sub	r7, r10

00001312 <.L44>:
    1312:	86 fe       	sbrs	r8, 6
    1314:	cf c0       	rjmp	.+414    	; 0x14b4 <.L54>
    1316:	88 2d       	mov	r24, r8
    1318:	8e 7f       	andi	r24, 0xFE	; 254
    131a:	79 14       	cp	r7, r9
    131c:	08 f0       	brcs	.+2      	; 0x1320 <L0^A+0x2>

0000131e <L0^A>:
    131e:	c9 c0       	rjmp	.+402    	; 0x14b2 <.L88>
    1320:	84 fe       	sbrs	r8, 4
    1322:	1d c1       	rjmp	.+570    	; 0x155e <.L89>
    1324:	82 fc       	sbrc	r8, 2
    1326:	11 c1       	rjmp	.+546    	; 0x154a <.L90>
    1328:	2e ee       	ldi	r18, 0xEE	; 238
    132a:	82 22       	and	r8, r18
    132c:	b9 2c       	mov	r11, r9

0000132e <.L55>:
    132e:	88 2d       	mov	r24, r8
    1330:	86 78       	andi	r24, 0x86	; 134
    1332:	09 f4       	brne	.+2      	; 0x1336 <L0^A+0x2>

00001334 <L0^A>:
    1334:	cb c0       	rjmp	.+406    	; 0x14cc <.L58>
    1336:	0e c1       	rjmp	.+540    	; 0x1554 <.L128>

00001338 <.L82>:
    1338:	31 e0       	ldi	r19, 0x01	; 1
    133a:	8a cf       	rjmp	.-236    	; 0x1250 <.L16>

0000133c <.L21>:
    133c:	31 15       	cp	r19, r1
    133e:	01 f1       	breq	.+64     	; 0x1380 <.L26>
    1340:	08 5f       	subi	r16, 0xF8	; 248
    1342:	1f 4f       	sbci	r17, 0xFF	; 255

00001344 <.L27>:
    1344:	8f e3       	ldi	r24, 0x3F	; 63
    1346:	89 83       	std	Y+1, r24	; 0x01
    1348:	21 e0       	ldi	r18, 0x01	; 1
    134a:	82 2e       	mov	r8, r18
    134c:	91 2c       	mov	r9, r1
    134e:	5e 01       	movw	r10, r28
    1350:	2f ef       	ldi	r18, 0xFF	; 255
    1352:	a2 1a       	sub	r10, r18
    1354:	b2 0a       	sbc	r11, r18

00001356 <.L28>:
    1356:	e8 94       	clt
    1358:	77 f8       	bld	r7, 7

0000135a <.L30>:
    135a:	73 fc       	sbrc	r7, 3
    135c:	03 c0       	rjmp	.+6      	; 0x1364 <.L36>

0000135e <.L32>:
    135e:	86 14       	cp	r8, r6
    1360:	91 04       	cpc	r9, r1
    1362:	f0 f1       	brcs	.+124    	; 0x13e0 <.L34>

00001364 <.L36>:
    1364:	81 14       	cp	r8, r1
    1366:	91 04       	cpc	r9, r1
    1368:	09 f0       	breq	.+2      	; 0x136c <.L77>

0000136a <L0^A>:
    136a:	41 c0       	rjmp	.+130    	; 0x13ee <.L37>

0000136c <.L77>:
    136c:	61 14       	cp	r6, r1
    136e:	09 f4       	brne	.+2      	; 0x1372 <L0^A+0x2>

00001370 <L0^A>:
    1370:	3b cf       	rjmp	.-394    	; 0x11e8 <.L3>
    1372:	b6 01       	movw	r22, r12
    1374:	80 e2       	ldi	r24, 0x20	; 32
    1376:	90 e0       	ldi	r25, 0x00	; 0
    1378:	0e 94 ea 0a 	call	0x15d4	; 0x15d4 <fputc>
    137c:	6a 94       	dec	r6
    137e:	f6 cf       	rjmp	.-20     	; 0x136c <.L77>

00001380 <.L26>:
    1380:	0c 5f       	subi	r16, 0xFC	; 252
    1382:	1f 4f       	sbci	r17, 0xFF	; 255
    1384:	df cf       	rjmp	.-66     	; 0x1344 <.L27>

00001386 <.L22>:
    1386:	f8 01       	movw	r30, r16
    1388:	80 81       	ld	r24, Z
    138a:	89 83       	std	Y+1, r24	; 0x01
    138c:	0e 5f       	subi	r16, 0xFE	; 254
    138e:	1f 4f       	sbci	r17, 0xFF	; 255
    1390:	91 e0       	ldi	r25, 0x01	; 1
    1392:	89 2e       	mov	r8, r25
    1394:	91 2c       	mov	r9, r1
    1396:	5e 01       	movw	r10, r28
    1398:	ff ef       	ldi	r31, 0xFF	; 255
    139a:	af 1a       	sub	r10, r31
    139c:	bf 0a       	sbc	r11, r31
    139e:	db cf       	rjmp	.-74     	; 0x1356 <.L28>

000013a0 <.L23>:
    13a0:	f8 01       	movw	r30, r16
    13a2:	a1 90       	ld	r10, Z+
    13a4:	b1 90       	ld	r11, Z+
    13a6:	8f 01       	movw	r16, r30
    13a8:	69 2d       	mov	r22, r9
    13aa:	70 e0       	ldi	r23, 0x00	; 0
    13ac:	76 fc       	sbrc	r7, 6
    13ae:	02 c0       	rjmp	.+4      	; 0x13b4 <.L29>
    13b0:	6f ef       	ldi	r22, 0xFF	; 255
    13b2:	7f ef       	ldi	r23, 0xFF	; 255

000013b4 <.L29>:
    13b4:	c5 01       	movw	r24, r10
    13b6:	0e 94 df 0a 	call	0x15be	; 0x15be <strnlen>
    13ba:	4c 01       	movw	r8, r24
    13bc:	cc cf       	rjmp	.-104    	; 0x1356 <.L28>

000013be <.L24>:
    13be:	f8 01       	movw	r30, r16
    13c0:	a1 90       	ld	r10, Z+
    13c2:	b1 90       	ld	r11, Z+
    13c4:	8f 01       	movw	r16, r30
    13c6:	69 2d       	mov	r22, r9
    13c8:	70 e0       	ldi	r23, 0x00	; 0
    13ca:	76 fc       	sbrc	r7, 6
    13cc:	02 c0       	rjmp	.+4      	; 0x13d2 <.L31>
    13ce:	6f ef       	ldi	r22, 0xFF	; 255
    13d0:	7f ef       	ldi	r23, 0xFF	; 255

000013d2 <.L31>:
    13d2:	c5 01       	movw	r24, r10
    13d4:	0e 94 d4 0a 	call	0x15a8	; 0x15a8 <strnlen_P>
    13d8:	4c 01       	movw	r8, r24
    13da:	68 94       	set
    13dc:	77 f8       	bld	r7, 7
    13de:	bd cf       	rjmp	.-134    	; 0x135a <.L30>

000013e0 <.L34>:
    13e0:	b6 01       	movw	r22, r12
    13e2:	80 e2       	ldi	r24, 0x20	; 32
    13e4:	90 e0       	ldi	r25, 0x00	; 0
    13e6:	0e 94 ea 0a 	call	0x15d4	; 0x15d4 <fputc>
    13ea:	6a 94       	dec	r6
    13ec:	b8 cf       	rjmp	.-144    	; 0x135e <.L32>

000013ee <.L37>:
    13ee:	f5 01       	movw	r30, r10
    13f0:	77 fc       	sbrc	r7, 7
    13f2:	85 91       	lpm	r24, Z+
    13f4:	77 fe       	sbrs	r7, 7
    13f6:	81 91       	ld	r24, Z+
    13f8:	5f 01       	movw	r10, r30
    13fa:	b6 01       	movw	r22, r12
    13fc:	90 e0       	ldi	r25, 0x00	; 0
    13fe:	0e 94 ea 0a 	call	0x15d4	; 0x15d4 <fputc>
    1402:	81 e0       	ldi	r24, 0x01	; 1
    1404:	61 10       	cpse	r6, r1
    1406:	01 c0       	rjmp	.+2      	; 0x140a <.L35>
    1408:	80 e0       	ldi	r24, 0x00	; 0

0000140a <.L35>:
    140a:	68 1a       	sub	r6, r24
    140c:	f1 e0       	ldi	r31, 0x01	; 1
    140e:	8f 1a       	sub	r8, r31
    1410:	91 08       	sbc	r9, r1
    1412:	a8 cf       	rjmp	.-176    	; 0x1364 <.L36>

00001414 <.L41>:
    1414:	61 91       	ld	r22, Z+
    1416:	71 91       	ld	r23, Z+
    1418:	87 2f       	mov	r24, r23
    141a:	88 0f       	add	r24, r24
    141c:	88 0b       	sbc	r24, r24
    141e:	98 2f       	mov	r25, r24
    1420:	63 cf       	rjmp	.-314    	; 0x12e8 <.L126>

00001422 <.L40>:
    1422:	95 37       	cpi	r25, 0x75	; 117
    1424:	c9 f4       	brne	.+50     	; 0x1458 <.L45>
    1426:	87 2c       	mov	r8, r7
    1428:	e8 94       	clt
    142a:	84 f8       	bld	r8, 4
    142c:	2a e0       	ldi	r18, 0x0A	; 10
    142e:	30 e0       	ldi	r19, 0x00	; 0

00001430 <.L46>:
    1430:	f8 01       	movw	r30, r16
    1432:	87 fe       	sbrs	r8, 7
    1434:	39 c0       	rjmp	.+114    	; 0x14a8 <.L52>
    1436:	61 91       	ld	r22, Z+
    1438:	71 91       	ld	r23, Z+
    143a:	81 91       	ld	r24, Z+
    143c:	91 91       	ld	r25, Z+

0000143e <.L127>:
    143e:	8f 01       	movw	r16, r30
    1440:	5e 01       	movw	r10, r28
    1442:	ff ef       	ldi	r31, 0xFF	; 255
    1444:	af 1a       	sub	r10, r31
    1446:	bf 0a       	sbc	r11, r31
    1448:	a5 01       	movw	r20, r10
    144a:	0e 94 1a 0b 	call	0x1634	; 0x1634 <__ultoa_invert>
    144e:	78 2e       	mov	r7, r24
    1450:	7a 18       	sub	r7, r10
    1452:	e8 94       	clt
    1454:	87 f8       	bld	r8, 7
    1456:	5d cf       	rjmp	.-326    	; 0x1312 <.L44>

00001458 <.L45>:
    1458:	87 2d       	mov	r24, r7
    145a:	89 7f       	andi	r24, 0xF9	; 249
    145c:	88 2e       	mov	r8, r24
    145e:	90 37       	cpi	r25, 0x70	; 112
    1460:	99 f0       	breq	.+38     	; 0x1488 <.L47>
    1462:	58 f4       	brcc	.+22     	; 0x147a <.L48>
    1464:	98 35       	cpi	r25, 0x58	; 88
    1466:	a9 f0       	breq	.+42     	; 0x1492 <.L49>
    1468:	9f 36       	cpi	r25, 0x6F	; 111
    146a:	d9 f0       	breq	.+54     	; 0x14a2 <.L85>

0000146c <.L4>:
    146c:	f6 01       	movw	r30, r12
    146e:	86 81       	ldd	r24, Z+6	; 0x06
    1470:	97 81       	ldd	r25, Z+7	; 0x07

00001472 <.L1>:
    1472:	2b 96       	adiw	r28, 0x0b	; 11
    1474:	ef e0       	ldi	r30, 0x0F	; 15
    1476:	0c 94 9f 0b 	jmp	0x173e	; 0x173e <.Loc.3>

0000147a <.L48>:
    147a:	98 37       	cpi	r25, 0x78	; 120
    147c:	b9 f7       	brne	.-18     	; 0x146c <.L4>
    147e:	74 fc       	sbrc	r7, 4
    1480:	05 c0       	rjmp	.+10     	; 0x148c <.L51>

00001482 <.L86>:
    1482:	20 e1       	ldi	r18, 0x10	; 16
    1484:	30 e0       	ldi	r19, 0x00	; 0
    1486:	d4 cf       	rjmp	.-88     	; 0x1430 <.L46>

00001488 <.L47>:
    1488:	68 94       	set
    148a:	84 f8       	bld	r8, 4

0000148c <.L51>:
    148c:	68 94       	set
    148e:	82 f8       	bld	r8, 2
    1490:	f8 cf       	rjmp	.-16     	; 0x1482 <.L86>

00001492 <.L49>:
    1492:	74 fe       	sbrs	r7, 4
    1494:	03 c0       	rjmp	.+6      	; 0x149c <.L87>
    1496:	e7 2d       	mov	r30, r7
    1498:	e6 60       	ori	r30, 0x06	; 6
    149a:	8e 2e       	mov	r8, r30

0000149c <.L87>:
    149c:	20 e1       	ldi	r18, 0x10	; 16
    149e:	32 e0       	ldi	r19, 0x02	; 2
    14a0:	c7 cf       	rjmp	.-114    	; 0x1430 <.L46>

000014a2 <.L85>:
    14a2:	28 e0       	ldi	r18, 0x08	; 8
    14a4:	30 e0       	ldi	r19, 0x00	; 0
    14a6:	c4 cf       	rjmp	.-120    	; 0x1430 <.L46>

000014a8 <.L52>:
    14a8:	61 91       	ld	r22, Z+
    14aa:	71 91       	ld	r23, Z+
    14ac:	80 e0       	ldi	r24, 0x00	; 0
    14ae:	90 e0       	ldi	r25, 0x00	; 0
    14b0:	c6 cf       	rjmp	.-116    	; 0x143e <.L127>

000014b2 <.L88>:
    14b2:	88 2e       	mov	r8, r24

000014b4 <.L54>:
    14b4:	b7 2c       	mov	r11, r7
    14b6:	84 fe       	sbrs	r8, 4
    14b8:	3a cf       	rjmp	.-396    	; 0x132e <.L55>

000014ba <.L56>:
    14ba:	fe 01       	movw	r30, r28
    14bc:	e7 0d       	add	r30, r7
    14be:	f1 1d       	adc	r31, r1
    14c0:	80 81       	ld	r24, Z
    14c2:	80 33       	cpi	r24, 0x30	; 48
    14c4:	09 f0       	breq	.+2      	; 0x14c8 <L0^A+0x2>

000014c6 <L0^A>:
    14c6:	44 c0       	rjmp	.+136    	; 0x1550 <.L57>
    14c8:	49 ee       	ldi	r20, 0xE9	; 233
    14ca:	84 22       	and	r8, r20

000014cc <.L58>:
    14cc:	83 fc       	sbrc	r8, 3
    14ce:	0e c0       	rjmp	.+28     	; 0x14ec <.L60>
    14d0:	80 fe       	sbrs	r8, 0
    14d2:	51 c0       	rjmp	.+162    	; 0x1576 <.L92>
    14d4:	97 2c       	mov	r9, r7
    14d6:	b6 14       	cp	r11, r6
    14d8:	18 f4       	brcc	.+6      	; 0x14e0 <.L79>
    14da:	96 0c       	add	r9, r6
    14dc:	9b 18       	sub	r9, r11
    14de:	b6 2c       	mov	r11, r6

000014e0 <.L79>:
    14e0:	86 2d       	mov	r24, r6
    14e2:	8b 19       	sub	r24, r11
    14e4:	6b 14       	cp	r6, r11
    14e6:	08 f4       	brcc	.+2      	; 0x14ea <.L65>
    14e8:	80 e0       	ldi	r24, 0x00	; 0

000014ea <.L65>:
    14ea:	b8 0e       	add	r11, r24

000014ec <.L60>:
    14ec:	b6 14       	cp	r11, r6
    14ee:	08 f0       	brcs	.+2      	; 0x14f2 <L0^A+0x2>

000014f0 <L0^A>:
    14f0:	44 c0       	rjmp	.+136    	; 0x157a <.L94>
    14f2:	6b 18       	sub	r6, r11

000014f4 <.L67>:
    14f4:	84 fe       	sbrs	r8, 4
    14f6:	43 c0       	rjmp	.+134    	; 0x157e <.L68>
    14f8:	b6 01       	movw	r22, r12
    14fa:	80 e3       	ldi	r24, 0x30	; 48
    14fc:	90 e0       	ldi	r25, 0x00	; 0
    14fe:	0e 94 ea 0a 	call	0x15d4	; 0x15d4 <fputc>
    1502:	82 fe       	sbrs	r8, 2
    1504:	09 c0       	rjmp	.+18     	; 0x1518 <.L74>
    1506:	88 e5       	ldi	r24, 0x58	; 88
    1508:	90 e0       	ldi	r25, 0x00	; 0
    150a:	81 fc       	sbrc	r8, 1
    150c:	02 c0       	rjmp	.+4      	; 0x1512 <.L70>
    150e:	88 e7       	ldi	r24, 0x78	; 120
    1510:	90 e0       	ldi	r25, 0x00	; 0

00001512 <.L70>:
    1512:	b6 01       	movw	r22, r12

00001514 <.L129>:
    1514:	0e 94 ea 0a 	call	0x15d4	; 0x15d4 <fputc>

00001518 <.L74>:
    1518:	79 14       	cp	r7, r9
    151a:	e0 f1       	brcs	.+120    	; 0x1594 <.L75>
    151c:	5e 01       	movw	r10, r28
    151e:	8f ef       	ldi	r24, 0xFF	; 255
    1520:	a8 1a       	sub	r10, r24
    1522:	b8 0a       	sbc	r11, r24
    1524:	7a 94       	dec	r7
    1526:	82 e0       	ldi	r24, 0x02	; 2
    1528:	88 2e       	mov	r8, r24
    152a:	91 2c       	mov	r9, r1
    152c:	8c 0e       	add	r8, r28
    152e:	9d 1e       	adc	r9, r29
    1530:	87 0c       	add	r8, r7
    1532:	91 1c       	adc	r9, r1

00001534 <.L76>:
    1534:	f4 01       	movw	r30, r8
    1536:	82 91       	ld	r24, -Z
    1538:	4f 01       	movw	r8, r30
    153a:	b6 01       	movw	r22, r12
    153c:	90 e0       	ldi	r25, 0x00	; 0
    153e:	0e 94 ea 0a 	call	0x15d4	; 0x15d4 <fputc>
    1542:	8a 14       	cp	r8, r10
    1544:	9b 04       	cpc	r9, r11
    1546:	b1 f7       	brne	.-20     	; 0x1534 <.L76>
    1548:	11 cf       	rjmp	.-478    	; 0x136c <.L77>

0000154a <.L90>:
    154a:	b9 2c       	mov	r11, r9
    154c:	88 2e       	mov	r8, r24
    154e:	b5 cf       	rjmp	.-150    	; 0x14ba <.L56>

00001550 <.L57>:
    1550:	82 fc       	sbrc	r8, 2
    1552:	02 c0       	rjmp	.+4      	; 0x1558 <.L59>

00001554 <.L128>:
    1554:	b3 94       	inc	r11
    1556:	ba cf       	rjmp	.-140    	; 0x14cc <.L58>

00001558 <.L59>:
    1558:	b3 94       	inc	r11
    155a:	b3 94       	inc	r11
    155c:	b7 cf       	rjmp	.-146    	; 0x14cc <.L58>

0000155e <.L89>:
    155e:	b9 2c       	mov	r11, r9
    1560:	88 2e       	mov	r8, r24
    1562:	e5 ce       	rjmp	.-566    	; 0x132e <.L55>

00001564 <.L63>:
    1564:	b6 01       	movw	r22, r12
    1566:	80 e2       	ldi	r24, 0x20	; 32
    1568:	90 e0       	ldi	r25, 0x00	; 0
    156a:	0e 94 ea 0a 	call	0x15d4	; 0x15d4 <fputc>
    156e:	a3 94       	inc	r10

00001570 <.L61>:
    1570:	a6 14       	cp	r10, r6
    1572:	c0 f3       	brcs	.-16     	; 0x1564 <.L63>
    1574:	b5 cf       	rjmp	.-150    	; 0x14e0 <.L79>

00001576 <.L92>:
    1576:	ab 2c       	mov	r10, r11
    1578:	fb cf       	rjmp	.-10     	; 0x1570 <.L61>

0000157a <.L94>:
    157a:	61 2c       	mov	r6, r1
    157c:	bb cf       	rjmp	.-138    	; 0x14f4 <.L67>

0000157e <.L68>:
    157e:	88 2d       	mov	r24, r8
    1580:	86 78       	andi	r24, 0x86	; 134
    1582:	51 f2       	breq	.-108    	; 0x1518 <.L74>
    1584:	80 e2       	ldi	r24, 0x20	; 32
    1586:	81 fc       	sbrc	r8, 1
    1588:	8b e2       	ldi	r24, 0x2B	; 43
    158a:	87 fc       	sbrc	r8, 7
    158c:	8d e2       	ldi	r24, 0x2D	; 45
    158e:	b6 01       	movw	r22, r12
    1590:	90 e0       	ldi	r25, 0x00	; 0
    1592:	c0 cf       	rjmp	.-128    	; 0x1514 <.L129>

00001594 <.L75>:
    1594:	b6 01       	movw	r22, r12
    1596:	80 e3       	ldi	r24, 0x30	; 48
    1598:	90 e0       	ldi	r25, 0x00	; 0
    159a:	0e 94 ea 0a 	call	0x15d4	; 0x15d4 <fputc>
    159e:	9a 94       	dec	r9
    15a0:	bb cf       	rjmp	.-138    	; 0x1518 <.L74>

000015a2 <.L80>:
    15a2:	8f ef       	ldi	r24, 0xFF	; 255
    15a4:	9f ef       	ldi	r25, 0xFF	; 255
    15a6:	65 cf       	rjmp	.-310    	; 0x1472 <.L1>

000015a8 <strnlen_P>:
    15a8:	fc 01       	movw	r30, r24

000015aa <.L_strnlen_P_loop>:
    15aa:	05 90       	lpm	r0, Z+
    15ac:	61 50       	subi	r22, 0x01	; 1
    15ae:	70 40       	sbci	r23, 0x00	; 0
    15b0:	01 10       	cpse	r0, r1
    15b2:	d8 f7       	brcc	.-10     	; 0x15aa <.L_strnlen_P_loop>
    15b4:	80 95       	com	r24
    15b6:	90 95       	com	r25
    15b8:	8e 0f       	add	r24, r30
    15ba:	9f 1f       	adc	r25, r31
    15bc:	08 95       	ret

000015be <strnlen>:
    15be:	fc 01       	movw	r30, r24

000015c0 <.L_strnlen_loop>:
    15c0:	61 50       	subi	r22, 0x01	; 1
    15c2:	70 40       	sbci	r23, 0x00	; 0
    15c4:	01 90       	ld	r0, Z+
    15c6:	01 10       	cpse	r0, r1
    15c8:	d8 f7       	brcc	.-10     	; 0x15c0 <.L_strnlen_loop>
    15ca:	80 95       	com	r24
    15cc:	90 95       	com	r25
    15ce:	8e 0f       	add	r24, r30
    15d0:	9f 1f       	adc	r25, r31
    15d2:	08 95       	ret

000015d4 <fputc>:
    15d4:	0f 93       	push	r16
    15d6:	1f 93       	push	r17
    15d8:	cf 93       	push	r28
    15da:	df 93       	push	r29
    15dc:	18 2f       	mov	r17, r24
    15de:	09 2f       	mov	r16, r25
    15e0:	eb 01       	movw	r28, r22
    15e2:	8b 81       	ldd	r24, Y+3	; 0x03
    15e4:	81 fd       	sbrc	r24, 1
    15e6:	09 c0       	rjmp	.+18     	; 0x15fa <.L2>

000015e8 <.L7>:
    15e8:	0f ef       	ldi	r16, 0xFF	; 255
    15ea:	1f ef       	ldi	r17, 0xFF	; 255

000015ec <.L3>:
    15ec:	81 2f       	mov	r24, r17
    15ee:	90 2f       	mov	r25, r16
    15f0:	df 91       	pop	r29
    15f2:	cf 91       	pop	r28
    15f4:	1f 91       	pop	r17
    15f6:	0f 91       	pop	r16
    15f8:	08 95       	ret

000015fa <.L2>:
    15fa:	82 ff       	sbrs	r24, 2
    15fc:	14 c0       	rjmp	.+40     	; 0x1626 <.L4>
    15fe:	2e 81       	ldd	r18, Y+6	; 0x06
    1600:	3f 81       	ldd	r19, Y+7	; 0x07
    1602:	8c 81       	ldd	r24, Y+4	; 0x04
    1604:	9d 81       	ldd	r25, Y+5	; 0x05
    1606:	28 17       	cp	r18, r24
    1608:	39 07       	cpc	r19, r25
    160a:	3c f4       	brge	.+14     	; 0x161a <.L8>
    160c:	e8 81       	ld	r30, Y
    160e:	f9 81       	ldd	r31, Y+1	; 0x01
    1610:	cf 01       	movw	r24, r30
    1612:	01 96       	adiw	r24, 0x01	; 1
    1614:	88 83       	st	Y, r24
    1616:	99 83       	std	Y+1, r25	; 0x01
    1618:	10 83       	st	Z, r17

0000161a <.L8>:
    161a:	8e 81       	ldd	r24, Y+6	; 0x06
    161c:	9f 81       	ldd	r25, Y+7	; 0x07
    161e:	01 96       	adiw	r24, 0x01	; 1
    1620:	8e 83       	std	Y+6, r24	; 0x06
    1622:	9f 83       	std	Y+7, r25	; 0x07
    1624:	e3 cf       	rjmp	.-58     	; 0x15ec <.L3>

00001626 <.L4>:
    1626:	e8 85       	ldd	r30, Y+8	; 0x08
    1628:	f9 85       	ldd	r31, Y+9	; 0x09
    162a:	81 2f       	mov	r24, r17
    162c:	09 95       	icall
    162e:	89 2b       	or	r24, r25
    1630:	a1 f3       	breq	.-24     	; 0x161a <.L8>
    1632:	da cf       	rjmp	.-76     	; 0x15e8 <.L7>

00001634 <__ultoa_invert>:
    1634:	fa 01       	movw	r30, r20
    1636:	aa 27       	eor	r26, r26
    1638:	28 30       	cpi	r18, 0x08	; 8
    163a:	51 f1       	breq	.+84     	; 0x1690 <.L_oct>
    163c:	20 31       	cpi	r18, 0x10	; 16
    163e:	81 f1       	breq	.+96     	; 0x16a0 <.L_hex>
    1640:	e8 94       	clt

00001642 <.L_dec_loop>:
    1642:	6f 93       	push	r22
    1644:	6e 7f       	andi	r22, 0xFE	; 254
    1646:	6e 5f       	subi	r22, 0xFE	; 254
    1648:	7f 4f       	sbci	r23, 0xFF	; 255
    164a:	8f 4f       	sbci	r24, 0xFF	; 255
    164c:	9f 4f       	sbci	r25, 0xFF	; 255
    164e:	af 4f       	sbci	r26, 0xFF	; 255
    1650:	b1 e0       	ldi	r27, 0x01	; 1
    1652:	3e d0       	rcall	.+124    	; 0x16d0 <.L_div_add>
    1654:	b4 e0       	ldi	r27, 0x04	; 4
    1656:	3c d0       	rcall	.+120    	; 0x16d0 <.L_div_add>
    1658:	67 0f       	add	r22, r23
    165a:	78 1f       	adc	r23, r24
    165c:	89 1f       	adc	r24, r25
    165e:	9a 1f       	adc	r25, r26
    1660:	a1 1d       	adc	r26, r1
    1662:	68 0f       	add	r22, r24
    1664:	79 1f       	adc	r23, r25
    1666:	8a 1f       	adc	r24, r26
    1668:	91 1d       	adc	r25, r1
    166a:	a1 1d       	adc	r26, r1
    166c:	6a 0f       	add	r22, r26
    166e:	71 1d       	adc	r23, r1
    1670:	81 1d       	adc	r24, r1
    1672:	91 1d       	adc	r25, r1
    1674:	a1 1d       	adc	r26, r1
    1676:	20 d0       	rcall	.+64     	; 0x16b8 <.L_lsr_4>
    1678:	09 f4       	brne	.+2      	; 0x167c <.L1^B1>
    167a:	68 94       	set

0000167c <.L1^B1>:
    167c:	3f 91       	pop	r19
    167e:	2a e0       	ldi	r18, 0x0A	; 10
    1680:	26 9f       	mul	r18, r22
    1682:	11 24       	eor	r1, r1
    1684:	30 19       	sub	r19, r0
    1686:	30 5d       	subi	r19, 0xD0	; 208
    1688:	31 93       	st	Z+, r19
    168a:	de f6       	brtc	.-74     	; 0x1642 <.L_dec_loop>

0000168c <.L_eos>:
    168c:	cf 01       	movw	r24, r30
    168e:	08 95       	ret

00001690 <.L_oct>:
    1690:	46 2f       	mov	r20, r22
    1692:	47 70       	andi	r20, 0x07	; 7
    1694:	40 5d       	subi	r20, 0xD0	; 208
    1696:	41 93       	st	Z+, r20
    1698:	b3 e0       	ldi	r27, 0x03	; 3
    169a:	0f d0       	rcall	.+30     	; 0x16ba <.L_lsr>
    169c:	c9 f7       	brne	.-14     	; 0x1690 <.L_oct>
    169e:	f6 cf       	rjmp	.-20     	; 0x168c <.L_eos>

000016a0 <.L_hex>:
    16a0:	46 2f       	mov	r20, r22
    16a2:	4f 70       	andi	r20, 0x0F	; 15
    16a4:	40 5d       	subi	r20, 0xD0	; 208
    16a6:	4a 33       	cpi	r20, 0x3A	; 58
    16a8:	18 f0       	brcs	.+6      	; 0x16b0 <.L3^B1>
    16aa:	49 5d       	subi	r20, 0xD9	; 217
    16ac:	31 fd       	sbrc	r19, 1
    16ae:	40 52       	subi	r20, 0x20	; 32

000016b0 <.L3^B1>:
    16b0:	41 93       	st	Z+, r20
    16b2:	02 d0       	rcall	.+4      	; 0x16b8 <.L_lsr_4>
    16b4:	a9 f7       	brne	.-22     	; 0x16a0 <.L_hex>
    16b6:	ea cf       	rjmp	.-44     	; 0x168c <.L_eos>

000016b8 <.L_lsr_4>:
    16b8:	b4 e0       	ldi	r27, 0x04	; 4

000016ba <.L_lsr>:
    16ba:	a6 95       	lsr	r26
    16bc:	97 95       	ror	r25
    16be:	87 95       	ror	r24
    16c0:	77 95       	ror	r23
    16c2:	67 95       	ror	r22
    16c4:	ba 95       	dec	r27
    16c6:	c9 f7       	brne	.-14     	; 0x16ba <.L_lsr>
    16c8:	00 97       	sbiw	r24, 0x00	; 0
    16ca:	61 05       	cpc	r22, r1
    16cc:	71 05       	cpc	r23, r1
    16ce:	08 95       	ret

000016d0 <.L_div_add>:
    16d0:	9b 01       	movw	r18, r22
    16d2:	ac 01       	movw	r20, r24
    16d4:	0a 2e       	mov	r0, r26

000016d6 <.L7^B1>:
    16d6:	06 94       	lsr	r0
    16d8:	57 95       	ror	r21
    16da:	47 95       	ror	r20
    16dc:	37 95       	ror	r19
    16de:	27 95       	ror	r18
    16e0:	ba 95       	dec	r27
    16e2:	c9 f7       	brne	.-14     	; 0x16d6 <.L7^B1>
    16e4:	62 0f       	add	r22, r18
    16e6:	73 1f       	adc	r23, r19
    16e8:	84 1f       	adc	r24, r20
    16ea:	95 1f       	adc	r25, r21
    16ec:	a0 1d       	adc	r26, r0
    16ee:	08 95       	ret

000016f0 <__negsi2>:
    16f0:	90 95       	com	r25
    16f2:	80 95       	com	r24
    16f4:	70 95       	com	r23
    16f6:	61 95       	neg	r22
    16f8:	7f 4f       	sbci	r23, 0xFF	; 255
    16fa:	8f 4f       	sbci	r24, 0xFF	; 255
    16fc:	9f 4f       	sbci	r25, 0xFF	; 255

000016fe <.Loc.1>:
    16fe:	08 95       	ret

00001700 <__prologue_saves__>:
    1700:	2f 92       	push	r2

00001702 <.Loc.1>:
    1702:	3f 92       	push	r3

00001704 <.Loc.2>:
    1704:	4f 92       	push	r4

00001706 <.Loc.3>:
    1706:	5f 92       	push	r5

00001708 <.Loc.4>:
    1708:	6f 92       	push	r6

0000170a <.Loc.5>:
    170a:	7f 92       	push	r7

0000170c <.Loc.6>:
    170c:	8f 92       	push	r8

0000170e <.Loc.7>:
    170e:	9f 92       	push	r9

00001710 <.Loc.8>:
    1710:	af 92       	push	r10

00001712 <.Loc.9>:
    1712:	bf 92       	push	r11

00001714 <.Loc.10>:
    1714:	cf 92       	push	r12

00001716 <.Loc.11>:
    1716:	df 92       	push	r13

00001718 <.Loc.12>:
    1718:	ef 92       	push	r14

0000171a <.Loc.13>:
    171a:	ff 92       	push	r15

0000171c <.Loc.14>:
    171c:	0f 93       	push	r16

0000171e <.Loc.15>:
    171e:	1f 93       	push	r17

00001720 <.Loc.16>:
    1720:	cf 93       	push	r28

00001722 <.Loc.17>:
    1722:	df 93       	push	r29

00001724 <.Loc.18>:
    1724:	cd b7       	in	r28, 0x3d	; 61

00001726 <.Loc.19>:
    1726:	de b7       	in	r29, 0x3e	; 62

00001728 <.Loc.20>:
    1728:	ca 1b       	sub	r28, r26

0000172a <.Loc.21>:
    172a:	db 0b       	sbc	r29, r27

0000172c <.Loc.22>:
    172c:	0f b6       	in	r0, 0x3f	; 63

0000172e <.Loc.23>:
    172e:	f8 94       	cli

00001730 <.Loc.24>:
    1730:	de bf       	out	0x3e, r29	; 62

00001732 <.Loc.25>:
    1732:	0f be       	out	0x3f, r0	; 63

00001734 <.Loc.26>:
    1734:	cd bf       	out	0x3d, r28	; 61

00001736 <.Loc.27>:
    1736:	09 94       	ijmp

00001738 <__epilogue_restores__>:
    1738:	2a 88       	ldd	r2, Y+18	; 0x12

0000173a <.Loc.1>:
    173a:	39 88       	ldd	r3, Y+17	; 0x11

0000173c <.Loc.2>:
    173c:	48 88       	ldd	r4, Y+16	; 0x10

0000173e <.Loc.3>:
    173e:	5f 84       	ldd	r5, Y+15	; 0x0f

00001740 <.Loc.4>:
    1740:	6e 84       	ldd	r6, Y+14	; 0x0e

00001742 <.Loc.5>:
    1742:	7d 84       	ldd	r7, Y+13	; 0x0d

00001744 <.Loc.6>:
    1744:	8c 84       	ldd	r8, Y+12	; 0x0c

00001746 <.Loc.7>:
    1746:	9b 84       	ldd	r9, Y+11	; 0x0b

00001748 <.Loc.8>:
    1748:	aa 84       	ldd	r10, Y+10	; 0x0a

0000174a <.Loc.9>:
    174a:	b9 84       	ldd	r11, Y+9	; 0x09

0000174c <.Loc.10>:
    174c:	c8 84       	ldd	r12, Y+8	; 0x08

0000174e <.Loc.11>:
    174e:	df 80       	ldd	r13, Y+7	; 0x07

00001750 <.Loc.12>:
    1750:	ee 80       	ldd	r14, Y+6	; 0x06

00001752 <.Loc.13>:
    1752:	fd 80       	ldd	r15, Y+5	; 0x05

00001754 <.Loc.14>:
    1754:	0c 81       	ldd	r16, Y+4	; 0x04

00001756 <.Loc.15>:
    1756:	1b 81       	ldd	r17, Y+3	; 0x03

00001758 <.Loc.16>:
    1758:	aa 81       	ldd	r26, Y+2	; 0x02

0000175a <.Loc.17>:
    175a:	b9 81       	ldd	r27, Y+1	; 0x01

0000175c <.Loc.18>:
    175c:	ce 0f       	add	r28, r30

0000175e <.Loc.19>:
    175e:	d1 1d       	adc	r29, r1

00001760 <.Loc.20>:
    1760:	0f b6       	in	r0, 0x3f	; 63

00001762 <.Loc.21>:
    1762:	f8 94       	cli

00001764 <.Loc.22>:
    1764:	de bf       	out	0x3e, r29	; 62

00001766 <.Loc.23>:
    1766:	0f be       	out	0x3f, r0	; 63

00001768 <.Loc.24>:
    1768:	cd bf       	out	0x3d, r28	; 61

0000176a <.Loc.25>:
    176a:	ed 01       	movw	r28, r26

0000176c <.Loc.26>:
    176c:	08 95       	ret

0000176e <_exit>:
    176e:	f8 94       	cli

00001770 <__stop_program>:
    1770:	ff cf       	rjmp	.-2      	; 0x1770 <__stop_program>

00001772 <L0^A>:
    1772:	31 07       	cpc	r19, r17
    1774:	26 07       	cpc	r18, r22
    1776:	f5 06       	cpc	r15, r21
    1778:	25 07       	cpc	r18, r21
    177a:	f4 06       	cpc	r15, r20
    177c:	33 07       	cpc	r19, r19
    177e:	f3 06       	cpc	r15, r19
